posting_id,source,job_title,task_index,responsibilities_text,full_posting_text,gold_task_statement,evidence_span,annotator,adjudication_status,notes
80f6da7f0eec5c160699,nyc_jobs,Executive Director,1,(no responsibilities heading detected by rules - read full_posting_text),"Executive Director

The Agency The Landmarks Preservation Commission (LPC) is the largest municipal preservation agency in the nation. It is responsible for protecting New York City's architecturally, historically, and culturally significant buildings and sites by granting them landmark or historic district status and regulating them after designation. The agency is comprised of a panel of 11 commissioners who are appointed by the Mayor, and supported by a staff of approximately 80 preservationists, researchers, architects, historians, attorneys, archaeologists, and administrative employees. There are more than 38,500 designated buildings and sites in New York City, most of which are located in 159 historic districts across all five boroughs. Working at the Landmarks Preservation Commission provides a unique opportunity to develop professionally, engage with some of New York City’s most significant historic resources, serve the public, and help advance LPC’s mission to preserve and protect the city’s architectural, historical, and cultural heritage. The Team The Executive Director oversees the day-to-day administration of the agency, works closely with the Chair to set and carry out agency priorities, and oversees the agency’s regulatory, designation, strategic planning, and public affairs activities. Your Impact The Executive Director will have oversight of LPC’s $8.1 million budget and 80 employees and will develop and implement strategies to improve the agency’s performance. Working closely with the Chair, the Executive Director will develop agency-wide strategic plans, develop and advance policies, initiate and coordinate special projects, typically multi-department or multi-agency in nature. With the Chair, the Executive Director will oversee the work of the preservation, research, technology, external affairs, and administration departments. The Executive Director will ¿ Oversee agency operations, budget management, and human resources in coordination with the Chair and senior leadership team. ¿ Working with senior staff, plan and execute strategic initiatives to advance the agency’s mission and key priorities related to landmark designation and the agency’s regulatory work. Serve as a liaison to the Deputy Mayor of Housing and Planning's Office, work with city agencies on interagency initiatives, and engage with elected officials and the preservation and community stakeholders. ¿ Working with the public affairs team, oversee the agency's outreach, programming, and stakeholder communications. ¿ Represent the Commission at various public hearings, community board meetings, and professional forums. Minimum Qualification Requirements 1. A Master’s Degree in historic preservation, urban planning, architecture, public administration, or a related field, and five years of full-time experience working in the field of historic preservation, non-profit or government management, or a similar field; or 2. A Bachelor's Degree with specialization in one of the fields listed above, and ten years of full-time related experience; or 3. Education and/or experience equivalent to 1 & 2 above. Preferred Skills The ideal candidate would have: ¿ Demonstrated experience managing a large, complex organization or government agency. ¿ Proven track record of building and leading high-performing, diverse teams. ¿ A minimum of 8–10 years of progressively responsible experience in historic preservation, urban planning, public administration, or a related field. ¿ Deep knowledge in the field of historic preservation, and ideally, LPC’s policies and practices specifically. ¿ Experience working in government and an interest in working across multiple agencies and disciplines, and knowledge of New York City’s government and stakeholder community. ¿ Very strong written and oral communication skills, including experience with public presentations. ¿ Knowledge of New York City’s architecture, history, and development. How to Apply Please submit resume and cover letter to: JobsNYC at https://cityjobs.nyc.gov/ Please Note • The Landmarks Preservation Commission will only respond to qualified candidates. While we appreciate every applicant's interest, only those under consideration will be contacted. • If you were educated in a foreign school, you must be able to submit an evaluation of your foreign education from an approved organization. • Final appointment is subject to approval by the Office of Management and Budget. The City of New York is an inclusive equal opportunity employer committed to recruiting and retaining a diverse workforce and providing a work environment that is free from discrimination and harassment based upon any legally protected status or protected characteristic, including but not limited to an individual's sex, race, color, ethnicity, national origin, age, religion, disability, sexual orientation, veteran status, gender identity, or pregnancy. LPC employees can expect to work as part of a highly engaged, passionate, and inclusive workforce where everyone’s contributions are valued, respected, and make an impact on one of the best and most diverse cities in the world!

Minimum Qualification Requirements 1. A Master’s Degree in historic preservation, urban planning, architecture, public administration, or a related field, and five years of full-time experience working in the field of historic preservation, non-profit or government management, or a similar field; or 2. A Bachelor's Degree with specialization in one of the fields listed above, and ten years of full-time related experience; or 3. Education and/or experience equivalent to 1 & 2 above.",,,,not_started,
4c7cd47d220c0129298d,nyc_jobs,Circular Economy Program Manager,1,"• Manage ongoing energy projects by coordinating with DEP operating bureaus, other City agencies, and contractors; overseeing design reviews, site visits, and approval processes; and supporting senior leadership with technical and operational input for decision-making. • Translate project concepts from ideation to execution by developing partnership models, contractual terms, and revenue-sharing arrangements, and by coordinating with stakeholders to ensure timely deployment. Track and report on project progress internally and with stakeholder bureaus. • Support and advise the Bureau throughout procurement, design, and policy-setting to influence decision-making processes toward energy and resource efficiency. Share energy and resource recovery best practices. Identify employee candidates for energy and resource recovery training. • Identify energy conservation opportunities and potential energy efficiency projects associated with wastewater conveyance, treatment processes, building systems, and other equipment. Contribute to project scopes of work and cost estimates. Support measurement and verification efforts. • Provide project management assistance, including developing and maintaining project plans and other documents, managing and coordinating project elements, reviewing milestones, and ensuring efficient progress on implementation through consistent monitoring of progress of initiatives and commitments. • Track and provide energy and resource recovery data needed for decision making, reporting and compliance purposes. Prepare, edit, proofread, and present high-quality reports, presentations, articles, meetings, correspondence, documents, reports and other energy and resource recovery communication materials and datasets.","Circular Economy Program Manager

The NYC Department of Environmental Protection (DEP) enriches the environment and protects public health for all New Yorkers by providing 1.1 billion gallons of high-quality drinking water, managing wastewater and stormwater, and reducing air, noise, and hazardous materials pollution. DEP is the largest combined municipal water and wastewater utility in the country, with nearly 6,000 employees. DEP's water supply system is comprised of 19 reservoirs and 3 controlled lakes throughout the system’s 2,000 square mile watershed that extends 125 miles north and west of the City. The Office of Energy and Resource Recovery Programs (Energy Office) is charged with plotting the course for DEP to meet its energy and carbon neutrality goals, as well as maximizing resource recovery. The Energy Office also provides energy and performance tracking, program assessment, scientific research, emergency planning and internal auditing services to DEP's operating bureaus. The Circular Economy Program Manager will provide technical and project management support to facility staff on Energy Office initiatives, including but not limited to: Biogas-to-Grid, Co-digestion, biogas beneficial use, and sewer and effluent heat recovery. The role will also focus on developing a pipeline of projects aimed at maximizing resource recovery and advancing the principles of a circular economy. Specific responsibilities will include: • Manage ongoing energy projects by coordinating with DEP operating bureaus, other City agencies, and contractors; overseeing design reviews, site visits, and approval processes; and supporting senior leadership with technical and operational input for decision-making. • Translate project concepts from ideation to execution by developing partnership models, contractual terms, and revenue-sharing arrangements, and by coordinating with stakeholders to ensure timely deployment. Track and report on project progress internally and with stakeholder bureaus. • Support and advise the Bureau throughout procurement, design, and policy-setting to influence decision-making processes toward energy and resource efficiency. Share energy and resource recovery best practices. Identify employee candidates for energy and resource recovery training. • Identify energy conservation opportunities and potential energy efficiency projects associated with wastewater conveyance, treatment processes, building systems, and other equipment. Contribute to project scopes of work and cost estimates. Support measurement and verification efforts. • Provide project management assistance, including developing and maintaining project plans and other documents, managing and coordinating project elements, reviewing milestones, and ensuring efficient progress on implementation through consistent monitoring of progress of initiatives and commitments. • Track and provide energy and resource recovery data needed for decision making, reporting and compliance purposes. Prepare, edit, proofread, and present high-quality reports, presentations, articles, meetings, correspondence, documents, reports and other energy and resource recovery communication materials and datasets.

1) A baccalaureate degree from an accredited college or university in architecture or architectural technology; biology; building science; chemistry; construction management; energy management; engineering or engineering technology; environmental science; facilities management; physics; or a related field, and four (4) years of satisfactory, full-time experience in energy generation or conservation work such as planning, developing, implementing, inspecting, analyzing, testing, and verifying interventions at facilities to generate clean energy or reduce energy usage, one (1) year of which must have been in an administrative, managerial, or executive capacity; or 2) An associate degree or sixty (60) semester credits in any of the disciplines described in “1” above from an accredited college or university, and six (6) years of satisfactory full-time experience as described in “1” above including one (1) year in an administrative, managerial, or executive capacity; or 3) A four (4) year high school diploma or its educational equivalent and eight (8) years of experience as described in “1” above, including one (1) year in an administrative, managerial, or executive capacity. 4) Education and experience which is equivalent to ""1,"" ""2,"" or ""3"" above. However, all candidates must have one (1) year of experience in an administrative, managerial, or executive capacity as described in “1” above. Education and experience will be credited as follows: a) One (1) year of experience, up to a maximum of four (4) years, will be credited for each year of experience in one or more of the following: i) Journey-level experience in one or more of the skilled building trades; or ii) Full-time experience in the construction, repair, alteration, and/or rehabilitation of buildings in the capacity of general contractor, superintendent of construction, procurement specialist, or, evaluator responsible for cost estimation; or iii) Full-time building construction management experience; or iv) Full-time experience in construction field supervision or inspection. b) Education will be credited as follows: i) One (1) year of experience will be credited for every 30 semester credits leading to a baccalaureate degree or associate degree in any of the disciplines described in “1” above, or a related field, up to a maximum of four (4) years. ii) A master’s degree in any of the disciplines described in “1” above, or a related field, will be credited for one (1) year of acceptable experience. iii) A license as a Professional Engineer or Registered Architect issued pursuant to the New York State Education Law will be credited for four (4) years of acceptable experience.

• Strong written and oral communication skills; • Advanced proficiency utilizing Microsoft Excel; • Energy analysis and project management skills; • Organized with ability to handle multiple priorities; • Excellent interpersonal and team skills; • Proficiency with Microsoft Word, Access, PowerPoint; VBA, SQL, R, and other programming languages.",,,,not_started,
80fd4a82c581d7be2fd6,nyc_jobs,Appraiser Intern,1,"• Research of information pertinent to overall market conditions for all property types; • Research and validation of information pertaining to specific subject and comparable properties; • Maintaining records of factual and statistical information; • Assist in the collation of the appraisal workfile; • Preparation of appraisal reports; • Maintenance and audits of electronic files; • Conferring with architects, surveyors, real estate appraisers, real estate brokers, property owners, managers, mortgage analysts, banks, engineers, builders, attorneys, local preservation units, government agencies and other relevant parties. May interview commercial property tenants and landlords. In addition to the Property Valuations unit responsibilities, the College Aide may be directed on a limited but on-demand basis to support other Financial Services units by performing tasks such as, but not limited to, the following items: • Assist the Revenue & Financial Analysis unit in abstracting lease data; • Assist the Lease Audit unit in validation of audit sample data • Assist the Lease Administration unit prepare annual budget schedules To Apply: Please go to www.nyc.gov/jobs, or www.nyc.gov/ess for current NYC employees, and search for Job ID # 798182. No phone calls, faxes or personal inquiries permitted. Only those candidates under consideration will be contacted.","Appraiser Intern

DCAS's mission is to make city government work for all New Yorkers. From managing New York City's most iconic courthouses and municipal buildings, to purchasing over $1 billion annually in goods and services for more than 80 City agencies. What we do ensures that all agencies can deliver on their mission. Our reach touches every facet of City government and is instrumental to the successful day-to-day operations of the City of New York. Our commitment to equity, effectiveness, and sustainability guides our work providing City agencies with the critical resources and support needed to succeed, including: • Recruiting, hiring, and training City employees. • Managing 56 public buildings. • Acquiring, selling, and leasing City property. • Purchasing over $1 billion in goods and services for City agencies. • Overseeing the greenest municipal vehicle fleet in the country. • Leading the City's efforts to reduce carbon emissions from government operations. When you work at DCAS, you're not just working for one agency, but in service to all of them. It's an opportunity to provide meaningful support, quality customer service, and help protect the future of New York City for generations to come. Visit our website at NYC.GOV/DCAS to learn more about the work we do. DCAS Real Estate Services is the real estate arm of the City of New York. They are responsible for the acquisition, disposition and reallocation of the City's real property. DCAS oversees the City's commercial rental and surplus real estate portfolio, and in addition, negotiates and administers City leases of private property for City agency use. This includes overseeing the design and build-out of leased office space, as well as the strategic management of the City's office portfolio, which includes both leased and owned offices. Under general supervision, the College Aide will: • conduct research activities, special studies, writing assignments of more than ordinary difficulty, and performance of related work. • Research activities will involve the collection of data, both current and historic, related to real estate markets in general and property specific. • Information will be obtained through the examination of records and publications and/or personal interviews. Job responsibilities include, but are not limited to: • Research of information pertinent to overall market conditions for all property types; • Research and validation of information pertaining to specific subject and comparable properties; • Maintaining records of factual and statistical information; • Assist in the collation of the appraisal workfile; • Preparation of appraisal reports; • Maintenance and audits of electronic files; • Conferring with architects, surveyors, real estate appraisers, real estate brokers, property owners, managers, mortgage analysts, banks, engineers, builders, attorneys, local preservation units, government agencies and other relevant parties. May interview commercial property tenants and landlords. In addition to the Property Valuations unit responsibilities, the College Aide may be directed on a limited but on-demand basis to support other Financial Services units by performing tasks such as, but not limited to, the following items: • Assist the Revenue & Financial Analysis unit in abstracting lease data; • Assist the Lease Audit unit in validation of audit sample data • Assist the Lease Administration unit prepare annual budget schedules To Apply: Please go to www.nyc.gov/jobs, or www.nyc.gov/ess for current NYC employees, and search for Job ID # 798182. No phone calls, faxes or personal inquiries permitted. Only those candidates under consideration will be contacted.

For Assignment Level I: Matriculation at an accredited college or graduate school. Employment is conditioned upon continuance as a student in a college or graduate school. For Assignment Level II (Information Technology): Matriculation at an accredited college or graduate school. Employment is conditioned upon continuance as a student in a college or graduate school with a specific course of study in information technology, computer science, management information systems, data processing, or closely related field, including or supplemented by 9 semester credits in an acceptable course of study. For Assignment Level III (Information Technology Fellow): Matriculation at an accredited college or graduate school. Employment is conditioned upon continuance as a student in a college or graduate school with a specific course of study in information technology, computer science, management information systems, data processing, or other area relevant to the information technology project(s) assigned, including or supplemented by 9 semester credits in an acceptable course of study. Appointments to this Assignment Level will be made by the Technology Steering Committee through the Department of Information Technology and Telecommunications. SPECIAL NOTE Maximum tenure for all Assignment Levels in the title of College Aide is 6 years. No student shall be employed more than half-time in any week in which classes in which the student is enrolled are in session. Students may be employed full-time during their vacation periods.",,,,not_started,
615ca0f86df809abe767,arbeitnow,VP - Head of Toronto,1,"1.Research Leadership
Lead research on software & technology companies
and market segments
Build, grow and coach
a team of 3–4 analysts and associates, fast growing up to 10, dedicated to research
Collaborate with a team of ~10 highly experienced ex-Tier 1 management consultants at Paris HQ, contributing to the research
Deliver high-quality, valuable deliverables
that support decision-making on multi-million euro investments
Communicate directly with very high-profile customers
, including fund managing partners, billionaire entrepreneurs, and family office managers
2.Market Opener
Lead the opening of the Munich office
Lead recruitment locally and embed Dedale's culture
Support the strategic development of the company hand in hand with the founders and leadership team, to build a sustainable and unique differentiation in the market
3.Account Management
Own client relationships
in the Toronto market
Build trusted, high-level rapport with PE Partners, M&A Directors, and C-suite leaders
, adding value through market intelligence fluency in live conversations and in-person meetings
Drive expansion
through a solution-focused approach, identifying cross-sell and upsell opportunities across the account lifecycle
Design and execute account-level growth strategies
Act as the voice of the customer internally,
working cross-functionally to ensure product updates and features align with the sophisticated needs of our client base","VP - Head of Toronto

About Dedale:
Dedale is the
differentiating source of strategic intelligence
in the
technology space.
With a unique team of over 100 full-time research analysts & planners, Dedale leverages a network of over 10,000 market professionals to deliver on-the-ground strategic intelligence to investors and corporates, with a core focus around North America and Europe.
Our team gathers
top talents with diverse and international backgrounds
. Our Research & Investment team has the strongest expertise in the ecosystem on B2B Software due diligence, and we are surrounded by a network of mentors including high-profile tech founders and investors.
Our Culture:
Dedale gathers a group of highly talented international individuals (incl. US, Chinese, Filipino, French, Moroccan, Latvian, Lebanese nationalities among others).
The leadership team is composed of experienced investment professionals & management consultants (ex-McKinsey, BCG Project Leaders & managers).
Our advisory board is extremely high profile, including some of the most successful investors worldwide (incl. Managing Partners of the largest PE and Growth Equity funds, and Tech unicorn entrepreneurs).
We seek to develop a dream team of outstanding investment analysts with strong academic and professional achievements and a passion for investing and technology.
Your Opportunity
:
This role offers the opportunity to lead Dedale Intelligence's expansion into North America, opening our Toronto presence from the ground up. You will establish and build the local team, set up our Toronto subsidiary, and nurture the commercial activity in the Toronto and North America market. Working hand in hand with our New York office and headquarters in Paris, you will shape how Dedale grows in one of North America most important markets.
Your Role:
1.Research Leadership
Lead research on software & technology companies
and market segments
Build, grow and coach
a team of 3–4 analysts and associates, fast growing up to 10, dedicated to research
Collaborate with a team of ~10 highly experienced ex-Tier 1 management consultants at Paris HQ, contributing to the research
Deliver high-quality, valuable deliverables
that support decision-making on multi-million euro investments
Communicate directly with very high-profile customers
, including fund managing partners, billionaire entrepreneurs, and family office managers
2.Market Opener
Lead the opening of the Munich office
Lead recruitment locally and embed Dedale's culture
Support the strategic development of the company hand in hand with the founders and leadership team, to build a sustainable and unique differentiation in the market
3.Account Management
Own client relationships
in the Toronto market
Build trusted, high-level rapport with PE Partners, M&A Directors, and C-suite leaders
, adding value through market intelligence fluency in live conversations and in-person meetings
Drive expansion
through a solution-focused approach, identifying cross-sell and upsell opportunities across the account lifecycle
Design and execute account-level growth strategies
Act as the voice of the customer internally,
working cross-functionally to ensure product updates and features align with the sophisticated needs of our client base
Your Profile:
Strong track record of operational leadership and delivering measurable results in Germany
5–7+ years of experience in top-tier management consulting
Entrepreneurial mindset
with hands-on experience leading business growth or market expansion
Smart and strategic
, but a real operator — comfortable getting things done without a safety net
Clear, confident communicator
with strong leadership and stakeholder management skills
Solid understanding of business strategy, digital transformation, and the B2B software landscape
Comfortable working independently in fast-moving environments,
with a genuine sense of urgency
Proven experience building and developing high-performing teams from the ground up
Able to deliver impact quickly
Fluent in German and English — essential for client-facing work in the DACH market
Cherry on the Cake:
You like collaborating as a team and delivering your best as an individual
You are passionate about technology, innovation, and investment
Recruitment Process:
Introductory call with our Head of HR
Pre-case with our COO & MD
1 Case Study with our VP
Final on-site interview with Managing Director, CEO, and coffee chat with the team
Find
Jobs in Germany
on Arbeitnow",,,,not_started,
e2b9292f713a5f914995,arbeitnow,CEO / Business Co-Founder (f/m/d) role at startup FAMILY FLOW,1,"The concept is built on more than 20 years of clinical and scientific work on child maltreatment led by Prof. Dr. med. Eva Möhler, Chair of Child and Adolescent Psychiatry at Saarland University, alongside DFKI researchers Patrick Gebhard and Jan Alexandersson. The idea and clinical content are finalized — what's missing is the team and funding to build and launch the app. We are looking for a CEO / Business co-founder (fundraising, tech and operations) to turn a validated clinical concept into a real product.

Company build-up & fundraising

- Lead incorporation of Family Flow and raise the funding needed for app development (German, French and English versions).

- Own the path to the German DiGA directory (digital health app reimbursement) and the parallel free-market / B2C launch.

Product & delivery

- Translate the finalized clinical concept and psychotherapeutic material into a software roadmap, in partnership with a tech/development team or subcontractor (e.g. potential partnerships with Pioneo, Pfeffermind or Charamel).

- Own day-to-day operations, as the current interdisciplinary team (DFKI + Child and Adolescent Psychiatry) is part-time only.

Go-to-market

- Build the launch plan for Germany and France, then wider Europe, including social-media-led B2C acquisition alongside the DiGA pathway.","CEO / Business Co-Founder (f/m/d) role at startup FAMILY FLOW

FAMILY FLOW

Saarbrücken / Homburg, Saarland, Germany | Remote | Fulltime | Digital Health (DiGA)

About Family Flow

Family Flow is a scientifically grounded, trauma-sensitive parenting app that helps parents with their own history of adverse childhood experiences (ACEs) manage the moment between a trigger and their reaction to their child — building a personalized 'Flow Plan' (trigger → warning signs → pause → skill → parenting strategy) instead of another generic parenting app.

The opportunity

The concept is built on more than 20 years of clinical and scientific work on child maltreatment led by Prof. Dr. med. Eva Möhler, Chair of Child and Adolescent Psychiatry at Saarland University, alongside DFKI researchers Patrick Gebhard and Jan Alexandersson. The idea and clinical content are finalized — what's missing is the team and funding to build and launch the app. We are looking for a CEO / Business co-founder (fundraising, tech and operations) to turn a validated clinical concept into a real product.

Tasks

What you will own

Company build-up & fundraising

- Lead incorporation of Family Flow and raise the funding needed for app development (German, French and English versions).

- Own the path to the German DiGA directory (digital health app reimbursement) and the parallel free-market / B2C launch.

Product & delivery

- Translate the finalized clinical concept and psychotherapeutic material into a software roadmap, in partnership with a tech/development team or subcontractor (e.g. potential partnerships with Pioneo, Pfeffermind or Charamel).

- Own day-to-day operations, as the current interdisciplinary team (DFKI + Child and Adolescent Psychiatry) is part-time only.

Go-to-market

- Build the launch plan for Germany and France, then wider Europe, including social-media-led B2C acquisition alongside the DiGA pathway.

Requirements

What you bring

Core experience

- Fundraising experience (grants and/or investors) and comfort building a company from an academic/clinical concept.

- Hands-on operations and project management skills; willingness to work full-time (the current founding team is part-time).

Especially valuable

- Experience with the digital health / DiGA regulatory pathway in Germany.

- Software/product background, or strong ability to manage external development partners.

- Interest in child psychiatry, trauma-informed care or parenting technology.

Benefits

Why join Family Flow

- A clinically validated concept backed by 20+ years of research and a published evidence base, not an unproven idea.

- Direct partnership with a University Professor and Chair of Child and Adolescent Psychiatry at Saarland University.

- Address a problem estimated to cost society €20 billion in Germany alone (Deutsche Traumafolgekostenstudie), with a clear DiGA reimbursement path.

Family Flow welcomes co-founder candidates regardless of gender, age, ethnic origin, religion or belief, disability, sexual identity, or any other characteristic. This is a search for the right partner to build the company with, not a conventional hire.

Find more
English Speaking Jobs in Germany
on Arbeitnow",,,,not_started,
798de891e649970c4db8,arbeitnow,Principal AI Engineer (m/f/x) - Industrial AI Engineering,1,"In every industrial company there is a problem the engineers have stopped raising, because everyone agrees it cannot be solved. A design that takes three days to validate. A variant that has to be quoted before anyone has drawn it. Forty years of engineering knowledge sitting in files nobody can search. Those problems are our work, and this is the role that takes them on: the technical lead for AI across design, simulation and manufacturing, trusted by clients with the question nobody has answered yet.
Your tasks will include:
Setting the technical direction for our industrial AI portfolio across design, simulation and manufacturing, and deciding which approach a problem actually deserves
Taking engineering problems that arrive badly defined and turning them into something that can be solved
Carrying the specialist authority in client projects, making the calls that decide whether a prototype becomes a system people rely on
Shaping new engagements with engineering and R&D leaders, from the first workshop to the signed proposal
Leaving behind reference architectures, evaluation methods and accelerators that the whole practice can build on
Growing the depth of the engineers around you through coaching, standards and hands-on reviews","Principal AI Engineer (m/f/x) - Industrial AI Engineering

About us
The appliedAI Initiative elevates Europe’s industry to become shapers in the age of AI, creating a future that we desire to live in. Through our ecosystem of strong partners, comprehensive programs, services and solutions we advance companies holistically on their AI journey. With our uniquely diverse, interdisciplinary, and driven team, we build on deep technical expertise while specializing on applicability of the solutions. We share a mindset of collaboration and openness with our ecosystem of leading companies and tech players. Our common goal is to strengthen the European landscape, jointly creating unique knowledge for applying trustworthy AI. We believe that AI Agents will be the dominant topic for AI in the near future and that appliedAI with its partner ecosystem will impact how this technology is being used in industry and beyond in Europe.
Your mission
In every industrial company there is a problem the engineers have stopped raising, because everyone agrees it cannot be solved. A design that takes three days to validate. A variant that has to be quoted before anyone has drawn it. Forty years of engineering knowledge sitting in files nobody can search. Those problems are our work, and this is the role that takes them on: the technical lead for AI across design, simulation and manufacturing, trusted by clients with the question nobody has answered yet.
Your tasks will include:
Setting the technical direction for our industrial AI portfolio across design, simulation and manufacturing, and deciding which approach a problem actually deserves
Taking engineering problems that arrive badly defined and turning them into something that can be solved
Carrying the specialist authority in client projects, making the calls that decide whether a prototype becomes a system people rely on
Shaping new engagements with engineering and R&D leaders, from the first workshop to the signed proposal
Leaving behind reference architectures, evaluation methods and accelerators that the whole practice can build on
Growing the depth of the engineers around you through coaching, standards and hands-on reviews
Your profile
Ten years or more in computational engineering across design, simulation and manufacturing, earned through a doctorate in a computational field, or through an equal weight of industrial work
You know how the chain holds together: how geometry and constraints are set, how a design is validated numerically, how it becomes something a factory can make, and what breaks at every handover
You choose the method a problem deserves - surrogate and reduced-order models, physics-informed and data-driven modelling, optimisation, generative geometry, agents - and you still get somewhere when there is almost nothing to learn from
You start from what the customer needs rather than from what happens to sit in their database, and you can hold that conversation with an engineering leader in German or English, on their shop floor as readily as on a call
Extensive experience getting software in production, with the habits that come with it: testing, CI/CD, observability, and being the person who gets called when it stops
AI systems you have put into operation and kept running, models and agents alike: evaluated, guarded, affordable at load, and honest about how they fail
The commercial instinct to see which technically beautiful answer a client will actually buy, most likely built as a founder, an early employee, or an intrapreneur who carried real risk
What we offer
A highly qualified and motivated team of ~90 people is on a journey to change the rapidly evolving European AI Landscape
Experience the best of both worlds with our hybrid work model: You can choose to work from our vibrant offices - either at the IPAI in Heilbronn or the House of Communication in Munich - while also enjoying the flexibility to work remotely a few days each week
Opportunity to shape a variety of projects and the development of new, original content based on the latest developments in AI and its adoption in businesses
An atmosphere that encourages to think and experiment in new ways with software, hardware, and processes
A highly visible initiative that helps you build a large and high-level network of start-ups, partners, and tech companies
A flexible development budget that’s yours to shape - invest it in training, certifications, conferences, or new challenges, however you want to grow
Sports membership with Wellpass to access thousands of sports facilities all over Germany (and beyond), as well as online courses
JobRad: Lease a bike for a cheaper rate via JobRad and we cover the bike insurance on top
Sabbatical option: You can take a sabbatical of up to 3 months after min. 3 years of employment - because sometimes 30 vacation days are not enough to explore the beauty of this world
PME Familienservice: A 24/7 support for a successful work & life in any life situation. Benefit from free support in areas like life coaching, child care and many other options
Mobility budget: Every month we contribute to your individual mobility usage with public transport or shared mobility offers within the app Moovster
Workation: Work from anywhere in the EU/EWR area for up to 3 months per year - combining working at a nice place and spending your leisure time in the evening like vacation
Contact
Lucas Fernandes - Senior Talent Acquisition Specialist
appliedAI Initiative GmbH, August-Everding-Str. 25, 81671 München
Find
Jobs in Germany
on Arbeitnow",,,,not_started,
6a99e4f165697e252b17,nyc_jobs,College Aide,1,"• Assist the Deputy Chief in the coordination and administration of the SVD Advisory Council, the SVD Survivor Network, the Manhattan Sexual Assault Task Force, and other convenings and forums through which SVD engages with survivors, service providers and community members. • Assist the Deputy Chief in the coordination and administration of DANY’s Early Engagement Team Initiative and DANY’s partnership with the Clinical Forensic Fellowship Program and other tasks related to the recruitment and use of gender-based violence trial experts. • Assist the Deputy Chief in the coordination and implementation of SVD and officewide trainings. • Conduct state, local and federal research on SVD related legislation and policy and prepare reports for SVD and DANY’s policy team. • Support the Division’s partnership with the Community Partnerships Unit on SVD related community-based events and trainings.","College Aide

The New York County District Attorney's Office (DANY) has an immediate opening for a Part-Time College Aide in its Special Victim Division. Reporting directly to the Deputy Division Chief for Gender-Based Violence Policy. In this position the person will be responsible for supporting the Division in the development and implementation of policy, training, and external engagement projects and initiatives. Responsibilities include but are not limited to: • Assist the Deputy Chief in the coordination and administration of the SVD Advisory Council, the SVD Survivor Network, the Manhattan Sexual Assault Task Force, and other convenings and forums through which SVD engages with survivors, service providers and community members. • Assist the Deputy Chief in the coordination and administration of DANY’s Early Engagement Team Initiative and DANY’s partnership with the Clinical Forensic Fellowship Program and other tasks related to the recruitment and use of gender-based violence trial experts. • Assist the Deputy Chief in the coordination and implementation of SVD and officewide trainings. • Conduct state, local and federal research on SVD related legislation and policy and prepare reports for SVD and DANY’s policy team. • Support the Division’s partnership with the Community Partnerships Unit on SVD related community-based events and trainings. Preferred Requirements/Skills: • Excellent written and interpersonal communication skills, including community and external relations. • Exceptional organizational skills and strong attention to detail. • Ability to engage with the public in a professional manner, exercise sound judgment. • Ability to adapt to a fast-paced, deadline-oriented environment. • Strong online research skills and computer skills • Ability to work productively, independently, and collaboratively. • Ability to multi-task and meet deadlines. How to Apply: • Apply with a Cover Letter and Resume. Hours/Shift: • Monday-Friday between 9:00 AM – 5:00 PM, up to 20 hours per week. Additional Information: • Current office employees: To be eligible for a transfer or promotion, staff must have already served at least one (1) year in their current position and be in good standing. In addition, must meet the minimum qualifications of the position. • Looking for candidates that could commit to one (1) year to the hiring unit. • Authorization to work in the United States is required for this position.

For Assignment Level I: Matriculation at an accredited college or graduate school. Employment is conditioned upon continuance as a student in a college or graduate school. For Assignment Level II (Information Technology): Matriculation at an accredited college or graduate school. Employment is conditioned upon continuance as a student in a college or graduate school with a specific course of study in information technology, computer science, management information systems, data processing, or closely related field, including or supplemented by 9 semester credits in an acceptable course of study. For Assignment Level III (Information Technology Fellow): Matriculation at an accredited college or graduate school. Employment is conditioned upon continuance as a student in a college or graduate school with a specific course of study in information technology, computer science, management information systems, data processing, or other area relevant to the information technology project(s) assigned, including or supplemented by 9 semester credits in an acceptable course of study. Appointments to this Assignment Level will be made by the Technology Steering Committee through the Department of Information Technology and Telecommunications. SPECIAL NOTE Maximum tenure for all Assignment Levels in the title of College Aide is 6 years. No student shall be employed more than half-time in any week in which classes in which the student is enrolled are in session. Students may be employed full-time during their vacation periods.",,,,not_started,
a73048332d44b501d8e8,arbeitnow,Capital Markets Associate,1,"Building Europe's sovereign GPU cloud takes serious capital - and you'll be the one raising it. Working closely with our CFO, you'll own the full financing stack: equity, debt, and strategic partnerships. From modelling GPU project finance to structuring term sheets and running data rooms, you'll turn our growth plans into the capital that funds them. This is a rare chance to shape the capital structure of a company building critical AI infrastructure from the ground up.

Source and manage relationships with equity investors (VC, growth, sovereign wealth), debt providers (banks, infra funds, asset-backed lenders), and strategic partners
Build and maintain detailed financial models for fundraising: DCFs, LBO-style returns analyses, project finance models for GPU infrastructure
Structure and negotiate term sheets, credit facilities, and co-investment arrangements
Own the data room, investor materials, and due diligence process for all capital raises
Monitor capital markets for relevant financing opportunities, benchmark Lyceum's capital structure against peers, and advise on optimal timing and instruments
Support grant and subsidy applications (e.g. IPCEI, EU Innovation Fund) where relevant","Capital Markets Associate

Your mission
Building Europe's sovereign GPU cloud takes serious capital - and you'll be the one raising it. Working closely with our CFO, you'll own the full financing stack: equity, debt, and strategic partnerships. From modelling GPU project finance to structuring term sheets and running data rooms, you'll turn our growth plans into the capital that funds them. This is a rare chance to shape the capital structure of a company building critical AI infrastructure from the ground up.
What You'll Do
Source and manage relationships with equity investors (VC, growth, sovereign wealth), debt providers (banks, infra funds, asset-backed lenders), and strategic partners
Build and maintain detailed financial models for fundraising: DCFs, LBO-style returns analyses, project finance models for GPU infrastructure
Structure and negotiate term sheets, credit facilities, and co-investment arrangements
Own the data room, investor materials, and due diligence process for all capital raises
Monitor capital markets for relevant financing opportunities, benchmark Lyceum's capital structure against peers, and advise on optimal timing and instruments
Support grant and subsidy applications (e.g. IPCEI, EU Innovation Fund) where relevant
Your profile
What We're Looking For
2-4 years in investment banking (coverage or capital markets), infrastructure/project finance, private credit, or growth equity
Strong financial modelling and structuring skills across equity and debt instruments
Track record of investor or lender relationship management
Understanding of infrastructure economics, asset-backed financing, or technology capital markets
Fluent in English; German is a plus
High conviction about the opportunity in European AI infrastructure
Why us?
Outstanding team: Work with some of the best engineers in the world, coming from hedge funds, big tech, AI startups and top universities
Once in a lifetime opportunity: Early-stage company in the fastest-growing market in the world
Ownership: Shape how European AI companies access GPU compute
European mission: Build sovereign, GDPR-compliant AI infrastructure for the next generation of deep-tech
Find more
English Speaking Jobs in Germany
on Arbeitnow",,,,not_started,
56a023230654f22dd021,nyc_jobs,Community Assistant,1,(no responsibilities heading detected by rules - read full_posting_text),"Community Assistant

The NYC Department of Probation (DOP) is a world leader in working creatively and effectively engaging with people under court-mandated community supervision. Through innovative partnerships with people and organizations throughout the New York City, DOP provides opportunities for those on probation to access services and opportunities that positively impact their life trajectory. Following the best current data on “what works,” staff at DOP engage in meaningful relationships with those on probation to enhance community safety and decrease recidivism. The Department of Probation is seeking to hire (6) six Community Assistants to support the day-to-day operations of the Department, enhances communication between DOP, City agencies, and the public, and assists probation clients and their families by providing information, referrals, and administrative support. Key responsibilities include, but are not limited to, the following: - Perform routine clerical tasks including creating, sorting, filing, scanning, locating, and routing records, case files, and related materials - Process incoming cases for various levels of probation using logging and control systems for tracking and statistical purposes - Prepare case folders (both physical and electronic within the case management system) and assign cases to Probation Officers - Document court actions and case outcomes accurately in the case management system - Digitally photograph probation clients and maintain associated records - Provide front desk coverage on a rotating schedule by greeting probation clients, family members, and the public in a professional and courteous manner - Other duties as assigned.

1. There are no formal education or experience requirements for this position. However, the ability to understand and carry out simple instructions is required. 2. Candidates must be able to understand and be understood in English.",,,,not_started,
3b4c29db562915cd966f,nyc_jobs,"Clearance Supervisor, Bureau of Childcare",1,"• Provide citywide education, outreach, referral and technical assistance to operators and staff of child care centers, home-based child care programs, after school programs and summer camps regarding background clearances necessary to attain, renew or maintain a license to provide services that are necessary to protect the health and safety of children while in the child care environment. • In accordance with the Child Care Development Block Grant and NYS requirements to implement background checks for child care operators, compose eligibility letters and conduct related outreach to providers and staff of child care programs regarding clearances and the interpretation and proper reporting of clearance results. • Develop and coordinate community resources, and perform liaison functions between Child Care Providers, City and State agencies, community groups, parents and the general public regarding Child Care licensing rules and regulations. • Liaise with group child care providers in order to ensure that they are following the laws outlined in the Child Care Compliance Guide and assure families that these child care providers are protecting and promoting their children's safety, health and a nurturing early education environment. • Engage in full oversight for the coordination of daily communication with group child care and school-based child care programs regarding compliance with the requirements of Article 47 and Article 43 of the NYC Health Code regarding health and safety guidelines and best practices in child care settings. • Assign, supervise and evaluate the work of the child care clearance administrators and their level of community interfacing and engagement with the child care providers and their staff regarding comprehensive background checks that are necessary to facilitate their operations, as well as renewal of childcare permits. This process includes but is not limited to reviewing the Criminal history repository, Sex offender registry, and Child abuse or neglect repository for childcare providers, their assigned staff, and volunteers. • Responsible for the maintenance of confidential records pertaining to child care providers for al investigations performed. Review clearance requests for and ensure accuracy of data release. • Conduct presentations at community meetings and health fairs and conduct information sessions to promote the importance of choosing licensed providers, and to assist parents in making informed child care decisions, and also encourage reporting of illegal operations.","Clearance Supervisor, Bureau of Childcare

The Bureau of Child Care ensures that child care services in New York City operate in compliance with the New York City Health Code and New York State Social Service regulations and are licensed or permitted as required by law. The Bureau routinely monitors child care programs to protect the health and safety of children while in the child care environment and actively works to improve and expand access to high quality programs which support early childhood development and learning. The Bureau seeks to hire a Supervisor of Central Clearance Unit to ensure compliance with legislative mandates to conduct comprehensive background checks for child care staff. DUTIES WILL INCLUDE BUT NOT BE LIMITED TO: • Provide citywide education, outreach, referral and technical assistance to operators and staff of child care centers, home-based child care programs, after school programs and summer camps regarding background clearances necessary to attain, renew or maintain a license to provide services that are necessary to protect the health and safety of children while in the child care environment. • In accordance with the Child Care Development Block Grant and NYS requirements to implement background checks for child care operators, compose eligibility letters and conduct related outreach to providers and staff of child care programs regarding clearances and the interpretation and proper reporting of clearance results. • Develop and coordinate community resources, and perform liaison functions between Child Care Providers, City and State agencies, community groups, parents and the general public regarding Child Care licensing rules and regulations. • Liaise with group child care providers in order to ensure that they are following the laws outlined in the Child Care Compliance Guide and assure families that these child care providers are protecting and promoting their children's safety, health and a nurturing early education environment. • Engage in full oversight for the coordination of daily communication with group child care and school-based child care programs regarding compliance with the requirements of Article 47 and Article 43 of the NYC Health Code regarding health and safety guidelines and best practices in child care settings. • Assign, supervise and evaluate the work of the child care clearance administrators and their level of community interfacing and engagement with the child care providers and their staff regarding comprehensive background checks that are necessary to facilitate their operations, as well as renewal of childcare permits. This process includes but is not limited to reviewing the Criminal history repository, Sex offender registry, and Child abuse or neglect repository for childcare providers, their assigned staff, and volunteers. • Responsible for the maintenance of confidential records pertaining to child care providers for al investigations performed. Review clearance requests for and ensure accuracy of data release. • Conduct presentations at community meetings and health fairs and conduct information sessions to promote the importance of choosing licensed providers, and to assist parents in making informed child care decisions, and also encourage reporting of illegal operations. PREFERRED SKILLS: • Excellent oral written interpersonal communication skills; • Highly organized, strong attention to detail and solution oriented; • Dedication to customer service; • Ability to multitask in a fast-paced environment; • Working knowledge of child care regulations desired but not required; • Experience with data entry and querying large datasets a plus Why you should work for us: - Loan Forgiveness: As a prospective employee of the City of New York, you may be eligible for federal/state loan forgiveness and repayment assistance programs that lessen your payments or even fully forgive your full balance. For more information, please visit the U.S. Department of Education’s website (https://studentaid.gov/pslf/) - Benefits: City employees are entitled to unmatched benefits such as: o a premium-free health insurance plan that saves employees over $10K annually, per a 2024 assessment. o additional health, fitness, and financial benefits may be available based on the position’s associated union/benefit fund. o a public sector defined benefit pension plan with steady monthly payments in retirement. o a tax-deferred savings program and o a robust Worksite Wellness Program that offers resources and opportunities to keep you healthy while serving New Yorkers. - Work From Home Policy: Depending on your position, you may be able to work up to two days during the week from home. - Job Security - you could enjoy more job security compared to private sector employment and be able to contribute to making NYC a healthy place to live and work. Established in 1805, the New York City Department of Health and Mental Hygiene (NYC Health Department) is the oldest and largest health department in the U.S., dedicated to protecting and improving the health of NYC. Our mission is to safeguard the health of every resident and cultivate a city where everyone, regardless of age, background, or location, can achieve their optimal health. We provide a wide array of programs and services focused on food and nutrition, anti-tobacco support, chronic disease prevention, HIV/AIDS treatment, family and child health, environmental health, mental health, and social justice initiatives. As the primary population health strategist and policy authority for NYC, with a rich history of public health initiatives and scientific advancements, from addressing the 1822 yellow fever outbreak to the COVID-19 pandemic, we serve as a global leader in public health innovation and expertise. Come join us and help to continue our efforts in making a difference in the lives of all New Yorkers! Commitment to Equity: The City of New York is an inclusive equal opportunity employer committed to recruiting and retaining a diverse workforce and providing a work environment that is free from discrimination and harassment based upon any legally protected status or protected characteristic, including but not limited to an individual's sex, race, color, ethnicity, national origin, age, religion, disability, sexual orientation, veteran status, gender identity, or pregnancy. The NYC Health Department is an inclusive equal opportunity employer committed to providing access and reasonable accommodation to all individuals. To request reasonable accommodation to participate in the job application or interview process, contact Sye-Eun Ahn, Director of the Office of Equal Employment Opportunity, at sahn1@health.nyc.gov or 347-396-6549.

1. A four-year high school diploma or its educational equivalent and five years of satisfactory, full-time experience as an investigator evaluating credit worthiness, searching for assets, verifying information concerning education, experience, and other personal qualifications bearing upon character and fitness for employment, or performing investigations involving the research, compilation and/or location of evidence or information in order to build a case or uncover activities of a criminal, corrupt, unlawful or unethical nature; or 2. An associate degree or 60 semester credits from an accredited college and four years of satisfactory, full-time experience as described in ""1"" above; or 3. A baccalaureate degree from an accredited college and two years of satisfactory, full-time experience as described in ""1"" above; or 4. Education and/or experience equivalent to ""1"", ""2"", or ""3"" above.",,,,not_started,
41791a6083070a346971,arbeitnow,People & Culture Specialist (f/m/d),1,(no responsibilities heading detected by rules - read full_posting_text),"People & Culture Specialist (f/m/d)

We are seeking a (Senior) People & Culture Specialist (f/m/d) to play a central role in building and scaling our People & Culture function as we grow. This role is instrumental in managing payroll, contracts, mobility, compliance, and reporting, while also acting as a trusted partner to our leadership team. You will be responsible for ensuring operational excellence across core HR processes, building reliable and scalable People Operations systems, supporting employees and managers in a fast-moving, international environment, and reducing dependency on manual workflows as the company scales.
The successful candidate will bring a blend of operational expertise, strategic partnership, process-building capabilities, and a people-centered approach to help us scale smoothly and sustainably.
To join our team, you should be excited to:
Scale People Operations and Global Mobility to support rapid company growth.
Take ownership of payroll for NL and DE, while supporting cases involving international payroll.
Manage contract management, employee lifecycle processes, compliance, and employee administration within our HRIS.
Build reliable, scalable systems and reduce dependency on manual workflows for daily People Operations.
Stabilize and document core People Operations and Global Mobility processes, including developing Standard Operating Procedures (SOPs).
Deliver reporting and analytics that inform decision-making, translate People data into meaningful insights, and shape company policies.
Partner with external experts (legal, insurance, accounting, relocation/visa specialists, payroll providers) to ensure smooth operations as the company scales.
Build strong collaboration with other People & Culture areas, including Talent Acquisition, People Experience, and People Development.
Provide business support to the leadership team, acting as a sparring partner on People Operations and business partnering topics.
Contribute to writing and rolling out policies that support compliance, clarity, and culture.
Your Qualifications
At least 5-8 years of hands-on experience in People Operations within an international company, ideally in a scaling technology, engineering, or deep-tech environment.
Practical experience applying German labour law in an HR environment, with the ability to make informed day-to-day decisions.
Strong knowledge of HRIS systems (Personio required), payroll and benefits administration systems, and reporting analytics.
Experience managing immigration, visas, relocation, and international mobility programs is a plus.
Experience building processes, Standard Operating Procedures (SOPs), and HR infrastructure.
Skilled in decision-making, collaboration, and stakeholder management, with proven ability to balance operational needs with employee experience.
Strong hands-on mindset with high attention to detail and the ability to execute in a fast-paced environment.
Ability to build trust and act with professionalism and integrity.
Fluency in German (minimum C1) and English.
Advanced Microsoft 365 skills.
Previous experience in a fast-growing startup environment, ideally in deep tech.
If your application results in an employment relationship, your Applicant Data will be transferred to our personnel records and processed in accordance with applicable legal requirements; otherwise, your Applicant Data will be retained for up to six (6) months after completion of the recruitment process.
Read more about our privacy policy here.
Find more
English Speaking Jobs in Germany
on Arbeitnow",,,,not_started,
fccbd6e81ed853cffd6d,arbeitnow,Fuel Cycle Fuel Recycling Lead (f/m/d),1,"As a Fuel Cycle Fuel Recycling system lead, you will be responsible for guiding the design of tritium extraction from the chamber, breeding blanket, and wall, from early concept development through detailed design, licensing, and handover to construction and commissioning. The role combines deep technical expertise with organizational leadership to ensure technical excellence and effective cross-functional coordination throughout the project lifecycle.

End-to-end accountability for the Fuel Cycle Fuel Recycling design.
Technical Leadership.
Define and govern the overall Fuel Cycle Fuel Recycling architecture, including configuration, major design parameters, and fundamental safety approach.
Resolve complex, cross-cutting technical issues that cannot be resolved at the engineer or discipline level.
Write key engineering deliverables including system design descriptions, design basis documents, interface control documents, and safety analysis inputs.
Lead a multidisciplinary team.
Report design status, risks, and issues clearly and regularly to the Fuel Cycle Group Leader.
Manage design change control processes to maintain schedule and cost discipline while preserving design integrity.","Fuel Cycle Fuel Recycling Lead (f/m/d)

About Focused Energy
Focused Energy is building the future of clean energy through laser-driven inertial fusion. Backed by our $240M Series A - the largest fully secured Series A in the global fusion industry we are scaling rapidly across multiple geographies.
Based in Germany and the US, we have brought together the top scientific and engineering minds using proven technologies to unlock fusion power at commercial scale. Focused Energy is working to realize game-changing scientific innovation that promises to deliver a clean, sustainable and abundant source of power globally.
Your Role
As a Fuel Cycle Fuel Recycling system lead, you will be responsible for guiding the design of tritium extraction from the chamber, breeding blanket, and wall, from early concept development through detailed design, licensing, and handover to construction and commissioning. The role combines deep technical expertise with organizational leadership to ensure technical excellence and effective cross-functional coordination throughout the project lifecycle.
What You'll Do
End-to-end accountability for the Fuel Cycle Fuel Recycling design.
Technical Leadership.
Define and govern the overall Fuel Cycle Fuel Recycling architecture, including configuration, major design parameters, and fundamental safety approach.
Resolve complex, cross-cutting technical issues that cannot be resolved at the engineer or discipline level.
Write key engineering deliverables including system design descriptions, design basis documents, interface control documents, and safety analysis inputs.
Lead a multidisciplinary team.
Report design status, risks, and issues clearly and regularly to the Fuel Cycle Group Leader.
Manage design change control processes to maintain schedule and cost discipline while preserving design integrity.
Who You Are
M.Sc. in nuclear engineering or chemical engineering.
Experience in fluid engineering.
Advanced experience specifically in process engineering simulation tools.
Minimum of 5 years of experience and 2 years of experience leading multidisciplinary technical teams.
Deep knowledge of process engineering for plant systems, safety analysis principles, and design basis development.
Experience designing and calculating fluid process
Knowledge of nuclear reactor physics.
Advanced fission reactor knowledge is an advantage.
Fusion is an advantage.
Mastery of process engineering tools.
Understanding processes, mechanical analysis and I&C.
Manage requirements, FMEA, licensing, documentation and control.
Project scheduling.

Nice-to-haves
Experience in fluid engineering applied to the nuclear industry.
Experience in advanced nuclear reactor systems.
Experience in advanced fusion systems.
Programming skills.
What We Offer
Innovative Technology & Mission: Be part of a cutting-edge company working on groundbreaking research in clean energy and scientific discovery.
Career Development: We invest in our people. This is an opportunity to join an early, growing company at the forefront of new technology, where you’ll have the opportunity to develop and grow your career.
Collaborative Culture: Work with great people in a dynamic, international environment with top-tier scientists, engineers and professionals passionate about solving global challenges.
Ownership: Take ownership from day 1 and drive impact by making decisions, solving challenges and shaping the future of our company.
Your Success is our Success: We offer a competitive salary and company ownership in the form of stock options, giving you a direct stake in our success and ownership in what we build together.
Vacation Days: We support your work-life-balance by granting you 30 days of vacation per year.
Snacks and Drinks: Our office fridges are never empty. Enjoy our healthy snacks and drinks. Our Darmstadt office even offers a canteen with delicious lunch options daily.
Retirement Plan: If you decide for a private pension plan, we will finance 20% on top of your monthly contributions, plus loyalty incentives.
Equipment: We offer state-of-the-art Windows or Apple Laptops. In addition, you will receive a keyboard, mouse and headset so you are fully equipped from day 1.
Events: We organize regular events to foster team bonding, encourage collaboration, and build a strong, supportive company culture. Connect with colleagues across departments, share ideas, and have fun together, both in and outside of the workplace.
Mobility with NAVIT: We partner with NAVIT to support your flexible commuting needs—whether it’s a public transportation ticket, taxi rides or car-sharing you choose what fits your lifestyle.
Focused Energy is an equal opportunity employer committed to creating an inclusive environment. Qualified applicants will receive consideration for employment without regard to race, color, religion, sex, sexual orientation, gender perception or identity, national origin, age, marital status, protected veteran status, or disability status.
Pursuant to the San Francisco Fair Chance Ordinance, Focused Energy will consider for employment qualified applicants with arrest and conviction records.
Compensation offered will be determined by factors such as location, level, job-related knowledge, skills, and experience. Certain roles may be eligible for incentive compensation, equity, benefits.
Find more
English Speaking Jobs in Germany
on Arbeitnow",,,,not_started,
622c7c71deb0fb8b4880,nyc_jobs,"Director, Reasonable Accommodations",1,(no responsibilities heading detected by rules - read full_posting_text),"Director, Reasonable Accommodations

The mission of the New York City Police Department is to enhance the quality of life in New York City by working in partnership with the community to enforce the law, preserve peace, protect the people, reduce fear, and maintain order. The New York City Police Department strives to foster a safe and fair city through the strategic deployment of resources, focusing on both crime prevention and addressing quality-of-life concerns while building lasting community relationships. The Office of Equal Employment Opportunity (OEEO) is responsible for preventing, investigating, and addressing employment discrimination and harassment within the Department. OEEO leads significant policy and training initiatives, including those related to pregnancy and lactation accommodations, facial hair and beards, religious head coverings, and transgender inclusion guidelines, ensuring the Department remains responsive to and supportive of the diverse needs of its members. OEEO works closely with complainants to conduct thorough and impartial investigations, addressing inappropriate conduct and fostering a workplace environment that is safe, equitable, and respectful. The Reasonable Accommodations Unit manages requests for accommodations based on disability or religion for all members of the service. In addition, the OEEO Liaison Network plays a critical role in supporting the implementation of EEO policies and assisting with complaint response and investigative processes. OEEO also oversees the Department’s compliance with the Americans with Disabilities Act (ADA). The Disability Services Facilitator (DSF) serves as the primary liaison between the Department and the public, coordinating efforts to meet federal, state, and local accessibility requirements and ensuring continued ADA compliance. The duties and responsibilities will include, but are not limited to: - Reviewing and processing employee requests for reasonable accommodation in accordance with criteria established by the Equal Employment Opportunity Commission (EEOC) and applicable laws. - Making determinations related to the reasonable accommodation process and providing guidance and support to the Assistant Commissioner, Office of Equal Employment Opportunity. - Drafting official correspondence related to accommodation requests. - Coordinating meetings to review and discuss accommodation requests. - Preparing and generating reports to track accommodation activity. - Ensuring all tracking systems are accurate, current, and properly maintained. - Managing records associated with accommodation requests to ensure the integrity, accuracy, and confidentiality of all documentation. - Delivering workforce training focused on reasonable accommodation policies and procedures. - Assisting employees and managers in understanding their rights and responsibilities regarding reasonable accommodations within the Department. - Ensuring compliance with Department of Citywide Administrative Services (DCAS) and EEOC laws, rules, and regulations. TO APPLY: Click the ‘Apply’ button below, or visit: http://cityjobs.nyc.gov and search for JOB ID #781135 SHIFT/HOURS: Tours Vary ADDITIONAL INFORMATION: In compliance with federal Law, all persons hired will be required to verify identity and eligibility to work in the United States and to complete the required employment eligibility verification document form upon hire. The City of New York offers a comprehensive benefits package including health insurance for the employee and his or her spouse or domestic partner and unemancipated children under age 26, union benefits such as dental and vision coverage, paid annual leave and sick leave, paid holidays, a pension, and optional savings and pre-tax programs such as Deferred Compensation, IRA, and a flexible spending account.

Admission to the New York State Bar; and four years of recent full-time responsible, relevant, satisfactory legal experience subsequent to admission to any bar, eighteen months of which must have been in the supervision of other attorneys, in an administrative, managerial or executive capacity, or performing highly complex and significant legal work. Incumbents must remain Members of the New York State Bar in good standing for the duration of this employment.

- Demonstrated ability to develop internal metrics and key performance indicators (KPIs) to assess team performance. - Ability to effectively engage and communicate with all levels of management, strong writing and analytical skills, excellent verbal and written communication skills. - Strong ability to identify gaps in processes and policies and proactively develop and implement solutions. - Ability to provide guidance on accessibility-related matters and experience leading Reasonable Accommodations teams and related work. - Proven ability to handle sensitive information with discretion and maintain strict confidentiality. - Sound judgment and decision-making skills, particularly with respect to issue escalation and ability to coach and mentor Reasonable Accommodation Specialists with varying levels of experience. - Background in employment discrimination and/or Equal Employment Opportunity (EEO) law preferred.",,,,not_started,
506dc4579e5e38a043d9,arbeitnow,Fullstack Platform Engineer,1,"Build backend services and APIs for campaigns, creator matching, marketplace operations, and payments.

Design clear domain models, database schemas, and service boundaries.

Build reliable background jobs that handle concurrency, retries, and failures correctly.

Contribute to our Web, Android, and iOS frontend when features require end-to-end ownership.

Improve deployments, CI/CD, monitoring, alerting, backups, and recovery.

Debug issues across application code, databases, infrastructure, and third-party APIs.

Make pragmatic architectural decisions while continuing to ship quickly.

Use AI coding agents as a core part of your daily development workflow.","Fullstack Platform Engineer

WePush is a creator marketplace connecting brands with creators at scale. We’re looking for an experienced Fullstack Platform Engineer who enjoys architecture, infrastructure, and running real systems in production end-to-end.

This is a hands-on startup role, not a narrow DevOps position. You’ll build backend features, improve our infrastructure, and own what you ship from design to production.

Tasks

What you’ll do

Build backend services and APIs for campaigns, creator matching, marketplace operations, and payments.

Design clear domain models, database schemas, and service boundaries.

Build reliable background jobs that handle concurrency, retries, and failures correctly.

Contribute to our Web, Android, and iOS frontend when features require end-to-end ownership.

Improve deployments, CI/CD, monitoring, alerting, backups, and recovery.

Debug issues across application code, databases, infrastructure, and third-party APIs.

Make pragmatic architectural decisions while continuing to ship quickly.

Use AI coding agents as a core part of your daily development workflow.

Requirements

What we’re looking for:

Strong backend engineering experience in production environments.

Excellent knowledge of SQL, relational databases, transactions, locking, and data modelling.

Experience with Docker, Linux, cloud infrastructure, and CI/CD.

A good understanding of queues, scheduled jobs, APIs, networking, security, and observability.

Confidence reasoning about concurrency, idempotency, partial failures, and recovery.

Strong debugging skills across the full system.

Startup experience or a strong bias toward ownership and execution.

Good product judgment and an instinct for avoiding unnecessary complexity.

Experience using AI coding agents to plan, implement, test, review, and document software.

The ability to critically review, iterate on, and improve AI-generated code until it is high-quality and production-ready.

Our stack includes TypeScript, Node.js, React, PostgreSQL, MariaDB, Docker, Linux, and Hack. Experience with every technology is not required, we care more about strong fundamentals and the ability to learn.

AI-native engineering:

Using AI agents is a requirement for this role, not an optional productivity tool.

We expect you to use them throughout the development process: exploring unfamiliar code, planning changes, implementing features, writing tests, investigating failures, reviewing work, and maintaining documentation.

This does not mean accepting generated code without understanding it. You remain responsible for architecture, security, correctness, and production outcomes. We are looking for someone who knows how to give agents useful context, break work into verifiable steps, review their output critically, and use them to increase both speed and quality.

You’ll probably enjoy this role if:

You have worked in an early stage startup/scale-up

You like owning systems after they go live.

You naturally ask what happens when a process crashes halfway through.

You can move between backend code, SQL, infrastructure, and debugging.

You prefer simple, dependable systems over fashionable architecture.

You are excited about developing with AI agents and actively improving how you use them.

Benefits

This is a rare opportunity to build at the intersection of AI, creator technology, and consumer products.

WePush is backed by experienced operators from companies including Spotify, Google and many more. We’re entering our next phase of growth with the ambition, speed, and ownership of a startup, but with a proven product and strong market traction.

As an AI Product Engineer, you won’t be sitting on the sidelines. You’ll work closely with the founders and product team to turn new AI capabilities into products used by brands and creators at scale.

What we offer:

Competitive salary and meaningful equity package

High ownership from day one with the freedom to ship, experiment, and influence product direction

Direct access to founders and leadership with fast decisions and minimal bureaucracy

A team of builders: Ambitious, pragmatic, and obsessed with moving fast

An in-person culture in our Berlin office, with flexibility for home office days

Public transport pass, gym membership, recurring team lunches, and other perks

A front-row seat to building a category-defining technology company

Regardless of who you are, where you come from, how you look, or what music is playing in your headphones, you are welcome.

If you are a builder and move fast, this role is for you.

Find more
English Speaking Jobs in Germany
on Arbeitnow",,,,not_started,
2213f5426499a37cd6e2,nyc_jobs,Construction Intern,1,(no responsibilities heading detected by rules - read full_posting_text),"Construction Intern

DCAS's mission is to make city government work for all New Yorkers. From managing New York City’s most iconic courthouses and municipal buildings, to purchasing over $1 billion annually in goods and services for more than 80 City agencies — what we do ensures that all agencies can deliver on their mission. Our reach touches every facet of city government and is instrumental to the successful day-to-day operations of the City of New York. Our commitment to equity, effectiveness, and sustainability guides our work providing City agencies with the critical resources and support needed to succeed, including: • Recruiting, hiring, and training City employees. • Managing 56 public buildings. • Acquiring, selling, and leasing City property. • Purchasing over $1 billion in goods and services for City agencies. • Overseeing the greenest municipal vehicle fleet in the country. • Leading the City's efforts to reduce carbon emissions from government operations. When you work at DCAS, you're not just working for one agency, but in service of them all. It's an opportunity to provide impactful support, quality customer service, and help protect the future of New York City for generations to come. Visit our website at nyc.gov/dcas to learn more about the work we do. Facilities Management & Construction (FMC) manages, operates, and maintains 56 City-owned buildings throughout the five boroughs, working to provide clean, safe, and energy efficient space for the tenants in these public buildings. FMC is dedicated to both the daily maintenance of the public buildings, managed by Building Services, Fire & Life Safety, and other critical field staff, as well as to long-term renovation and rehabilitation projects, which are managed by a dedicated staff of architects, engineers, and other professional technical experts. FMC also oversees the daily operations of all elevators across the DCAS public buildings portfolio. Construction & Technical Services (CTS) under FMC consists of a design, construction and technical team of architects, engineers, elevator mechanics, as well as project & property managers who provide services for time-sensitive rehabilitation, renovations, and maintenance in City-owned properties. Its design team performs in-house designs, conducts field inspections, and ensures design compliance with Local Laws. This team also performs reviews of design consultant drawings to assure accountability for the needed renovations. The construction team manages and oversees time-sensitive construction projects to ensure daily activities comply with contract drawings, specifications, building codes, budget, and timelines. This team assesses field conditions, prepares reports, and coordinates meetings with contractors, consultants, and the in-house design crew to address variations from the original design drawings to accommodate field conditions and/or client requests. The technical team manages the maintenance and surplus in City-Owned properties, handles the contracts for services including, but not limited to, interior rehabilitation and construction, waterfront construction, sidewalk repair, fencing, demolition, pest control, erection of scaffolding; handles and maintains the design and management of site safety projects (Local Laws and Violations) and maintains and repairs all elevators, escalators and ADA lifts throughout City-Owned buildings within the five boroughs. The DCAS Trade Shops help with all in-house construction and repair services needed within DCAS-managed sites. The Shops perform small-scale renovations such as partitions/drywall work, rough and finish carpentry, interior/exterior painting, electrical and plumbing repairs, structural steel, concrete, and masonry work and manufacture in-house replacement of parts for obsolete equipment and locksmith services and Mayoral Ceremonies and Special Events. Under the direct supervision of the Chief Architect, the employee’s duties and responsibilities will be, but will not be limited to the following: •Assist inhouse technical staff with design details before and during construction. •Assist inhouse technical staff with the management and coordination of construction projects. •Assisting inhouse staff to review design drawings according to field conditions and help prepare sketches for omitted conditions found within the designs. •Assist in the review of construction/consultants reports to help determine payment progress. •Assist inhouse staff to conduct field inspections for a fair and reasonable standard of proposed negotiations, based on field conditions. •Assist inhouse staff in developing change order negotiations, based on technical bulletins, drawings, and sketches, and reviewing the validity of extra work costs and credits of the work performed is not part of the original contract. •Assist inhouse staff with the review of all change orders submitted for DCAS in-house projects; its validity, cost before its submission to Engineering Audit. •Assist inhouse staff with the review of construction requisitions based on work progress is in conformance to the plans and specifications reports and determine final payment amounts. •Assist inhouse staff with the preparation of project estimates based on building needs (Capital/Expense New Needs) and as proposed by the in-house staff. •Assist inhouse staff in the review of construction projects estimates for DCAS facilities as submitted by other agencies and reviewing consultants and contractors estimates for accuracy and completeness. •Assist inhouse staff in the review of contract documents comprised of drawings and specifications to attain estimates of value(s). •Assisting in-house staff in the pricing and the forecasting of cost trends and factors. To Apply: Please go to www.nyc.gov/careers and search for Job ID # 797797. For current City employees please go to www.nyc.gov/ess and log into Employee Self Service. NO PHONE CALLS, FAXES OR PERSONAL INQUIRIES PERMITTED. NOTE: ONLY THOSE CANDIDATES UNDER CONSIDERATION WILL BE CONTACTED.

For Assignment Level I: Matriculation at an accredited college or graduate school. Employment is conditioned upon continuance as a student in a college or graduate school. For Assignment Level II (Information Technology): Matriculation at an accredited college or graduate school. Employment is conditioned upon continuance as a student in a college or graduate school with a specific course of study in information technology, computer science, management information systems, data processing, or closely related field, including or supplemented by 9 semester credits in an acceptable course of study. For Assignment Level III (Information Technology Fellow): Matriculation at an accredited college or graduate school. Employment is conditioned upon continuance as a student in a college or graduate school with a specific course of study in information technology, computer science, management information systems, data processing, or other area relevant to the information technology project(s) assigned, including or supplemented by 9 semester credits in an acceptable course of study. Appointments to this Assignment Level will be made by the Technology Steering Committee through the Department of Information Technology and Telecommunications. SPECIAL NOTE Maximum tenure for all Assignment Levels in the title of College Aide is 6 years. No student shall be employed more than half-time in any week in which classes in which the student is enrolled are in session. Students may be employed full-time during their vacation periods.

•Analytical background •Knowledge in Microsoft Office – Excel, Access, and Projects and AutoCAD •Organizational, writing and communication skills •Ability to work under limited supervision and to handle multiple assignments with limited time constraints •Demonstrates personal initiative, responsibility, leadership, and flexibility •Able to respond rapidly and accurately to requests, and work in a high-pressure, time-sensitive environment.",,,,not_started,
a146bd4acd3f84c2cf13,arbeitnow,Junior Data Engineer & MarTech Specialist (Mobile Apps) (m/w/d),1,"Support the setup, maintenance, and monitoring of Mobile Measurement Partners (MMPs) such as Adjust and AppsFlyer, helping ensure accurate tracking and attribution functionality
.

Help maintain and structure clients' product feeds, campaign datasets, and automated data pipelines, ensuring high data quality and reliability
.

Assist in identifying and troubleshooting basic tracking, event collection, or data integration issues across mobile app campaigns
.

Support the connection of marketing tools, ad platforms (Meta, Google, TikTok), and data sources to improve campaign visibility and reporting workflows
.

Contribute to dashboard creation and visualization updates in tools such as Clarisights, Adverity, and Google Sheets to support data-driven decision-making
.

Collaborate with senior team members, consultants, and client developers to understand technical requirements and support implementation tasks
.","Junior Data Engineer & MarTech Specialist (Mobile Apps) (m/w/d)

About Us
Customlytics is the leading app marketing agency & consultancy in the DACH region
. Our international team of professionals from more than 10 nationalities helps apps succeed and drives the professionalization of the app industry by working with every relevant app business in the market
.

Can you imagine a world without apps? Neither can we
!

You don't need a background in marketing to thrive here, f you have a passion for data structures, technical integration, and problem-solving, we will onboard you on the rest
! As a Junior Data Engineer & MarTech Specialist, you will work at the intersection of data infrastructure and marketing technology
. You will support the setup, maintenance, and monitoring of clients' mobile app marketing and tracking systems, helping ensure data quality across data pipelines, Mobile Measurement Partners (MMPs like Adjust and AppsFlyer), and campaign analytics platforms
.
Your mission
Support the setup, maintenance, and monitoring of Mobile Measurement Partners (MMPs) such as Adjust and AppsFlyer, helping ensure accurate tracking and attribution functionality
.

Help maintain and structure clients' product feeds, campaign datasets, and automated data pipelines, ensuring high data quality and reliability
.

Assist in identifying and troubleshooting basic tracking, event collection, or data integration issues across mobile app campaigns
.

Support the connection of marketing tools, ad platforms (Meta, Google, TikTok), and data sources to improve campaign visibility and reporting workflows
.

Contribute to dashboard creation and visualization updates in tools such as Clarisights, Adverity, and Google Sheets to support data-driven decision-making
.

Collaborate with senior team members, consultants, and client developers to understand technical requirements and support implementation tasks
.
Your profile
Background:
Background in data engineering, analytics engineering, or a related discipline, with an interest in marketing data, tracking systems, and campaign attribution.

Product Feeds:
Basic understanding of product feed structures; experience with tools like ProductsUp is a plus.

Mobile Measurement Partners:
Introductory knowledge of MMPs (Adjust, AppsFlyer); willingness to learn troubleshooting and tracking fundamentals.
Advertising Platforms:
Familiarity with platforms such as Meta, Google, Apple Search Ads, or TikTok (hands-on experience is a plus).
Data & Reporting:
experience working with Excel or Google Sheets; understanding of simple data handling and reporting.
Automation & AI Tools:
Interest in tools such as ChatGPT, Make.com, or Google Sheets automation; no advanced experience required.
Analytical Mindset
: Curious and detail-oriented, with a willingness to learn how data supports marketing decisions.
Communication & Collaboration:
Able to communicate clearly, ask questions, and work effectively within a team.
Working Style:
Structured, proactive, and eager to develop technical and analytical skills.
Languages
: Fluent in English (spoken and written); German is a plus but not required.
Your Extra
Your Growth & Development:
Access to certifications, 360° feedback, and salary progression. Real opportunities to grow together with your team and the company.
Remote Work:
Work remotely for up to 90 days per year; anywhere in Germany or internationally.
Office Vibes in Friedrichshain:
Snacks, drinks, height-adjustable desks, and focus rooms for deep, concentrated work.
Germany Ticket:
We cover most of your public transport costs: good for the planet and your wallet.
Top-Notch Equipment:
MacBook, noise-cancelling headphones, and all the tools you need to succeed.
Core Working Hours:
Making collaboration easy and your schedule steady.
Corporate Benefits:
Exclusive deals with popular online brands.
Support for Parents:
Extra support for parents with preschool-aged children.
Team Culture & Events:
From monthly activities to our big annual meetup in Berlin, we create space to celebrate, connect, and grow as a team.
German Language Courses
: We support you with professional online German classes.
Referral Bonus:
Whether new teammates or new clients, your recommendations pay off.
We're committed to diversity and equal opportunity for all, welcoming individuals of any gender, age, origin, religion, disability, or sexual orientation. If you're creative, problem-solving, and passionate about app marketing, we'd love to hear from you. Join us and be yourself in an atmosphere where diversity is celebrated and embraced.
Find more
English Speaking Jobs in Germany
on Arbeitnow",,,,not_started,
835d55784f762bec770d,nyc_jobs,"Deputy Director, SLA",1,(no responsibilities heading detected by rules - read full_posting_text),"Deputy Director, SLA

The Agency You’ll Join: The New York City Mayor’s Office is responsible for overseeing city services throughout the five boroughs, coordinating public agencies and departments, and managing public property. The administration is leading the fight in making the city more affordable, reducing inequality, improving public safety, ensuring delivery of efficient and effective services, and working to make New York City’s economy stronger. We value leadership, transparency, fairness, and efficiency as we actively seek diverse talents from various sectors to join our team. For current job opportunities, visit our careers page. The Team You’ll Work With: **NOTE: THIS ROLE IS LOCATED IN ALBANY, NY.** The Mayor's Office of State Legislative Affairs serves as the principal liaison between Mayor Zohran Mamdani’s Administration and the New York State Legislature. State Legislative Affairs works toward the goal of fostering productive relationships between the executive and legislative branches and assists the Mayor's administration in developing and advancing the Administration’s agenda through State law and the State budget. The Problems You’ll Solve: The Deputy Director will be assigned a portfolio and will be responsible for all related legislative and budget activity, hearings, and member requests. The Deputy Director also acts as a liaison between the Mayor’s Office and State elected officials and agencies. The Deputy Director also facilitates and approves meetings between the Mayor’s Office and State officials. In addition to managing a portfolio, the Deputy Director will perform the following additional duties: • Assists in the preparation of the Mayor's State Legislative Program. • Assists City agencies with State legislation. • Coordinate the Legislative Coordinating Committee process and the resulting recommendations. • Handle Special Projects as identified by the Director. • Coordinate policy briefings, delegation meetings, or special events. • Represent the Director at meetings with administration officials, legislative staff, boards, etc. About You: • You can demonstrate an understanding of and experience with any combination of the following: the State legislative process, public policy analysis, New York City or State agency operations, and lobbying. • You have excellent written, oral, and interpersonal skills, along with a strong work ethic and the ability to work independently are imperative. • You pay outstanding attention to detail and have a strong ability to prioritize and manage a wide array of projects to completion, often under tight deadlines. • You have strong interpersonal, collaborative, and organizational skills. Minimum Required Qualifications: • Bachelor’s Degree required. Graduate degree (MPA/MS) preferred. • 4+ years of experience. Additional Information: • In addition to the resume, a cover letter is required to apply.

1. Do you have a baccalaureate degree from an accredited college or university? 2. Do you have an associate degree from an accredited college or university along with two (2) years of experience with administrative, analytic, coordinative, supervisory or liaison responsibilities? 3. Do you have a four-year high school diploma, or its educational equivalent approved by a state's Department of Education or a recognized accrediting organization along with four (4) years of experience as described in question ""2"" above? 4. Do you have a satisfactory combination of education and/or experience equivalent to that described in questions ""1,"" ""2,"" and/or ""3"" above?",,,,not_started,
6abe29c3ccb7241a403c,arbeitnow,Product Growth Manager,1,(no responsibilities heading detected by rules - read full_posting_text),"Product Growth Manager

We're looking for an ambitious PM ready to build Nelly's Growth function from scratch - owning the full journey from sign-up to habit across our software, AI, and fintech surfaces, with direct impact on NRR. If you want real ownership and zero hand-holding, this is it.

About Nelly
We are building the AI-Driven Financial Operating System for European healthcare, solving the biggest challenges for patients and practices. We create what no bank or software platform can handle. Our all-in-one platform transforms chaotic administrative processes into intelligent, automated workflows, from patient care to billing to next-generation payments. Because we truly believe: healthcare should be less about paperwork and more about people.
Why?
Because Europe is facing a massive shortage of medical professionals. And if we don't rethink the way practices work, the system won't be able to keep up. With our Series B funding of over €50 million from world-class investors, we are turning our vision into reality.
What sets us apart:
We work with the best team, which is why we give everything together every day. We believe in Talent Density, because exceptional people make everyone around them better. At Nelly, we move fast and expect everyone to keep up. Stagnation isn’t an option, which is why we invest heavily in growth. AI isn't a nice-to-have at Nelly. We expect you to use it every day and give you everything you need to do so. You get trust and ownership and we expect you to speak up, even when it's uncomfortable.
Joining us, you will:
Translate Nelly's company vision into specific, prioritized bets across acquisition, activation, and monetisation, informed by data, experimentation, and customer behavior
Own the end-to-end user journey: from partial sign-up through setup, first value, and habit formation - across Nelly's software, AI, and fintech products, and continuously sharpen each stage
Build platform-level growth capabilities that compound across surfaces , not features that live in one place
Design and run a rigorous experimentation and measurement program. Form hypotheses, define metrics, ship A/B tests at high velocity, learn fast, and ship what moves the numbers
Collaborate deeply with Design, Engineering, Marketing, and Product Leadership on both strategy and execution
Inform pricing, packaging, and self-serve strategy in partnership with GTM and finance leadership - including how we package across software, AI, and fintech to drive expansion (vertical & geo)
What you'll bring:
Note: If you don't meet all the criteria, we still encourage you to apply and make the case for why you'd be a great fit. If you're exceptional talent, we're happy to adapt.
Shipped exceptional B2B/prosumer growth products in high-velocity environments - you care deeply about user outcomes and winning with the product
3+ years in product management with hands-on PLG (and ideally PLS) experience: you've built and owned elaborated growth motions on complex B2B workflow products
High agency and high learning velocity: you run a high volume of hypothesis-driven bets, move fast in ambiguity, say ""no"" when needed, and are comfortable building from zero
Strong analytical skills and data mindset around A/B testing, optimization, and defining growth metrics
Strong data mindset: you create data acquisition and evaluation strategies, track product and agent metrics (utilization rates, precision & recall), understand online vs. offline eval trade-offs, and use insights to drive better customer outcomes
Passion for AI technology and its potential to reshape product-led growth
Excellent cross-functional collaboration across Engineering, Design, Marketing, Sales, and Customer Success
Even better if you have:
German or Italian proficiency - you can discuss real work with dentists, ZFAs/ZMVs, and billing partners
Experience growing products for SMB customers in less-digital European verticals (healthcare, construction, legal, architecture, or similar) where adoption is hard-won and not a given
Experience with self-serve, freemium, or PQL-driven growth motions
Experience with high-growth SaaS products using usage or outcome-based pricing, where you owned strategies to drive net revenue retention (NRR) growth
What we offer:
Deutschlandticket (public transport pass covering all of Germany) or a Swapfiets membership to cruise through the city
Urban Sports membership to sweat, stretch, or sauna your way through the week
Top of the line working equipment
Flexible hours and a hybrid setup in the heart of Berlin
Enjoy up to 4 weeks of workation wherever inspiration hits
A cozy, dog-friendly office where good vibes are basically mandatory
A fridge full of cold drinks and snacks waiting to be claimed
We welcome applications from people of all genders and backgrounds, regardless of origin or age. If you're convinced you're the right fit for this role - even if your CV doesn't match the requirements 100% - tell us why.
Find more
English Speaking Jobs in Germany
on Arbeitnow",,,,not_started,
4b0c7f0ad5cce52c7bdf,nyc_jobs,IT Intern,1,"Under the guidance of senior IT staff, the IT Intern will participate and learn to manage Windows environment. Endpoint Management & Patching Gain hands-on experience deploying and maintaining Windows 11 updates using tools like Ivanti Security Controls and SCCM/MECM, with occasional after-hours work (weeknights/weekends) to minimize user impact. Help monitor patch deployments to ensure devices are secure. Assist in the deployment of new software, application updates, and workstation hardware refreshes. Data Analysis & Reporting Learn to run and distribute reports on software inventory, hardware health, and patch compliance. Use Microsoft Excel to organize and validate IT data, gaining experience with pivot tables, formulas, and conditional formatting. Compare data across different systems (Active Directory, SCCM, Ivanti) to ensure records are accurate. Technical Troubleshooting Develop your troubleshooting skills by resolving common Windows 11 issues, including performance lags, printer connectivity, and application errors. Learn to use professional diagnostic tools such as Event Viewer, Task Manager, and Command Prompt. Gain exposure to PowerShell by using basic scripts to automate data collection and administrative tasks. Documentation & Process Help create and update how to documentation for common technical fixes and patching procedures. Practice professional escalation by documenting your troubleshooting steps before handing off complex issues to senior engineers. Additional Information CA-06 To Apply Applicants may visit the Jobs NYC website: www.nyc.gov/jobs and apply to Job ID: 797780. While all complete applications will be given consideration, only candidates selected for an interview will be contacted. Hours/Shift Up to 17 ½ hours weekly when school is session/up to 35 hours weekly when school is not in session, including weekends Work Location 5 Manhattan West, NY, NY Minimum Qual Requirements For Assignment Level I: Matriculation at an accredited college or graduate school. Employment is conditioned upon continuance as a student in a college or graduate school. For Assignment Level II (Information Technology): Matriculation at an accredited college or graduate school. Employment is conditioned upon continuance as a student in a college or graduate school with a specific course of study in information technology, computer science, management information systems, data processing, or closely related field, including or supplemented by 9 semester credits in an acceptable course of study. For Assignment Level III (Information Technology Fellow): Matriculation at an accredited college or graduate school. Employment is conditioned upon continuance as a student in a college or graduate school with a specific course of study in information technology, computer science, management information systems, data processing, or other area relevant to the information technology project(s) assigned, including or supplemented by 9 semester credits in an acceptable course of study. Appointments to this Assignment Level will be made by the Technology Steering Committee through the Department of Information Technology and Telecommunications. SPECIAL NOTE Maximum tenure for all Assignment Levels in the title of College Aide is 6 years. No student shall be employed more than half-time in any week in which classes in which the student is enrolled are in session. Students may be employed full-time during their vacation periods.","IT Intern

The NYC Financial Information Services Agency - Office of Payroll Administration (FISA-OPA) seeks to hire an IT Intern in the Technical Services group, who will help and learn how to support maintenance and security of our corporate Windows 11 environment. This role provides a learning experience in enterprise Windows administration, focusing on patch management (Ivanti, SCCM/MECM), endpoint reporting, and technical troubleshooting. The successful candidate will assist with system audits, utilize PowerShell and Excel for data analysis, and help resolve workstation issues to ensure seamless business operations. This is an ideal entry-point for a candidate looking to gain practical experience in endpoint security, auditing, and IT support within a professional enterprise setting. Responsibilities: Under the guidance of senior IT staff, the IT Intern will participate and learn to manage Windows environment. Endpoint Management & Patching Gain hands-on experience deploying and maintaining Windows 11 updates using tools like Ivanti Security Controls and SCCM/MECM, with occasional after-hours work (weeknights/weekends) to minimize user impact. Help monitor patch deployments to ensure devices are secure. Assist in the deployment of new software, application updates, and workstation hardware refreshes. Data Analysis & Reporting Learn to run and distribute reports on software inventory, hardware health, and patch compliance. Use Microsoft Excel to organize and validate IT data, gaining experience with pivot tables, formulas, and conditional formatting. Compare data across different systems (Active Directory, SCCM, Ivanti) to ensure records are accurate. Technical Troubleshooting Develop your troubleshooting skills by resolving common Windows 11 issues, including performance lags, printer connectivity, and application errors. Learn to use professional diagnostic tools such as Event Viewer, Task Manager, and Command Prompt. Gain exposure to PowerShell by using basic scripts to automate data collection and administrative tasks. Documentation & Process Help create and update how to documentation for common technical fixes and patching procedures. Practice professional escalation by documenting your troubleshooting steps before handing off complex issues to senior engineers. Additional Information CA-06 To Apply Applicants may visit the Jobs NYC website: www.nyc.gov/jobs and apply to Job ID: 797780. While all complete applications will be given consideration, only candidates selected for an interview will be contacted. Hours/Shift Up to 17 ½ hours weekly when school is session/up to 35 hours weekly when school is not in session, including weekends Work Location 5 Manhattan West, NY, NY Minimum Qual Requirements For Assignment Level I: Matriculation at an accredited college or graduate school. Employment is conditioned upon continuance as a student in a college or graduate school. For Assignment Level II (Information Technology): Matriculation at an accredited college or graduate school. Employment is conditioned upon continuance as a student in a college or graduate school with a specific course of study in information technology, computer science, management information systems, data processing, or closely related field, including or supplemented by 9 semester credits in an acceptable course of study. For Assignment Level III (Information Technology Fellow): Matriculation at an accredited college or graduate school. Employment is conditioned upon continuance as a student in a college or graduate school with a specific course of study in information technology, computer science, management information systems, data processing, or other area relevant to the information technology project(s) assigned, including or supplemented by 9 semester credits in an acceptable course of study. Appointments to this Assignment Level will be made by the Technology Steering Committee through the Department of Information Technology and Telecommunications. SPECIAL NOTE Maximum tenure for all Assignment Levels in the title of College Aide is 6 years. No student shall be employed more than half-time in any week in which classes in which the student is enrolled are in session. Students may be employed full-time during their vacation periods.

For Assignment Level I: Matriculation at an accredited college or graduate school. Employment is conditioned upon continuance as a student in a college or graduate school. For Assignment Level II (Information Technology): Matriculation at an accredited college or graduate school. Employment is conditioned upon continuance as a student in a college or graduate school with a specific course of study in information technology, computer science, management information systems, data processing, or closely related field, including or supplemented by 9 semester credits in an acceptable course of study. For Assignment Level III (Information Technology Fellow): Matriculation at an accredited college or graduate school. Employment is conditioned upon continuance as a student in a college or graduate school with a specific course of study in information technology, computer science, management information systems, data processing, or other area relevant to the information technology project(s) assigned, including or supplemented by 9 semester credits in an acceptable course of study. Appointments to this Assignment Level will be made by the Technology Steering Committee through the Department of Information Technology and Telecommunications. SPECIAL NOTE Maximum tenure for all Assignment Levels in the title of College Aide is 6 years. No student shall be employed more than half-time in any week in which classes in which the student is enrolled are in session. Students may be employed full-time during their vacation periods.",,,,not_started,
50d7802bf29a2fa99d4e,nyc_jobs,Contract Administrator,1,"Key Responsibilities • Prepare, review, and evaluate solicitation documents to ensure conformity to agency requirements and citywide standards and work with the program end users to develop solicitation requirements • Prepare Pre- Solution Pre-Solicitation review, Recommendation for Award, Reasonable Price and Responsibility Determinations and other documentation required by the NYC to support the procurement and contract award process • Oversee and manage pre-solicitation review activities • Research and identify goods required to be obtained through the Preferred Source method • Solicit bids via various Procurement Methods such as NYC Requirement Contracts, GSA, OGS, MWBE Small Purchase, Small Purchase, Negotiated Acquisition, Sole Source, Request for Bids, and Request for Proposals • Examine bid samples to determine compliance with specifications or bid standards • Make determinations for the most reasonable price in relation to market conditions • Make recommendations for small purchase awards, modifications, emergency purchases and extensions of time to contracts • Consult with and advise program personnel on issues relating to procurement actions • Analyze vendors past performance, financial status, and other factors to determine vendor responsibility • Participate in the implementation of procedures for procurement activities • Ensure compliance with the requirements for program evaluations of vendor performance • Utilize software application, in addition to electronic and online databases to monitor procurement processing • Ensure compliance with Federal, State, & NYC local regulations • Carry out all procurement activities in full compliance with NYC PPB Rules and Laws and in accordance with procedures established • Conduct open market research • Collaborate with vendors, programs, fiscal staff, and oversight agencies to address any procurement related issues to ensure prompt payment • Perform special projects and related work as required","Contract Administrator

Applicants must be permanent in the Procurement Analyst civil service title to apply. The New York City Employees’ Retirement System seeks a Procurement Analyst in the Procurement unit within the Legal Division. Under general supervision, with latitude for independent initiative and decision making, performs work of moderate difficulty in purchasing goods, services and/or construction, and in processing procurement documents and contracts. Duties will include but are not limited to: Key Responsibilities • Prepare, review, and evaluate solicitation documents to ensure conformity to agency requirements and citywide standards and work with the program end users to develop solicitation requirements • Prepare Pre- Solution Pre-Solicitation review, Recommendation for Award, Reasonable Price and Responsibility Determinations and other documentation required by the NYC to support the procurement and contract award process • Oversee and manage pre-solicitation review activities • Research and identify goods required to be obtained through the Preferred Source method • Solicit bids via various Procurement Methods such as NYC Requirement Contracts, GSA, OGS, MWBE Small Purchase, Small Purchase, Negotiated Acquisition, Sole Source, Request for Bids, and Request for Proposals • Examine bid samples to determine compliance with specifications or bid standards • Make determinations for the most reasonable price in relation to market conditions • Make recommendations for small purchase awards, modifications, emergency purchases and extensions of time to contracts • Consult with and advise program personnel on issues relating to procurement actions • Analyze vendors past performance, financial status, and other factors to determine vendor responsibility • Participate in the implementation of procedures for procurement activities • Ensure compliance with the requirements for program evaluations of vendor performance • Utilize software application, in addition to electronic and online databases to monitor procurement processing • Ensure compliance with Federal, State, & NYC local regulations • Carry out all procurement activities in full compliance with NYC PPB Rules and Laws and in accordance with procedures established • Conduct open market research • Collaborate with vendors, programs, fiscal staff, and oversight agencies to address any procurement related issues to ensure prompt payment • Perform special projects and related work as required

1. A baccalaureate degree from an accredited college and six months of satisfactory full-time professional experience in procurement of goods, services, construction or construction-related services, or professional, technical or administrative experience in contract negotiation/management; or 2. An associate degree or completion of 60 semester credits from an accredited college, and 18 months of satisfactory, full-time professional experience as described in “1” above; or 3. A four-year high school diploma or its educational equivalent and two and one-half years of satisfactory full time professional experience as described in “1” above; or 4. A combination of education and/or experience equivalent to “1”, “2”, or “3” above. College education may be substituted for professional experience under “2” or “3” above at the rate of 30 semester credits from an accredited college for 6 months of experience. However, all candidates must have at least a four year high school diploma or its educational equivalent and 6 months of the experience described in “1” above. SPECIAL NOTES: To be eligible for placement in Assignment Level II, individuals must have, after meeting the minimum requirements, either one year served at Assignment Level I or one additional year of the experience described in ""1"" above. To be eligible for placement in Assignment Level III, individuals must have, after meeting the minimum requirements, either one year served at Assignment Level II or two additional years of the experience described in ""1"" above, at least one year of which must have been supervisory, or spent performing professional procurement duties equivalent to those performed at Assignment Level III.

• Ability to demonstrate knowledge of procurement lifecycle from requisition through contract close-out across all procurement methodologies • Excellent written and verbal communications skills • Effective problem-solving skills, and the ability to prioritize, manage time, and engage in multiple tasks in a fast-paced environment • Excellent analytical, interpersonal, and organizational skills • Excellent attention to detail and organization • Ability to recognize and adjust to change • Collaborative nature while remaining action-oriented • Must have an in-depth knowledge of the City’s procurement policies and rules as well as knowledge of federal and state grant procurement requirements. • Experience collaborating with internal stakeholders • NYC Certified procurement professional",,,,not_started,
4b04c180a59634bd2d72,arbeitnow,Founder's Associate (f/m/x),1,"As a Founder’s Associate, you will work closely with the Founder and CEO and leadership team to help drive the company’s strategic priorities and operational execution.
In this role, you will take ownership of high-impact, cross-functional projects across the business. These may range from supporting strategic initiatives in commercial, product, and operations teams to improving internal processes, building organisational structures, and helping ensure alignment as the company scales.
This role is ideal for someone who is excited by our mission of enabling anyone to invest in capital markets. You will be close to many strategic initiatives and interact beyond lemon.markets towards our parent company, dwpbank. You will get the best of both worlds: the opportunity to work closely with experienced experts across functions while taking on meaningful ownership in a dynamic and ambitious environment.
This is going to be the ride of a lifetime for someone, who thrives in a fast-moving environment, enjoys solving ambiguous problems, and wants to gain first-hand experience in how a high-growth fintech infrastructure company is built.
You will:
Support the Founder and CEO on strategic and operational projects that drive company goals and priorities.
Own and lead projects with a deep focus on brokerage, custody and capital markets, this is where you will spend a significant part of your time and where domain knowledge is essential.
Analyse market developments, competitor dynamics, and trends across the European brokerage, wealth, and investment infrastructure landscape.
Take ownership of special projects that support the next stage of lemon.markets’ growth.
Lead and mentor the Founder’s Associate Intern team, providing structure, guidance, and prioritisation across projects while helping develop their skills and ensuring high-quality execution.
Contribute to refining and scaling internal processes, documentation, and operating structures across the company, especially in light of what becomes possible with AI.
Help develop, structure, and execute cross-functional initiatives across teams.
Act as a connector across the organisation by understanding team priorities, spotting gaps and blockers early, and helping drive effective cross-functional collaboration.
You’ll be successful in this role if you:
You have a background (bachelor and master degree) in Business Administration, Economics, Finance, Computer science or a similar area.
You are an entrepreneurial problem solver.
You strive to take ownership of the tasks you get and apply your analytical skills, structured thinking, and independent working style towards solving them.
You have gained 2 years or more of hands-on experience in a fast-paced environment.
Ideally, you have worked in an early-stage startup, fintech, consulting, tech company or similar.
You bring experience from the world of brokerage, trading or custody
and/or are deeply excited to get into the engine room details of our mission to make anyone an investor.
You cope well with frequent change and ambiguity.
Changing tasks & requirements excite you. You are able to think logically, break down complex problems and prioritise between multiple tasks on your table.
You are a team player.
Working together as a team and sharing knowledge comes naturally to you.
You never let anything fall down your plate.
Being on top of things is what you are known for. Having no hesitation to follow up on people until the job gets done.
You are ready and willing to take ownership.
“This is not my job!” is not part of your vocabulary - you identify problems, take initiative to take them on, and challenge the status quo.
How we take care of you:
🚀 Compensation package:
We offer you a competitive salary, based on your experience and the value-add you bring to

lemon.markets
.
🕑 Flexible working hours:
We trust people to choose when they work best and avoid a rigid 9 to 5 mindset. You decide on the rhythm that helps you do your best work, with only shared core hours from 12:00 to 16:00 to support collaboration.
🏢 Hybrid work setup:
You can work from anywhere in Germany within a hybrid model. At the same time, in-person collaboration is a key part of our culture. That being said, individual contributer lemoneers work 4 days or more per month on-site in our Berlin office, spending quality time together with the team at events, onsites/offsites or over team dinners.
📈
Grow with us:
We take your personal development seriously! You’ll get regular mentorship and stretch opportunities, a clear career development framework with frequent feedback conversations as well as an annual learning budget.
🌱 People & culture:
You’ll feel our culture in the small things, like Polaroids from our lemoneers’ first day and our monthly new-joiner breakfasts. But also in the bigger things, like celebrating the onboarding of new partners or our annual offsites, where the whole company comes together to connect, reflect, and celebrate.
💛 Perks & benefits:
We

choose benefits that add actual value. We sponsor a Deutschlandticket for employees on unlimited contracts, plus 50% off on Beatvest - our partner for financial education and investing.
🏝 Workation:
Get out of here! At lemon.markets you can work remotely from anywhere in the EU for up to 10 consecutive days at a time, and up to 60 days per year in total.

As an equal opportunity employer, lemon.markets is committed to building an inclusive workplace. The company welcomes people from all different backgrounds, including age, citizenship, ethnic and racial origins, gender identities, individuals with disabilities, marital status, religions and ideologies, and sexual orientations to apply.
If you feel this role could be a great match for you even if you don’t tick every box, we’d still love to hear from you, please apply.
You have any questions? Feel free to contact us via
Find
Jobs in Germany
on Arbeitnow","Founder's Associate (f/m/x)

About lemon.markets
🍋
We enable anyone to be an investor. Our mission is to grow investing opportunities for all European customers and businesses. By empowering FinTechs, banks, and wealth managers to offer investment products, we help create financial well-being for their customers.
lemon.markets is a Brokerage-as-a-Service platform: simple digital access to capital markets through a single API. Our API-first infrastructure abstracts brokerage complexity with a well-documented API, a self-service customer operations portal, and a clear regulatory framework, so partners can launch customer-centric, compliant products in weeks, not months.
As part of the dwpbank group, we’re adding a layer of resources and expertise to benefit from, while continuing to operate as an independent fintech with our own team, product, and start-up identity under the dwpbank umbrella.
Your Mission:
As a Founder’s Associate, you will work closely with the Founder and CEO and leadership team to help drive the company’s strategic priorities and operational execution.
In this role, you will take ownership of high-impact, cross-functional projects across the business. These may range from supporting strategic initiatives in commercial, product, and operations teams to improving internal processes, building organisational structures, and helping ensure alignment as the company scales.
This role is ideal for someone who is excited by our mission of enabling anyone to invest in capital markets. You will be close to many strategic initiatives and interact beyond lemon.markets towards our parent company, dwpbank. You will get the best of both worlds: the opportunity to work closely with experienced experts across functions while taking on meaningful ownership in a dynamic and ambitious environment.
This is going to be the ride of a lifetime for someone, who thrives in a fast-moving environment, enjoys solving ambiguous problems, and wants to gain first-hand experience in how a high-growth fintech infrastructure company is built.
You will:
Support the Founder and CEO on strategic and operational projects that drive company goals and priorities.
Own and lead projects with a deep focus on brokerage, custody and capital markets, this is where you will spend a significant part of your time and where domain knowledge is essential.
Analyse market developments, competitor dynamics, and trends across the European brokerage, wealth, and investment infrastructure landscape.
Take ownership of special projects that support the next stage of lemon.markets’ growth.
Lead and mentor the Founder’s Associate Intern team, providing structure, guidance, and prioritisation across projects while helping develop their skills and ensuring high-quality execution.
Contribute to refining and scaling internal processes, documentation, and operating structures across the company, especially in light of what becomes possible with AI.
Help develop, structure, and execute cross-functional initiatives across teams.
Act as a connector across the organisation by understanding team priorities, spotting gaps and blockers early, and helping drive effective cross-functional collaboration.
You’ll be successful in this role if you:
You have a background (bachelor and master degree) in Business Administration, Economics, Finance, Computer science or a similar area.
You are an entrepreneurial problem solver.
You strive to take ownership of the tasks you get and apply your analytical skills, structured thinking, and independent working style towards solving them.
You have gained 2 years or more of hands-on experience in a fast-paced environment.
Ideally, you have worked in an early-stage startup, fintech, consulting, tech company or similar.
You bring experience from the world of brokerage, trading or custody
and/or are deeply excited to get into the engine room details of our mission to make anyone an investor.
You cope well with frequent change and ambiguity.
Changing tasks & requirements excite you. You are able to think logically, break down complex problems and prioritise between multiple tasks on your table.
You are a team player.
Working together as a team and sharing knowledge comes naturally to you.
You never let anything fall down your plate.
Being on top of things is what you are known for. Having no hesitation to follow up on people until the job gets done.
You are ready and willing to take ownership.
“This is not my job!” is not part of your vocabulary - you identify problems, take initiative to take them on, and challenge the status quo.
How we take care of you:
🚀 Compensation package:
We offer you a competitive salary, based on your experience and the value-add you bring to

lemon.markets
.
🕑 Flexible working hours:
We trust people to choose when they work best and avoid a rigid 9 to 5 mindset. You decide on the rhythm that helps you do your best work, with only shared core hours from 12:00 to 16:00 to support collaboration.
🏢 Hybrid work setup:
You can work from anywhere in Germany within a hybrid model. At the same time, in-person collaboration is a key part of our culture. That being said, individual contributer lemoneers work 4 days or more per month on-site in our Berlin office, spending quality time together with the team at events, onsites/offsites or over team dinners.
📈
Grow with us:
We take your personal development seriously! You’ll get regular mentorship and stretch opportunities, a clear career development framework with frequent feedback conversations as well as an annual learning budget.
🌱 People & culture:
You’ll feel our culture in the small things, like Polaroids from our lemoneers’ first day and our monthly new-joiner breakfasts. But also in the bigger things, like celebrating the onboarding of new partners or our annual offsites, where the whole company comes together to connect, reflect, and celebrate.
💛 Perks & benefits:
We

choose benefits that add actual value. We sponsor a Deutschlandticket for employees on unlimited contracts, plus 50% off on Beatvest - our partner for financial education and investing.
🏝 Workation:
Get out of here! At lemon.markets you can work remotely from anywhere in the EU for up to 10 consecutive days at a time, and up to 60 days per year in total.

As an equal opportunity employer, lemon.markets is committed to building an inclusive workplace. The company welcomes people from all different backgrounds, including age, citizenship, ethnic and racial origins, gender identities, individuals with disabilities, marital status, religions and ideologies, and sexual orientations to apply.
If you feel this role could be a great match for you even if you don’t tick every box, we’d still love to hear from you, please apply.
You have any questions? Feel free to contact us via
Find
Jobs in Germany
on Arbeitnow",,,,not_started,
06b6dd6358027314646f,nyc_jobs,Chief Operations Officer/Deputy Commissioner of Ferries,1,(no responsibilities heading detected by rules - read full_posting_text),"Chief Operations Officer/Deputy Commissioner of Ferries

Serves as the Chief Operations Officer of the Staten Island Ferry and Deputy Commissioner of the Ferry Division for the New York City Department of Transportation. Provides executive leadership and direction for the safe and efficient operation and maintenance of the vessels, terminals and facilities of the Staten Island Ferry, including management of over 600 employees, including 450 mariners, and an annual expense budget $63 million (PS), $44 million (OTPS) and 10 Year Capital Plan of approximately $450 million. In collaboration with the Commissioner and First Deputy Commissioner, serves as a member of top management providing commitment, leadership, and the highest levels of management to the Staten Island Ferry's Safety Management System (SMS), in accordance with International Safety Management (ISM) Code requirements. Regulates private ferry operations within the City of New York. EXAMPLES OF TYPICAL TASKS: Responsible to serve as the highest level of authority with the SMS in matters relating to administration, engineering, operations and safety. Be available and respond 24/7 to issues and emergencies. Establish and coordinate the effective implementation of a Safety & Environmental Protection Policy. Oversee activities of senior management of functional areas, including customer relations and customer service. Ensure the entire Staten Island Ferry system is operated safely and effectively in accordance with principles of good seamanship and all applicable laws and regulations, including U.S. Coast Guard regulations. Responsible for ensuring that all Staten Island Ferry personnel are properly trained and fully familiar with all applicable regulations, including NYCDOT policies and regulations. Plan and execute new technology for the ferry including replacement vessels. Represent the agency to and interacts with other local, state and federal government agencies, elected officials, private ferry operators, city unions and other stakeholders. Performs related managerial duties. The Staten Island Ferry is a critical link in the City's transportation infrastructure and carries over 17 million passengers annually between the St. George Terminal in Staten Island and the Whitehall Terminal in Lower Manhattan, operating 365 days per year around the clock. The Ferry Division exemplifies DOT's mission in providing for the safe, efficient, equitable and environmentally responsible movement of people and goods in the City of New York.

1. Baccalaureate or higher degree in operations management, business management, marine transportation, nautical science, marine engineering, or related discipline from an accredited college. Maritime industry relevant work experience may be substituted for degree.

1. Possession of a valid Merchant Mariner Credential (MMC) issued by the U.S. Coast Guard (USCG), with endorsement as Master (unlimited tonnage) or Chief Engineer (unlimited propulsion power) strongly preferred. 2. Strong background in all aspects of maritime management, including operations, engineering, maintenance and repair, personnel management and regulation issues. 3. Experience with implementation and/or operation of Safety Management Systems in accordance with ISM code. 4. Superb managerial and communication skills. 5. Experience with passenger ferry systems in a managerial capacity is preferred, but not required.",,,,not_started,
5f6558e9db057f08f998,arbeitnow,Tech Lead / CTO (m/w/d),1,"Tax advisory has everything automation needs: structured data, recurring work, clear rules. Yet the profession never made the leap, because recurring does not mean uniform – every case has its own twist, and the law keeps moving. Reasoning resolves exactly this variance. That is why the window is open now. At the same time the market is being reordered: four in ten tax advisors in Germany leave the profession within ten years, and many of their firms will find no successor.
Vogel acquires established advisory firms and develops them further. Several thousand mid-sized companies trust us with their tax, accounting and strategic matters, and every acquisition adds to that base. We have already produced our own annual financial statements with AI. Today, that is one person with a tool. Turning it into a capability of the whole company is the job.
You own the technology that makes Vogel AI-first: the data layer above DATEV, the agent infrastructure on top, and the control layer without which nothing in this profession may go live. You decide the architecture and the stack of what we build. You report to and work directly with Moritz Vogel. Decisions are made in minutes, not months.

Architecture above DATEV
Build the data layer above DATEV. DATEV stays the system of record (for now); the value is created in the layer above it – designed to outlive the system beneath.
Choose and build the agent infrastructure: framework, orchestration, versioning, observability. You answer these questions with code, not with a slide deck.
Make integration a capability, not a project: every client brings their own upstream systems, and today each connection is built by hand. Build the layer those systems plug into, so what makes a client different arrives as context the agents read – never as custom code. One more client must never mean one more integration project.
Reproducibility and control
A tax advisor must get the same result twice, and an auditor must be able to trace it. Probabilistic where there is variance, deterministic where there are numbers.
Build the control layer so that a certified professional sees within seconds what an agent did – version, source, decision – and can sign off on it.
Build evaluation on what no newcomer has: decades of audited, completed work.
Team and scale
Make the architecture calls: design, stack, build or buy for the layer. Nobody has decided it for you, and nobody will overrule it by committee.
Hire and lead the engineering team. The budget for your first engineers is approved – you start hiring in your first quarter.
Make every acquired firm land on the same base, so technology scales with every acquisition. And stay in the code: you commit and you review.
Open questions – yours to answer
Where exactly does probabilistic end and deterministic begin?
How does a system learn from closed cases without losing its reproducibility?
A new client arrives with their own systems. What may change in the system, and what may not?","Tech Lead / CTO (m/w/d)

The opportunity
Tax advisory has everything automation needs: structured data, recurring work, clear rules. Yet the profession never made the leap, because recurring does not mean uniform – every case has its own twist, and the law keeps moving. Reasoning resolves exactly this variance. That is why the window is open now. At the same time the market is being reordered: four in ten tax advisors in Germany leave the profession within ten years, and many of their firms will find no successor.
Vogel acquires established advisory firms and develops them further. Several thousand mid-sized companies trust us with their tax, accounting and strategic matters, and every acquisition adds to that base. We have already produced our own annual financial statements with AI. Today, that is one person with a tool. Turning it into a capability of the whole company is the job.
You own the technology that makes Vogel AI-first: the data layer above DATEV, the agent infrastructure on top, and the control layer without which nothing in this profession may go live. You decide the architecture and the stack of what we build. You report to and work directly with Moritz Vogel. Decisions are made in minutes, not months.
What you'll do
Architecture above DATEV
Build the data layer above DATEV. DATEV stays the system of record (for now); the value is created in the layer above it – designed to outlive the system beneath.
Choose and build the agent infrastructure: framework, orchestration, versioning, observability. You answer these questions with code, not with a slide deck.
Make integration a capability, not a project: every client brings their own upstream systems, and today each connection is built by hand. Build the layer those systems plug into, so what makes a client different arrives as context the agents read – never as custom code. One more client must never mean one more integration project.
Reproducibility and control
A tax advisor must get the same result twice, and an auditor must be able to trace it. Probabilistic where there is variance, deterministic where there are numbers.
Build the control layer so that a certified professional sees within seconds what an agent did – version, source, decision – and can sign off on it.
Build evaluation on what no newcomer has: decades of audited, completed work.
Team and scale
Make the architecture calls: design, stack, build or buy for the layer. Nobody has decided it for you, and nobody will overrule it by committee.
Hire and lead the engineering team. The budget for your first engineers is approved – you start hiring in your first quarter.
Make every acquired firm land on the same base, so technology scales with every acquisition. And stay in the code: you commit and you review.
Open questions – yours to answer
Where exactly does probabilistic end and deterministic begin?
How does a system learn from closed cases without losing its reproducibility?
A new client arrives with their own systems. What may change in the system, and what may not?
What success looks like
6 months:
Architecture decided. One real use case from the core business runs in production and is used daily. Your first engineers are hired.
12 months:
Several agentic use cases in regular operation. The control layer holds up in a real review, and evaluation runs against closed cases, not test data.
24 months:
Automation is a capability of the organization, not of individuals. Every acquired firm runs on the same base, and your team ships without you in the room.
Where it leads:
the full CTO mandate – a management career earned by contribution, not by years served.
What you bring
You have built something that ran in production and was used by people who did not build it – as founding engineer, engineering lead, technical co-founder or in a comparable role.
You have taken agentic systems into production and know where they break.
You have integrated against systems that fight back: legacy ERPs, banking backends, badly documented interfaces.
You write production code. AI is your everyday tool, and your position on the stack comes from what you built and threw away.
You work in German, because our clients and tax advisors do, and you build in person in Munich.
You learn from practitioners, and you set the highest standard in everything you ship – not because someone checks, but because mediocrity bothers you.
A plus, not a requirement
A regulated field where mistakes have consequences: fintech, banking tech, payments (N26, Trade Republic, Solaris, Klarna, Mollie, Pleo) or software for professional services (Personio, Workato).
Knowledge of accounting, tax or DATEV.
No conventional CV required: a technical co-founder of a sold or failed product, or someone who can show publicly what they have built, is explicitly invited – we assess contribution, not labels. The salary range shown refers to the primary profile; a different background starts at a different market price and converges after twelve months of proven performance.
What this role is – and isn't
Building, not managing.
You lead engineers and stay in the code. If you want to run managers, this is the wrong role.
An operating company, not a software vendor.
The users are our own teams. IT operations and tool rollouts sit with Operations.
In person in Munich, not a distributed team.
An architecture being decided and a team finding its standards need a shared room.
Why join us
Turn our data into the edge.
Decades of audited, completed work become the test every agent has to pass before a human sees its result. No newcomer can buy or rebuild that.
Leverage through acquisitions.
Every firm that joins Vogel runs on what you build – one decision of yours reaches several thousand clients from day one, and more with every acquisition.
Yours to decide.
The architecture and the stack of this layer are open, and no committee will overrule you. Hierarchical in decisions, flat in communication, autonomous in execution – performance is celebrated, not hidden, without politics and without consensus theater.
Substance behind you.
A profitable, growing business – no funding round decides whether your team exists.
FAQ
1. Was ist Vogel – und wo arbeitet ihr?
Vogel ist eine der führenden Mittelstandsberatungen Deutschlands – seit 1959, inhabergeführt in zweiter Generation, mit eigenem Kapital – und baut daraus die führende Beratungsplattform für den Mittelstand. Wir arbeiten an drei Standorten: Aalen als gewachsenem Stammsitz, Bopfingen im Kerngeschäft und München als neuem Hub. An allen dreien suchen wir quer durch die Funktionen – von Steuerberatung über Beratung bis zu den Teams, die das Fundament darunter bauen.
2. Wie sind die Gehaltsbänder zu verstehen?
Bewusst breit – und an jeder Stelle ausgewiesen, bevor du dich bewirbst. Wir differenzieren nach Track Record und Marktwert, nicht nach Abschluss: knappe, stark gefragte Profile am oberen Ende, weniger knappe am unteren. Die ausgewiesene Spanne ist kein Verhandlungsspielraum, sondern eine Profil-Skala – zwei Menschen mit ähnlicher Erfahrung können bei uns unterschiedlich verdienen. Was das obere Ende bestimmt, ist der Reifegrad, nicht die Zahl der Berufsjahre und nicht das Verhandlungsgeschick.
3. Wie viel – und wie – wird bei Vogel gearbeitet?
Gemessen wird an dem, was du bewegst, nicht an Stunden. Ehrlich ist aber auch: Wer 9-to-5 sucht, ist bei uns nicht die erste Adresse. Wir suchen Menschen, die aus eigenem Antrieb intensiv arbeiten, weil die Aufgaben es wert sind. Wie du deine Zeit verteilst, ist weitgehend deine Sache. Was wir teilen: Wir arbeiten präsent zusammen und sehen uns im Normalfall täglich im Büro – Kultur, Sparring und die besten Ideen entstehen in der täglichen Nähe. Wir sind keine Remote-Company und haben keine großen Home-Office-Policies; einzelne Remote-Tage sind kein Problem.
4. Wie läuft die Bewerbung?
Schlank, schnell, transparent – und nach Profil gestaffelt. In der Regel sind es vier Schritte: eine schriftliche Aufgabe, in der du zu acht Fragen Position beziehst – KI ist ausdrücklich erlaubt, wir bitten nur um eine kurze Selbstauskunft dazu; ein Gespräch von einer halben Stunde; eine gemeinsame Arbeitssitzung an einem echten Problem aus unserem Alltag; und ein Termin vor Ort mit dem Team und gemeinsamem Essen. Wie viele Schritte es tatsächlich werden, hängt von der Rolle ab: Bei Praktikum und Werkstudium fällt der Vor-Ort-Termin weg, für Schülerjobs genügt ein Gespräch, bei Senior-Rollen kommt ein gemeinsamer Arbeitsnachmittag dazu. Vorab kannst du einen Zehn-Minuten-Call buchen, in dem nur du fragst. In der Regel hörst du nach jedem Schritt innerhalb von 48 Stunden von uns.
5. Wie funktioniert die variable Vergütung?
Quartalsweise an Leistung gekoppelt, qualitativ bewertet. Die Skala steigt mit dem Level: bis 20 % Associate, 27,5 % Manager, 35 % Senior Manager, 42,5 % Director, 50 % VP. Erwartungswert bei guter Leistung – du erfüllst die Anforderungen, setzt eigene Akzente, bestehst den Keeper Test – liegt bei rund 50 % des Maximums; der Maximalbonus ist nicht der Normalfall. Im Fokus steht eine ganzheitliche Beurteilung durch deine Führungskraft anhand von sechs Kriterien: Impact, Judgement, Communication, Execution, Growth und Values.
6. Wie entwickle ich mich – welche Karrierewege gibt es?
Zwei aktive Wege: die IC-Karriere (fachliche Tiefe, Expertenlaufbahn) über die Stufen Expert, Senior, Lead und Principal – und die Management-Karriere (Führung, Personalverantwortung) über Manager, Senior Manager, Director und VP. Beide werden gleich vergütet, und beide müssen nicht nach oben führen: Wer auf einer Stufe bleibt und dort weiter in die Tiefe geht, ist bei uns genauso richtig. Die Richtung wählst du nach dem Onboarding, meist in Jahr 1–3. Berufseinstieg ist kein Sonderweg, sondern der frühe Teil derselben Strecke – vom Werkstudenten oder Praktikanten zum Associate, für die Besten ohne erneutes Bewerbungsverfahren.
7. Team, Kultur, Urlaub?
Das gemeinsame Mittagessen ist der tägliche Ankerpunkt – wer im Büro ist, isst mit; erwartet, nicht kontrolliert. Das Abendessen ist dasselbe Angebot ohne jede Erwartung. Beides ohne Eigenanteil. Dazu Social Events und Offsites in regelmäßigem Rhythmus – nicht als Pflichtprogramm, sondern weil ein gutes Team auch abseits der Arbeit Zeit teilt.
Benefits sind bei uns nicht das Sahnehäubchen, sondern das, was Intensität über Jahre tragbar macht: Examensförderung mit 25.000 EUR Qualifizierungsbudget und drei Monaten Freistellung, 100-prozentige Übernahme der Kinderbetreuung, EGYM Wellpass, betriebliche Altersvorsorge, Job-Ticket mit 90 % Zuschuss, Homeoffice-Ausstattung und ein Gerät deiner Wahl aus unserem Katalog, ein Buch im Monat aus dem Vogel-Kanon – und KI-Tools ohne Token-Limit und ohne Budgetdeckel. Urlaub: 28 Tage.
Compensation: €105K – €205K • Offers Equity • €30K – €60K Bonus • Multiple Ranges
5+ Years of Experience (Full-Time) • Fix €156K – €205K • Offers Equity • €55K – €60K Bonus
3-5 Years of Experience (Full-Time) • Fix €105K – €140K • Offers Equity • €30K – €40K Bonus
Find
Jobs in Germany
on Arbeitnow",,,,not_started,
b7f5516481d961d55a51,nyc_jobs,Division Administrative Officer,1,(no responsibilities heading detected by rules - read full_posting_text),"Division Administrative Officer

Hours: Full-Time Position – 35 Hours Work Location: 30-30 Thomson Avenue, LIC, NY 11101 Only candidates who are current DDC employees who are permanent in the Principal Administrative Associate title or those who are reachable on the Principal Administrative Associate list for open-competitive exam #1128 may apply. Please include a copy of your Notice of Results or indicate if you are already permanent in the title. If you do not meet the previously mentioned civil service criteria, you will not be considered for an interview. The Department of Design & Construction, Safety & Site Support (SSS) Division seeks a Division Administrative Officer (DAO). The DAO is responsible for providing high-level administrative and operational support to Division leadership and staff, with primary responsibility for human resources, recruitment, workforce coordination, and administrative oversight. The successful candidate will lead and coordinate the Division’s recruitment and personnel activities and HR coordination, serve as the key resource to managers and staff on HR policies and procedures, and liaise with various divisions within the Agency. The successful candidate will be responsible to: monitor recruitment activity and routinely update Senior Leadership, maintain all related hiring communications with hiring and interview teams; schedule interviews and manage entire personnel onboarding process; prepare personnel action requests for Division head approval and submission to HR; update and maintain vacancy and personnel action requests log; coordinate and assist with hiring pools and various recruitment initiatives and events; liaise with Technology & Innovation, Operations and Facilities Management for Safety & Site Support staff placement and relocation, and oversee coordination of Division training and staff development needs. Additional duties will include providing high-level administrative support, including preparation and review of documents, correspondence, reports, presentations, and other materials; support Division operations by monitoring administrative processes, identifying issues and opportunities for improvement, and ensuring compliance with applicable agency policies, procedures, and requirements. Please note: All candidates must be currently authorized to work full-time in the United States (U.S.). In compliance with Public Law 99-603, candidates are required to present original documents proving citizenship or the legal right to work in the U.S. DDC is unable to support or sponsor any visa application or visa extension, including but not limited to OPT/STEM visas, H-1B visas, F-1 practical training, permanent residence sponsorship, or any proposed change of visa type. DDC does not offer a training program as required by U.S. immigration law and is not hiring temporary employees. Candidates must have proper work authorization when an employment offer is made. Additionally, educational credentials must be from a U.S. Department of Education-recognized accredited institution. Credentials from foreign institutions require independent equivalency verification from an approved evaluation service. A list of providers (fees apply) is available at: https://www.nyc.gov/assets/dcas/downloads/pdf/employment/nyc-dcas-foreign-education-evaluation-guide.pdf. All applicants, including City Employees: Please go to NYC Government Jobs Explore Careers City of New York, go to Search for Open Jobs, and type in the Job ID # listed above. Submit job application as prompted. Do not apply via Employee Self-Service (ESS), e-mail, mail, or fax your resume to DDC directly.

1. A baccalaureate degree from an accredited college and two years of satisfactory full-time progressively responsible clerical/administrative experience, one year of which must have been in an administrative capacity or supervising staff performing clerical/administrative work of more than moderate difficulty; or 2. An associate degree or 60 semester credits from an accredited college and three years of satisfactory full-time progressively responsible clerical/administrative experience including one year of the administrative supervisory experience described in ""1"" above; or 3. A four-year high school diploma or its educational equivalent approved by a state’s department of education or a recognized accrediting organization and four years of satisfactory full-time progressively responsible clerical/administrative experience including one year of the administrative supervisory experience as described in ""1"" above; or 4. Education and/or experience equivalent to ""1"", ""2"", or ""3"" above. However, all candidates must possess the one year of administrative or supervisory experience as described in ""1"" above. Education above the high school level may be substituted for the general clerical/administrative experience (but not for the one year of administrative or supervisory experience described in ""1"" above) at a rate of 30 semester credits from an accredited college for 6 months of experience up to a maximum of 3 year.

Knowledge of NYC Civil Service processes, human resources, recruitment, personnel administration, and workforce coordination. Strong organizational, time-management, prioritization, and communication skills. Proficient in Microsoft Office 365. Experienced in developing tracking tools, spreadsheets, reports, presentations, correspondence, and other administrative materials. Analytical and resourceful, with strong decision-making skills and a proactive approach to anticipating needs and resolving operational issues. Detail-oriented and committed to accuracy, confidentiality, discretion, and compliance in personnel and administrative matters.",,,,not_started,
c06ce1a21ee6fe762ca6,nyc_jobs,OUTREACH SPECIALIST,1,(no responsibilities heading detected by rules - read full_posting_text),"OUTREACH SPECIALIST

The Department of Social Services (DSS) is comprised of the administrative units of the New York City Human Resources Administration (HRA) and the Department of Homeless Services (DHS). HRA is dedicated to fighting poverty and income inequality by providing New Yorkers in need with essential benefits such as Food Assistance and Emergency Rental Assistance. DHS is committed to preventing and addressing homelessness in New York City by employing a variety of innovative strategies to help families and individuals successfully exit shelter and return to self-sufficiency as quickly as possible. The NYC Public Engagement Unit (PEU) identifies and executes proactive strategies to connect New Yorkers to key City services. Relying heavily on data analytics, new technologies, and large-scale outreach tactics, the unit identifies New Yorkers in need of assistance and helps them navigate and obtain City services. The Public Engagement Unit consists of teams of specialists who are trained to effectively engage New Yorkers and connect them with vital resources. The Unit uses data to identify demographics that likely want or need city services; and works with partner agencies, elected officials, community groups, non-profit organizations, and service providers to engage directly with communities and subject matter experts in all five boroughs. The unit is frequently involved in citywide events, special projects in conjunction with multiple city agencies, and targeted days of action. PEU is seeking Outreach Specialists with experience with community-based outreach and/or case management. Successful candidates should have at least one year of community, issue, labor or political organizing experience, and excellent communications and outreach skills. The candidate should have demonstrated the ability to closely track metrics and outcomes and be detail-oriented and organized. Familiarity with New York City government, housing issues, and a commitment to helping others is preferred. The NYC Public Engagement Unit (PEU) is recruiting two (2) Community Associates to function as TSU Outreach Specialist who will: •Engage New Yorkers through various outreach tactics including door-to-door canvassing, phone calls, and peer-to-peer texting, to assess their needs and inform them of relevant City services and resources. •Provide ongoing case management to help New Yorkers access benefits, with a primary focus on housing benefits and services. •Conduct outreach Days of Action and other community events. •Respond to incoming calls from the Tenant Helpline. •Maintain ongoing reporting and communication with their assigned supervisor. •Liaise with community stakeholders, including community-based organizations and agency partners. •Support partners with outreach efforts to provide additional resources and information to New Yorkers citywide. •Assist with special projects, as needed. A successful candidate will know how to run an effective meeting, read the room, and build strong relationships with diverse groups of stakeholders. They will be able to synthesize input from staff with hard data to create viable outreach strategies. Hours/Shift: Monday – Friday 9am – 5pm or Tuesday - Saturday 10:30am – 6:30pm

Qualification Requirements 1. High school graduation or equivalent and three years of experience in community work or community centered activities in an area related to duties described above; or 2. Education and/or experience which is equivalent to ""1"" above.

•1 year of experience with community, issues, labor, or political organizing. •Excellent interpersonal skills and a proven ability to engage people in conversation. •Strong written and oral communication skills in English; Spanish is a plus. •Ability to prioritize and effectively manage multiple tasks in a fast-paced work environment. •Willingness to learn, be flexible and adapt to work assignments in a variety of situations and problem solve.",,,,not_started,
295b620938f1b4ef0c48,nyc_jobs,"College Intern, Bureau of Public Health Clinics",1,"• Support meeting planning and coordination, including scheduling, logistics, and preparation of agenda and materials for quarterly advisory group meetings • Assist in managing email communication with advisory group participants, including invitations, reminders, and follow-up correspondence • Support virtual or in-person meeting facilitation, including meeting set up and break down • Take comprehensive, detailed notes during meeting sessions • Synthesize meeting notes and key meeting themes for approval by Advisory Group Coordinator and larger review by BPHC leadership, as well as dissemination to other relevant DOHMH teams and stakeholders • Support other work related to BPHC's advisory groups as assigned by the Advisory Group Coordinator (e.g., recruitment support, data tracking, or related administrative tasks) • Ability to report to in-person meetings at any of the City’s clinic locations Preferred Skills: • Experience and comfort communicating professionally with community members and patients • Ability to maintain confidentiality when engaging with advisory group members and sensitive discussion topics • Strong organizational skills and attention to detail • Excellent written and verbal communication skills • Experience with basic data analysis (qualitative and/or quantitative) • Extensive experience with Microsoft Suite (Word, Excel, Power Point, etc.) Why you should work for us: - Loan Forgiveness: As a prospective employee of the City of New York, you may be eligible for federal/state loan forgiveness and repayment assistance programs that lessen your payments or even fully forgive your full balance. For more information, please visit the U.S. Department of Education’s website (https://studentaid.gov/pslf/) - Benefits: City employees are entitled to unmatched benefits such as: o a premium-free health insurance plan that saves employees over $10K annually, per a 2024 assessment. o additional health, fitness, and financial benefits may be available based on the position’s associated union/benefit fund. o a public sector defined benefit pension plan with steady monthly payments in retirement. o a tax-deferred savings program and o a robust Worksite Wellness Program that offers resources and opportunities to keep you healthy while serving New Yorkers. - Work From Home Policy: Depending on your position, you may be able to work up to two days during the week from home. - Job Security - you could enjoy more job security compared to private sector employment and be able to contribute to making NYC a healthy place to live and work. Established in 1805, the New York City Department of Health and Mental Hygiene (NYC Health Department) is the oldest and largest health department in the U.S., dedicated to protecting and improving the health of NYC. Our mission is to safeguard the health of every resident and cultivate a city where everyone, regardless of age, background, or location, can achieve their optimal health. We provide a wide array of programs and services focused on food and nutrition, anti-tobacco support, chronic disease prevention, HIV/AIDS treatment, family and child health, environmental health, mental health, and social justice initiatives. As the primary population health strategist and policy authority for NYC, with a rich history of public health initiatives and scientific advancements, from addressing the 1822 yellow fever outbreak to the COVID-19 pandemic, we serve as a global leader in public health innovation and expertise. Come join us and help to continue our efforts in making a difference in the lives of all New Yorkers! Commitment to Equity: The City of New York is an inclusive equal opportunity employer committed to recruiting and retaining a diverse workforce and providing a work environment that is free from discrimination and harassment based upon any legally protected status or protected characteristic, including but not limited to an individual's sex, race, color, ethnicity, national origin, age, religion, disability, sexual orientation, veteran status, gender identity, or pregnancy. The NYC Health Department is an inclusive equal opportunity employer committed to providing access and reasonable accommodation to all individuals. To request reasonable accommodation to participate in the job application or interview process, contact Sye-Eun Ahn, Director of the Office of Equal Employment Opportunity, at sahn1@health.nyc.gov or 347-396-6549.","College Intern, Bureau of Public Health Clinics

The College Aide will support the BPHC Advisory Group Coordinator in the planning, coordination, and facilitation of BPHC's quarterly Patient Advisory Group meetings, along with related work supporting BPHC's advisory groups more broadly. Each quarter, a newly recruited cohort of patients from a designated DOHMH clinic meets to provide structured feedback on clinic services, proposed programs, and communication materials. This role offers hands-on experience in community engagement, public health administration, and stakeholder communication within a NYC government setting. This role will require up to 25 hours per week, depending on the meeting cycle and Advisory Group Coordinator needs. The College Aid must be currently enrolled as a Graduate student. Duties will include but are not limited to: • Support meeting planning and coordination, including scheduling, logistics, and preparation of agenda and materials for quarterly advisory group meetings • Assist in managing email communication with advisory group participants, including invitations, reminders, and follow-up correspondence • Support virtual or in-person meeting facilitation, including meeting set up and break down • Take comprehensive, detailed notes during meeting sessions • Synthesize meeting notes and key meeting themes for approval by Advisory Group Coordinator and larger review by BPHC leadership, as well as dissemination to other relevant DOHMH teams and stakeholders • Support other work related to BPHC's advisory groups as assigned by the Advisory Group Coordinator (e.g., recruitment support, data tracking, or related administrative tasks) • Ability to report to in-person meetings at any of the City’s clinic locations Preferred Skills: • Experience and comfort communicating professionally with community members and patients • Ability to maintain confidentiality when engaging with advisory group members and sensitive discussion topics • Strong organizational skills and attention to detail • Excellent written and verbal communication skills • Experience with basic data analysis (qualitative and/or quantitative) • Extensive experience with Microsoft Suite (Word, Excel, Power Point, etc.) Why you should work for us: - Loan Forgiveness: As a prospective employee of the City of New York, you may be eligible for federal/state loan forgiveness and repayment assistance programs that lessen your payments or even fully forgive your full balance. For more information, please visit the U.S. Department of Education’s website (https://studentaid.gov/pslf/) - Benefits: City employees are entitled to unmatched benefits such as: o a premium-free health insurance plan that saves employees over $10K annually, per a 2024 assessment. o additional health, fitness, and financial benefits may be available based on the position’s associated union/benefit fund. o a public sector defined benefit pension plan with steady monthly payments in retirement. o a tax-deferred savings program and o a robust Worksite Wellness Program that offers resources and opportunities to keep you healthy while serving New Yorkers. - Work From Home Policy: Depending on your position, you may be able to work up to two days during the week from home. - Job Security - you could enjoy more job security compared to private sector employment and be able to contribute to making NYC a healthy place to live and work. Established in 1805, the New York City Department of Health and Mental Hygiene (NYC Health Department) is the oldest and largest health department in the U.S., dedicated to protecting and improving the health of NYC. Our mission is to safeguard the health of every resident and cultivate a city where everyone, regardless of age, background, or location, can achieve their optimal health. We provide a wide array of programs and services focused on food and nutrition, anti-tobacco support, chronic disease prevention, HIV/AIDS treatment, family and child health, environmental health, mental health, and social justice initiatives. As the primary population health strategist and policy authority for NYC, with a rich history of public health initiatives and scientific advancements, from addressing the 1822 yellow fever outbreak to the COVID-19 pandemic, we serve as a global leader in public health innovation and expertise. Come join us and help to continue our efforts in making a difference in the lives of all New Yorkers! Commitment to Equity: The City of New York is an inclusive equal opportunity employer committed to recruiting and retaining a diverse workforce and providing a work environment that is free from discrimination and harassment based upon any legally protected status or protected characteristic, including but not limited to an individual's sex, race, color, ethnicity, national origin, age, religion, disability, sexual orientation, veteran status, gender identity, or pregnancy. The NYC Health Department is an inclusive equal opportunity employer committed to providing access and reasonable accommodation to all individuals. To request reasonable accommodation to participate in the job application or interview process, contact Sye-Eun Ahn, Director of the Office of Equal Employment Opportunity, at sahn1@health.nyc.gov or 347-396-6549.

For Assignment Level I: Matriculation at an accredited college or graduate school. Employment is conditioned upon continuance as a student in a college or graduate school. For Assignment Level II (Information Technology): Matriculation at an accredited college or graduate school. Employment is conditioned upon continuance as a student in a college or graduate school with a specific course of study in information technology, computer science, management information systems, data processing, or closely related field, including or supplemented by 9 semester credits in an acceptable course of study. For Assignment Level III (Information Technology Fellow): Matriculation at an accredited college or graduate school. Employment is conditioned upon continuance as a student in a college or graduate school with a specific course of study in information technology, computer science, management information systems, data processing, or other area relevant to the information technology project(s) assigned, including or supplemented by 9 semester credits in an acceptable course of study. Appointments to this Assignment Level will be made by the Technology Steering Committee through the Department of Information Technology and Telecommunications. SPECIAL NOTE Maximum tenure for all Assignment Levels in the title of College Aide is 6 years. No student shall be employed more than half-time in any week in which classes in which the student is enrolled are in session. Students may be employed full-time during their vacation periods.",,,,not_started,
74a1bfae7e7e258d28b5,arbeitnow,GTM Internship,1,"We’re looking for a GTM Intern to support our sales and revenue teams as we scale Peec AI’s global customer base. In this role, you’ll work closely with the sales team on deal execution, sales content, and CRM operations while helping improve the systems and automations that power our revenue engine. You’ll gain hands-on exposure to modern B2B SaaS sales, from outreach and pipeline management to revenue operations and automation, making this an ideal role for someone eager to learn quickly and contribute to a fast-growing startup’s go-to-market efforts.

Support the sales team in closing deals and managing key client relationships
Develop sales content - from outreach sequences to pitch decks and case studies
Design and implement automations across our sales stack to improve efficiency and tracking
Contribute to revenue operations by analyzing metrics, improving CRM hygiene, and streamlining data flows
Jump into new challenges, learn fast, and help make things happen","GTM Internship

About Peec AI
Peec AI is the analytics platform for AI search. People increasingly discover products and make buying decisions through ChatGPT, Claude, Gemini, and Google's AI Overviews instead of traditional search, and most brands have no idea where they show up in those answers. Peec gives marketing, SEO, and growth teams the data to see exactly that: how visible their brand is across AI platforms, how they compare to competitors, and where to win.
We are defining this category, and the market is moving with us. Peec is a Series A company backed by 20VC and Singular, past $15M ARR, with a 80+ person team across our Berlin HQ and our new New York office.
About the role
We’re looking for a GTM Intern to support our sales and revenue teams as we scale Peec AI’s global customer base. In this role, you’ll work closely with the sales team on deal execution, sales content, and CRM operations while helping improve the systems and automations that power our revenue engine. You’ll gain hands-on exposure to modern B2B SaaS sales, from outreach and pipeline management to revenue operations and automation, making this an ideal role for someone eager to learn quickly and contribute to a fast-growing startup’s go-to-market efforts.
What you’ll do
Support the sales team in closing deals and managing key client relationships
Develop sales content - from outreach sequences to pitch decks and case studies
Design and implement automations across our sales stack to improve efficiency and tracking
Contribute to revenue operations by analyzing metrics, improving CRM hygiene, and streamlining data flows
Jump into new challenges, learn fast, and help make things happen
What we’re looking for
Currently studying, on a gap semester, or recently graduated, and available immediately full-time for 3-6 months
Strong interest in B2B SaaS, startups, and revenue growth
Exceptional communication skills, written and verbal - you’re comfortable reaching out to people and building relationships
Analytical mindset and structured approach to problem-solving
Solid grasp of technology and excitement to work hands-on with cutting-edge AI and automation tools
Self-starter with a bias for action, eager to learn, and comfortable with ambiguity
Low-ego team player who’s easy to work with and doesn’t shy away from rolling up their sleeves for operational tasks
Available immediately
Bonus Points
Experience with tools like HubSpot, Clay, Lemlist, Apollo, Notion, or n8n
Exposure to sales operations, CRM management, or data-driven growth
Have built your own startup or cool projects you’re proud of
What we offer
A rolling internship program with flexible start dates (minimum 3-month duration)
A high-impact internship working directly with the founders at one of Europe’s fastest-growing Series A startups
Real ownership and visibility across the sales and revenue organization
Regular team events and off-sites
Paid Meal & Uber rides when working late
The most beautiful office space and work environment in Berlin
Compensation: €3K per month
• €3K per month
Find
Jobs in Germany
on Arbeitnow",,,,not_started,
3b1acd7dae8f6c808655,nyc_jobs,Analyst Data and Systems,1,"The duties of the position include the following: • Develop, maintain and improve the division’s data pipelines and workflows for OMG’s Task Force’s Systems. • Develop a comprehensive understanding of the City’s financial data and database architecture, establish rigorous documentation standards for all data models, infrastructure, and workflows. • Serve as a Quickbase subject matter expert to drive system administration, implement data governance protocols, and automate cross-platform integrations. • Build & maintain tools to make data & information readily accessible to technical and non-technical stakeholders. • Conduct analysis of data related to the City’s budget, spending, revenue, and grant processes. • Collaborate with internal teams to identify needs, develop solutions, and implement them. • Provide technical consulting and strategic data solutions to cross-functional internal teams. • Design and implement rigorous data quality protocols to ensure accuracy, governance, and system adequacy. • Develop relationships with IT, FISA, other City agencies, federal partners, and vendors to enhance data-sharing.","Analyst Data and Systems

TASK FORCE: FEMA Disaster Recovery and Homeland Security Grants UNIT: Data and Systems JOB TITLE: One (1) Analyst CONTROL CODE: BAW-27-07 SUMMARY: The Mayor's Office of Management and Budget (OMB) is the City government's chief financial agency. OMB's staff of analysts and experts assembles and oversees the Mayor's expense and capital budgets, which fund the services and activities of approximately 90 City agencies and entities. Within OMB, the OMB Managed Grants (OMG) Task Force works with City, State, and Federal agencies to pursue and manage critical federal funding for City agencies. The Data & Systems Unit within OMG is responsible for governing the City’s grants Management System (GMS), as well as several ancillary City, State, and Federal systems that contribute data as part of the larger recovery effort. The Analyst will critically support the Unit Head to stand up new policies and procedures for managing the Task Force’s vast data infrastructure, to solicit recommendations for improvements to existing systems, and to build out additional functionality to enhance system operation, reporting, and revenue collection. Additionally, this new team member will be responsible for carrying out ad hoc systems and data pipelines to improve the overall efficiency of the task force’s systems. Please note that this is a grant-funded position. Your term of employment is dependent upon the availability of grant funding, but it is expected to be at least three years. JOB DESCRIPTION: The duties of the position include the following: • Develop, maintain and improve the division’s data pipelines and workflows for OMG’s Task Force’s Systems. • Develop a comprehensive understanding of the City’s financial data and database architecture, establish rigorous documentation standards for all data models, infrastructure, and workflows. • Serve as a Quickbase subject matter expert to drive system administration, implement data governance protocols, and automate cross-platform integrations. • Build & maintain tools to make data & information readily accessible to technical and non-technical stakeholders. • Conduct analysis of data related to the City’s budget, spending, revenue, and grant processes. • Collaborate with internal teams to identify needs, develop solutions, and implement them. • Provide technical consulting and strategic data solutions to cross-functional internal teams. • Design and implement rigorous data quality protocols to ensure accuracy, governance, and system adequacy. • Develop relationships with IT, FISA, other City agencies, federal partners, and vendors to enhance data-sharing. QUALIFICATIONS: • Background in Data Analysis, Data Engineering, Information Systems, or related fields. • Must possess a strong expertise in data engineering, in particular building, automating, and optimizing ETL processes. • Proficiency in Python, SQL, and Apache Spark to process large-scale datasets (i.e., CSV, Parquet, Delta Lake formats) and build data pipelines. • Strong experiences with integrating data systems and automating workflows using APIs and webhooks. • Experience in designing and implementing data models, particularly in establishing table-to-table relationships. • Familiarity with cloud-based platforms like Quickbase, Azure Synapse, AWS, Salesforce is preferred. • Strong analytical, organizational, and problem-solving skills with an emphasis on attention to detail. • Strong interpersonal skills, and the ability to maintain working relationships with other teams. • Ability to work independently as a self-motivator and to motivate others. • Ability to work calmly and proficiently under pressure and to adhere to deadlines. REQUIREMENTS: A cover letter is required to be considered for this position. Applications submitted without a cover letter will not be considered. Analyst ($77,327): Bachelor's degree in Business, Finance, Economics, Public Policy Analysis/Administration, or a subject related to the specific assignment and a minimum of two years of budgetary planning/management, financial analysis, audit, compliance, accounting, public policy analysis/administration or a related field; or an awarded Master's degree in Financial Management, Business, Public Administration or a field related to the specific assignment. THE OFFICE OF MANAGEMENT AND BUDGET AND THE CITY OF NEW YORK ARE INCLUSIVE EQUAL OPPORTUNITY EMPLOYERS COMMITTED TO RECRUITING AND RETAINING A DIVERSE WORKFORCE AND PROVIDING A WORK ENVIRONMENT THAT IS FREE FROM DISCRIMINATION AND HARASSMENT BASED UPON ANY LEGALLY PROTECTED STATUS OR PROTECTED CHARACTERISTIC, INCLUDING BUT NOT LIMITED TO AN INDIVIDUAL'S SEX, RACE, COLOR, ETHNICITY, NATIONAL ORIGIN, AGE, RELIGION, DISABILITY, SEXUAL ORIENTATION, VETERAN STATUS, GENDER IDENTITY, OR PREGNANCY. You must be a City resident within 90 days of the date of appointment and you must be legally eligible to work in the United States. SUBMISSION OF A RESUME IS NOT A GUARANTEE THAT YOU WILL RECEIVE AN INTERVIEW; ONLY THOSE CANDIDATES UNDER CONSIDERATION WILL BE CONTACTED.

1. A baccalaureate degree from an accredited college.",,,,not_started,
391112a1f4a8d0187e88,nyc_jobs,"Deputy Commissioner/Chief Equity Officer, Center for Health Equity and Community Wellness",1,"As Deputy Commissioner/Chief Equity Officer, you will lead a dynamic division of over 500 employees with an annual budget of $85M and $70M in grant funding. Reporting directly to the Commissioner of Health, you will set the strategic vision for advancing health equity, investing in place-based programming, embedding anti-racist practices, and driving systemic change across the Department of Health and Mental Hygiene (DOHMH). The Deputy Commissioner will oversee the ""Race to Justice"" initiative, a transformative effort to dismantle institutional racism within DOHMH and beyond. You will work with diverse teams, community partners, and city leaders to create policies and programs that deliver measurable, equitable outcomes for all New Yorkers. What You’ll Do: Lead with Vision: Shape and execute a bold strategy to transform DOHMH into an anti-racist organization, embedding equity into every aspect of operations, policies, and programs. Drive Change: Oversee the Race to Justice initiative, building capacity across the agency to understand and address systemic racism while fostering a culture of accountability and measurable progress. Build Partnerships: Strengthen relationships with community organizations, faith-based groups, and city agencies to advance place-based health equity initiatives and improve coordination of services. Innovate for Impact: Develop and implement cutting-edge public health policies and practices that address the root causes of health inequities and improve outcomes for NYC’s most impacted communities. Inspire and Empower: Lead a team of Assistant Commissioners and equity champions, fostering collaboration, innovation, and a shared commitment to justice and equity. Champion Equity: Represent CHECW at high-level meetings with City Hall, elected officials, and community stakeholders, advocating for policies and investments that prioritize health equity. What We’re Looking For: We are seeking a bold, innovative leader with a deep commitment to racial justice and health equity. The ideal candidate will bring: Education and Management Experience Requirements: Minimum of a Masters from an accredited college or university with major coursework in public policy, sociology, education, ethnic studies, public relations, social work, public health, public administration or a related field; A minimum of 5-7 years of managerial experience especially within governmental or nonprofit sectors. A minimum of 5-7 years of progressive responsibility in policy advocacy and/or community organizing in areas at the intersection of racial justice and health Leadership & Vision: Demonstrated success in leading large teams and driving organizational change. A strategic mindset with the ability to translate vision into action and measurable results. Equity Expertise: A deep understanding of systemic racism and its impact on health outcomes. Experience applying a racial equity lens to decision-making, program design, and policy development. Collaboration & Communication: Exceptional interpersonal skills, with the ability to build trust and partnerships across diverse stakeholders. A collaborative approach to leadership, fostering teamwork and shared accountability. Innovation & Impact: A creative thinker with a track record of developing and implementing innovative public health initiatives. A results-driven leader who thrives in a fast-paced, dynamic environment. Why Join Us? This is your chance to lead transformative work that will shape the future of public health in NYC. As Deputy Commissioner/Chief Equity Officer, you’ll have the opportunity to: Drive systemic change and make a measurable impact on health equity. Collaborate with passionate, mission-driven colleagues and community partners. Lead innovative initiatives that address the root causes of health inequities. Be part of a team that is reimagining what’s possible for public health in NYC. Ready to Make a Difference? Join us in building a healthier, more equitable future for all New Yorkers. Apply today to become the Deputy Commissioner/Chief Equity Officer at CHECW. Why you should work for us? Loan Forgiveness: As a prospective employee of the City of New York, you may be eligible for federal/state loan forgiveness and repayment assistance programs that lessen your payments or even fully forgive your full balance. For more information, please visit the U.S. Department of Education’s website (https://studentaid.gov/pslf/) - Benefits: City employees are entitled to unmatched benefits such as: o a premium-free health insurance plan that saves employees over $10K annually, per a 2024 assessment. o additional health, fitness, and financial benefits may be available based on the position’s associated union/benefit fund. o a public sector defined benefit pension plan with steady monthly payments in retirement. o a tax-deferred savings program and o a robust Worksite Wellness Program that offers resources and opportunities to keep you healthy while serving New Yorkers.","Deputy Commissioner/Chief Equity Officer, Center for Health Equity and Community Wellness

Established in 1805, the New York City Department of Health and Mental Hygiene (NYC Health Department) is the oldest and largest health department in the U.S., dedicated to protecting and improving the health of NYC. Our mission is to safeguard the health of every resident and cultivate a city where everyone, regardless of age, background, or location, can achieve their optimal health. The Center for Health Equity & Community Wellness (CHECW) seeks to eliminate racial and other inequities resulting in premature mortality. We are seeking a visionary leader to serve as Deputy Commissioner/Chief Equity Officer, driving transformative change to create healthier, more equitable communities across New York City. About CHECW: CHECW is at the forefront of addressing the root causes of health inequities. With a focus on social, environmental, and commercial determinants of health, we work to dismantle centuries of systemic injustice and build a future where every New Yorker has the opportunity to thrive. Our work spans community and healthcare systems, partnering with community and faith-based groups, health delivery organizations, and city agencies to tackle inequities head-on. CHECW is home to seven bureaus, including Bronx, Brooklyn, and Harlem Neighborhood Health, Chronic Disease Prevention, Finance and Administrative Services, and Equitable Health Systems. CHECW also houses the newly formed Queens Neighborhood Health bureau. Together, we address both upstream and downstream factors to improve health outcomes for all. The Office of the Chief Equity Officer, housed within CHECW, provides executive leadership to advance equity internally across the agency, with a particular focus on embedding systemic equity principles into programs, and operations. The office advances the Race to Justice initiative by driving organizational accountability, informing strategic decision-making, and supporting the implementation of equitable practices across all levels of the department. The Opportunity: As Deputy Commissioner/Chief Equity Officer, you will lead a dynamic division of over 500 employees with an annual budget of $85M and $70M in grant funding. Reporting directly to the Commissioner of Health, you will set the strategic vision for advancing health equity, investing in place-based programming, embedding anti-racist practices, and driving systemic change across the Department of Health and Mental Hygiene (DOHMH). The Deputy Commissioner will oversee the ""Race to Justice"" initiative, a transformative effort to dismantle institutional racism within DOHMH and beyond. You will work with diverse teams, community partners, and city leaders to create policies and programs that deliver measurable, equitable outcomes for all New Yorkers. What You’ll Do: Lead with Vision: Shape and execute a bold strategy to transform DOHMH into an anti-racist organization, embedding equity into every aspect of operations, policies, and programs. Drive Change: Oversee the Race to Justice initiative, building capacity across the agency to understand and address systemic racism while fostering a culture of accountability and measurable progress. Build Partnerships: Strengthen relationships with community organizations, faith-based groups, and city agencies to advance place-based health equity initiatives and improve coordination of services. Innovate for Impact: Develop and implement cutting-edge public health policies and practices that address the root causes of health inequities and improve outcomes for NYC’s most impacted communities. Inspire and Empower: Lead a team of Assistant Commissioners and equity champions, fostering collaboration, innovation, and a shared commitment to justice and equity. Champion Equity: Represent CHECW at high-level meetings with City Hall, elected officials, and community stakeholders, advocating for policies and investments that prioritize health equity. What We’re Looking For: We are seeking a bold, innovative leader with a deep commitment to racial justice and health equity. The ideal candidate will bring: Education and Management Experience Requirements: Minimum of a Masters from an accredited college or university with major coursework in public policy, sociology, education, ethnic studies, public relations, social work, public health, public administration or a related field; A minimum of 5-7 years of managerial experience especially within governmental or nonprofit sectors. A minimum of 5-7 years of progressive responsibility in policy advocacy and/or community organizing in areas at the intersection of racial justice and health Leadership & Vision: Demonstrated success in leading large teams and driving organizational change. A strategic mindset with the ability to translate vision into action and measurable results. Equity Expertise: A deep understanding of systemic racism and its impact on health outcomes. Experience applying a racial equity lens to decision-making, program design, and policy development. Collaboration & Communication: Exceptional interpersonal skills, with the ability to build trust and partnerships across diverse stakeholders. A collaborative approach to leadership, fostering teamwork and shared accountability. Innovation & Impact: A creative thinker with a track record of developing and implementing innovative public health initiatives. A results-driven leader who thrives in a fast-paced, dynamic environment. Why Join Us? This is your chance to lead transformative work that will shape the future of public health in NYC. As Deputy Commissioner/Chief Equity Officer, you’ll have the opportunity to: Drive systemic change and make a measurable impact on health equity. Collaborate with passionate, mission-driven colleagues and community partners. Lead innovative initiatives that address the root causes of health inequities. Be part of a team that is reimagining what’s possible for public health in NYC. Ready to Make a Difference? Join us in building a healthier, more equitable future for all New Yorkers. Apply today to become the Deputy Commissioner/Chief Equity Officer at CHECW. Why you should work for us? Loan Forgiveness: As a prospective employee of the City of New York, you may be eligible for federal/state loan forgiveness and repayment assistance programs that lessen your payments or even fully forgive your full balance. For more information, please visit the U.S. Department of Education’s website (https://studentaid.gov/pslf/) - Benefits: City employees are entitled to unmatched benefits such as: o a premium-free health insurance plan that saves employees over $10K annually, per a 2024 assessment. o additional health, fitness, and financial benefits may be available based on the position’s associated union/benefit fund. o a public sector defined benefit pension plan with steady monthly payments in retirement. o a tax-deferred savings program and o a robust Worksite Wellness Program that offers resources and opportunities to keep you healthy while serving New Yorkers. Work From Home Policy: Depending on your position, you may be able to work up to two days during the week from home. - Job Security - you could enjoy more job security compared to private sector employment and be able to contribute to making NYC a healthy place to live and work. Come join us and help to continue our efforts in making a difference in the lives of all New Yorkers! The NYC Health Department is an inclusive equal opportunity employer committed to providing access and reasonable accommodation to all individuals. To request reasonable accommodation to participate in the job application or interview process, contact Sye-Eun Ahn, Director of the Office of Equal Employment Opportunity, at sahn1@health.nyc.gov or 347-396-6549.

1. Minimum of a Masters from an accredited college or university with major coursework in public policy, sociology, education, ethnic studies, public relations, social work, public health, public administration, or a related field 2. A minimum of 5-7 years of managerial experience especially within governmental or nonprofit sectors. 3. A minimum of 5-7 years of progressive responsibility in policy advocacy and/or community organizing in areas at the intersection of racial justice and health.",,,,not_started,
05bb010df9f681ecfb8e,arbeitnow,Product Manager - Wealth,1,"This role is responsible for the strategy, roadmap and delivery of Aveni Assist, driving its continued evolution across core adviser workflows including meeting summaries, document generation, Letters of Authority, fact finds and compliance file checking.

Unlike an early-stage product, Aveni Assist already has an established customer base and a strong market presence. Your focus will be on scaling the product through continuous improvement—enhancing customer workflows, increasing adoption and satisfaction, and delivering measurable value that drives retention and growth.

This is a hands-on, high-ownership product role. You'll work closely with the Head of Product (Wealth) on product strategy while independently leading customer discovery, roadmap prioritisation, delivery and release planning. You'll collaborate with Engineering, Design, Customer Success and Commercial teams to ensure we're solving the right problems and delivering the highest-value outcomes.

We're looking for someone who enjoys understanding complex customer needs, making evidence-based decisions and building products that customers genuinely value.

You'll own the Aveni Assist roadmap end-to-end, balancing investment between new capabilities, product quality and platform improvements to maximise customer and commercial impact.
You'll lead continuous discovery with advisers, paraplanners, compliance teams and prospects, building a deep understanding of customer workflows and translating insight into product decisions.
You'll rapidly validate ideas using prototypes, customer research and experimentation, reducing delivery risk before committing engineering effort.
You'll own beta programmes for new capabilities, working closely with customers to gather structured feedback and determine when features are ready for general release.
You'll partner closely with Engineering and Design to translate strategy into clear delivery plans, maintaining a healthy backlog and ensuring features are released with a high standard of quality.
You'll build strong relationships across Engineering, Customer Success, Commercial and Marketing, acting as a trusted voice for the product and ensuring customer insight informs decision-making across the business.
You'll use customer feedback, usage analytics and product metrics to guide prioritisation, measure success and continually improve the product.
You'll stay informed about industry trends, adviser technology, AI developments and FCA regulation, ensuring Aveni Assist continues to lead the market.","Product Manager - Wealth

About the job
Aveni is redefining how financial institutions use AI. We build real, production-ready agentic systems that reshape how banks, advisers and financial services firms operate, replacing fragmented processes with intelligent, end-to-end workflows. We've been recognised as Fintech of the Year for two consecutive years and awarded Best Specialist Technology Service at the Professional Adviser Awards 2025. Backed by leading investors and commercially supported by major financial institutions, we're scaling quickly as adoption of AI in financial services accelerates.

Our Wealth platform helps financial advice firms transform how advisers and paraplanners work, using AI to automate documentation, improve compliance and streamline client servicing. From meeting summaries and document generation to compliance file checking and workflow automation, we're helping firms deliver a better experience for both advisers and their clients.
We're looking for a Product Manager – Wealth to lead the evolution of Aveni Assist, our flagship AI-powered platform for financial advice firms.

The role

This role is responsible for the strategy, roadmap and delivery of Aveni Assist, driving its continued evolution across core adviser workflows including meeting summaries, document generation, Letters of Authority, fact finds and compliance file checking.

Unlike an early-stage product, Aveni Assist already has an established customer base and a strong market presence. Your focus will be on scaling the product through continuous improvement—enhancing customer workflows, increasing adoption and satisfaction, and delivering measurable value that drives retention and growth.

This is a hands-on, high-ownership product role. You'll work closely with the Head of Product (Wealth) on product strategy while independently leading customer discovery, roadmap prioritisation, delivery and release planning. You'll collaborate with Engineering, Design, Customer Success and Commercial teams to ensure we're solving the right problems and delivering the highest-value outcomes.

We're looking for someone who enjoys understanding complex customer needs, making evidence-based decisions and building products that customers genuinely value.

What you'll be doing

You'll own the Aveni Assist roadmap end-to-end, balancing investment between new capabilities, product quality and platform improvements to maximise customer and commercial impact.
You'll lead continuous discovery with advisers, paraplanners, compliance teams and prospects, building a deep understanding of customer workflows and translating insight into product decisions.
You'll rapidly validate ideas using prototypes, customer research and experimentation, reducing delivery risk before committing engineering effort.
You'll own beta programmes for new capabilities, working closely with customers to gather structured feedback and determine when features are ready for general release.
You'll partner closely with Engineering and Design to translate strategy into clear delivery plans, maintaining a healthy backlog and ensuring features are released with a high standard of quality.
You'll build strong relationships across Engineering, Customer Success, Commercial and Marketing, acting as a trusted voice for the product and ensuring customer insight informs decision-making across the business.
You'll use customer feedback, usage analytics and product metrics to guide prioritisation, measure success and continually improve the product.
You'll stay informed about industry trends, adviser technology, AI developments and FCA regulation, ensuring Aveni Assist continues to lead the market.

What we're looking for

We're looking for someone with a proven track record as a Product Manager in a B2B SaaS environment, ideally with experience scaling an established product by improving customer satisfaction, adoption and retention.
You'll have demonstrable experience leading customer discovery, translating customer insight into product decisions and working closely with Engineering and Design to deliver high-quality software.
You'll have excellent product judgement, strong communication skills and the confidence to make difficult prioritisation decisions, balancing customer needs with commercial objectives.
You'll be analytically rigorous, comfortable using both qualitative and quantitative data to inform decisions, and capable of building trusted relationships across technical and commercial teams.
We're particularly interested in people who are proactive, self-directed and passionate about improving products through continuous iteration and customer feedback.

Nice to have

Experience with AI-powered products or machine learning technologies would be valuable, as would experience within financial services, wealth management or other regulated industries.
Knowledge of FCA Consumer Duty, adviser technology platforms or wealth management workflows would be advantageous, but isn't essential.
Experience running beta programmes, defining quality standards for AI-generated outputs or contributing to go-to-market activities would also be beneficial.

Why join Aveni?

You’ll work on genuinely difficult and meaningful problems at the intersection of AI, regulation and financial services.

You’ll help shape a product category that is becoming increasingly important as financial institutions move from experimenting with AI to deploying it safely, responsibly and at scale.

You’ll have real ownership, visibility and the opportunity to influence both product direction and market positioning at an important stage of Aveni’s growth.

Benefits at Aveni

What you’ll love:
Remote-first working across the UK
Company-wide offsites and regular in-person gatherings
Work abroad policy
Optional Personal Development Plan
Flexible benefits platform, so you can choose the benefits that matter most to you
Life insurance, income protection, critical illness cover and pension, with up to 5% matched employer contribution
Private health and dental care

At Aveni, we believe diversity drives innovation. We’ve built our business to ensure an inclusive workplace where everyone feels valued and empowered to contribute their best work.
If you’re passionate about technology and its ability to drive positive change for the future of financial services, we’d love to hear from you. Even if you don’t meet 100% of the requirements, we’d still encourage you to apply if you believe you’d be a great fit.

Find
Jobs in United Kingdom
on Arbeitnow",,,,not_started,
105e8d569cdb317f77c3,nyc_jobs,Special Assistant Intern - Operations,1,(no responsibilities heading detected by rules - read full_posting_text),"Special Assistant Intern - Operations

DCAS's mission is to make city government work for all New Yorkers. From managing New York City’s most iconic courthouses and municipal buildings, to purchasing over $1 billion annually in goods and services for more than 80 City agencies — what we do ensures that all agencies can deliver on their mission. Our reach touches every facet of city government and is instrumental to the successful day-to-day operations of the City of New York. Our commitment to equity, effectiveness, and sustainability guides our work providing City agencies with the critical resources and support needed to succeed, including: • Recruiting, hiring, and training City employees. • Managing 56 public buildings. • Acquiring, selling, and leasing City property. • Purchasing over $1 billion in goods and services for City agencies. • Overseeing the greenest municipal vehicle fleet in the country. • Leading the City's efforts to reduce carbon emissions from government operations. When you work at DCAS, you're not just working for one agency, but in service of them all. It's an opportunity to provide impactful support, quality customer service, and help protect the future of New York City for generations to come. Visit our website at nyc.gov/dcas to learn more about the work we do. The Department of Citywide Administrative Services' (DCAS) Citywide Equity and Inclusion (CEI) Line of Service sets the standards for City agencies to implement the City's EEO Policy. This includes the implementation of initiatives that align with, and operationalize, the legal mandates and legislation designed to prevent workplace discrimination and harassment under the City's legally protected categories. CEI also develops and updates the City's EEO and diversity, equity and inclusion trainings portfolio to promote the awareness of rights, responsibilities and resources for the city workforce. The unit also organizes mandatory EEO best practices meetings and other educational programs and professional development for EEO professionals; conducts third-party EEO investigations when the agency head or the EEO officer is a party in the matter; promotes compliance with training programs and reporting requirements; designs and maintains compliance tools and reference resources. In addition, CEI provides guidance to agencies on emerging issues related to fair and effective employment practices, many of which impact retention and inclusivity; and guides agencies on preparation of their annual EEO plans as authorized by the New York City Charter Chapter 35, Section 814.1. Reporting to the Chief of Staff, Citywide Equity and Inclusion, the selected candidate will be responsible for, but not limited to the following tasks: • Coordinates and reviews information or recommendations from departmental staff. • Prepares agendas and fact sheets and secures necessary background material for meetings and conferences. • Coordinates and schedules meetings including logistics and follow-up. • Responds to inquiries from the public and government officials in a professional and timely manner. • Provides administrative support to the line of service and performs other duties as assigned. • Conducts research and writing on EEO, employment law, policy issues, or special assignments as needed. • Assists in executing special projects involving cross-agency coordination, data collection, or policy development. • Helps develop and update training materials for citywide non-discrimination training. • Assists with case practice reviews by compiling documents, preparing summaries, and supporting review workflows. • Provides support for high-level investigations, including scheduling, document preparation, and research. To Apply: Please go to www.nyc.gov/jobs, or www.nyc.gov/ess for current NYC employees, and search for Job ID # 797803. No phone calls, faxes or personal inquiries permitted. Only those candidates under consideration will be contacted.

For Assignment Level I: Matriculation at an accredited college or graduate school. Employment is conditioned upon continuance as a student in a college or graduate school. For Assignment Level II (Information Technology): Matriculation at an accredited college or graduate school. Employment is conditioned upon continuance as a student in a college or graduate school with a specific course of study in information technology, computer science, management information systems, data processing, or closely related field, including or supplemented by 9 semester credits in an acceptable course of study. For Assignment Level III (Information Technology Fellow): Matriculation at an accredited college or graduate school. Employment is conditioned upon continuance as a student in a college or graduate school with a specific course of study in information technology, computer science, management information systems, data processing, or other area relevant to the information technology project(s) assigned, including or supplemented by 9 semester credits in an acceptable course of study. Appointments to this Assignment Level will be made by the Technology Steering Committee through the Department of Information Technology and Telecommunications. SPECIAL NOTE Maximum tenure for all Assignment Levels in the title of College Aide is 6 years. No student shall be employed more than half-time in any week in which classes in which the student is enrolled are in session. Students may be employed full-time during their vacation periods.

• Strong communication, organizational and interpersonal skills • Ability to write correspondence and summaries • Excellent computer skills • Attention to details and ability to multi-task • Strong sense of initiative and engagement • Regard for confidentiality • Genuine interest in the nature of CEI work, including EEO, as well as Operations Management and City government is a plus",,,,not_started,
751a53b56992ff974884,nyc_jobs,Program Officer,1,"• Oversee assigned caseload of older adult programs and other community-based services; function as the primary point of contact and communication between the programs and the Department; stays current on programs’ status and progress toward achievement of program goals and contractual obligations. • Provide written and verbal information on community-based programs as needed by the Bureau using required computer tools and reporting methods. • Monitor and conduct comprehensive on-site assessments to assure programs’ compliance with the Department for the Aging Standards and contract requirements. Analyzes current and prior contractual performance of service providers and contracted services using standard assessment tools. • Interpret agency policy and provides comprehensive technical assistance as needed to assigned aging services providers, often on site, to maximize program goals and ensure compliance with NYC Aging standards. • Identify areas of program strength and weakness, recommend improvements, and evaluate quality of program services and prepare written reports on findings and recommendations. • Analyze program contacts and budgets; inform, collaborate and serve as a liaison with other NYC Aging Units regarding programmatic issues. • Assist in the review of contracts, amendments, agreements and renewals in accordance with Bureau timeframes. • Participate in the reading and evaluation of the Agency's Request for Proposals (RFP). • Participate in special projects and new initiatives as assigned.","Program Officer

In order to be considered for the position candidates must be a current City Employee and be serving permanently in the title of Program Officer or have taken the most recent Program Officer civil service exam and be reachable for appointment from the resulting list. With an overarching mission to eliminate ageism and ensure the dignity and quality of life of approximately 1.8 million older New Yorkers, the NYC Department for the Aging is deeply committed to helping older adults age in their homes and creating a community-care approach that reflects a model age-inclusive city. NYC Aging seeks a dynamic, motivated and detail-oriented individual to serve as a Program Officer to work in the Bureau of Community Services, Older Adult Centers Division. Responsibilities and duties of the Program Officer include: • Oversee assigned caseload of older adult programs and other community-based services; function as the primary point of contact and communication between the programs and the Department; stays current on programs’ status and progress toward achievement of program goals and contractual obligations. • Provide written and verbal information on community-based programs as needed by the Bureau using required computer tools and reporting methods. • Monitor and conduct comprehensive on-site assessments to assure programs’ compliance with the Department for the Aging Standards and contract requirements. Analyzes current and prior contractual performance of service providers and contracted services using standard assessment tools. • Interpret agency policy and provides comprehensive technical assistance as needed to assigned aging services providers, often on site, to maximize program goals and ensure compliance with NYC Aging standards. • Identify areas of program strength and weakness, recommend improvements, and evaluate quality of program services and prepare written reports on findings and recommendations. • Analyze program contacts and budgets; inform, collaborate and serve as a liaison with other NYC Aging Units regarding programmatic issues. • Assist in the review of contracts, amendments, agreements and renewals in accordance with Bureau timeframes. • Participate in the reading and evaluation of the Agency's Request for Proposals (RFP). • Participate in special projects and new initiatives as assigned.

1. A baccalaureate degree from an accredited college or university and three years of full-time satisfactory professional experience in social services, community relations, public administration or management, contract management, or social research and/or planning, or 2. Education and/or experience that is equivalent to ""1"" above. Experience as described in ""1"" above may be substituted for education on a year-for year basis. However, all candidates must: (a) have one year of experience as described in ""1"" above and (b) possess a four-year high school diploma or its educational equivalent. For Assignment Level II, in addition to meeting the qualification requirements above, one additional year of the experience described in ""1"" above is required.

• Proficiency in Microsoft Office Suite; Excel, Word preferred. • Candidates must be willing to travel extensively within the five boroughs of New York City. • Bi-lingual (Spanish, Chinese) is a plus.",,,,not_started,
96e7892a422bcab5f86d,arbeitnow,Purview Expert (m/w/d),1,"As a
Purview Expert
(m/w/d) located in Germany, you will specialize in managing and leveraging Purview for data security and compliance.

Your role will be pivotal in ensuring the effective organization, protection, and management of organizational data assets for our customers. You will work closely with stakeholders to implement solutions that meet regulatory and security requirements while optimizing data accessibility and utility.

Typical tasks include, but are not limited to:

Classification & Labelling:
Assess, design & implement information protection schemes for Clients, including sensitivity labels & encryption, sensitive information types and auto-labelling capabilities within Purview.

Data Loss Prevention
: Design and implement Data Loss Prevention across the M365 stack and users’ endpoints in an effective manner that minimizes impact on users, while following the customers’ internal policies.

Data Retention
: Design and implement data retention solutions, based on the customers’ legal, regulatory and contractual requirements.

Stakeholder Collaboration:
Engage with cross-functional teams (both within NVISO and in customers) to understand data requirements and design strategies that leverage Purview to enhance data management and compliance.

Regulatory Compliance:
Monitor and ensure adherence to data privacy and protection regulations by utilizing Purview’s compliance capabilities to mitigate risks.

Solution Design and Development:
Develop and implement best practices for data protection & governance within Purview. Engage in Business development and pre-sales activities.

Training and Support:
Provide training and technical support to colleagues on Purview capabilities, fostering knowledge and competency in data governance practices.","Purview Expert (m/w/d)

It all starts with the mission: NVISO is here to protect European society from potentially devastating cyber attacks! This means we offer cyber security services to private and governmental organizations to help them better prepare for, prevent, detect and respond to cyber security incidents.

All of this is built on four fundamental values that define who we are: We are Proud, We Break Barriers, We Care and No BS!

Tasks

As a
Purview Expert
(m/w/d) located in Germany, you will specialize in managing and leveraging Purview for data security and compliance.

Your role will be pivotal in ensuring the effective organization, protection, and management of organizational data assets for our customers. You will work closely with stakeholders to implement solutions that meet regulatory and security requirements while optimizing data accessibility and utility.

Typical tasks include, but are not limited to:

Classification & Labelling:
Assess, design & implement information protection schemes for Clients, including sensitivity labels & encryption, sensitive information types and auto-labelling capabilities within Purview.

Data Loss Prevention
: Design and implement Data Loss Prevention across the M365 stack and users’ endpoints in an effective manner that minimizes impact on users, while following the customers’ internal policies.

Data Retention
: Design and implement data retention solutions, based on the customers’ legal, regulatory and contractual requirements.

Stakeholder Collaboration:
Engage with cross-functional teams (both within NVISO and in customers) to understand data requirements and design strategies that leverage Purview to enhance data management and compliance.

Regulatory Compliance:
Monitor and ensure adherence to data privacy and protection regulations by utilizing Purview’s compliance capabilities to mitigate risks.

Solution Design and Development:
Develop and implement best practices for data protection & governance within Purview. Engage in Business development and pre-sales activities.

Training and Support:
Provide training and technical support to colleagues on Purview capabilities, fostering knowledge and competency in data governance practices.

Requirements

You hold citizenship in one of the 32 NATO member states or the Austrian citizenship
;

Excellent communication skills in English and German;

Education:
Bachelor’s degree in Information Technology, Computer Science, Data Science, or a related field; advanced degree preferred;

Experience:
Extensive experience (5+ years) working with Microsoft Cloud technologies, with specialized expertise (2+ years) in Microsoft Purview;

Technical Skills:
Proficiency in configuring and managing Microsoft Purview, and experience with its interactions with other Microsoft 365 technologies such as Defender for Cloud Apps, Defender for Endpoint, etc. (i.e. Defender XDR);

Regulatory Knowledge:
Solid understanding of data protection regulations such as GDPR, HIPAA, and CCPA, and experience ensuring compliance within Purview environments.

Benefits

At NVISO, we care. We are committed to offering you a highly competitive remuneration package including financial and non-financial components:

Working and learning from the best people in the European cyber security industry. We have multiple SANS Instructors working at NVISO, our staff has presented at popular hacking conferences (BlackHat, BruCON, OWASP, etc) and all of our technical staff can acquire deep technical security certifications (GSE, GXPN, GREM, GCFA, OSCP, etc);

Generous training budget of 10.000 EUR + 10 man days for attending lectures rolling over 2 years;

Base salary range (depending on experience and skillset): 75.000 EUR p.a. – 120.000 EUR p.a.;

Support for technical growth with Cloud trainings + certifications;

Regular team-building and fun events;

Our commitment to coach and counsel you and help you grow; each employee receives a personal coach within the team, whose role is to ensure your well-being and helps you grow in your career!

Flexible working hours and home office possibilities (incl. working abroad weeks within the EU);

Business Bike Leasing;

BahnCard 50 1st class + public transfer ticket or EGYM WellPass;

30 holidays;

Company Pension Scheme;

Cool offices in the center of Frankfurt, Munich and Vienna (with BBQ, kicker table, table tennis, playstations, etc.).

IF YOU'RE INTERESTED, PLEASE SEND US YOUR APPLICATION!

WE'RE LOOKING FORWARD TO MEETING YOU!

Disclaimer on the Use of AI Tools in the Application Process

Please be aware that the creation and submission of application documents (e.g. CV, cover letter, case studies, etc.) using AI-powered tools is only permitted to a
limited extent
.

Our expectations:

Application documents must authentically reflect your own qualifications, personality, and motivation.

The use of AI for supportive purposes (e.g. spell-checking, improving wording) is acceptable.

Fully generated application documents created by AI without personal adaptation or review are not permitted.

Under no circumstances may
NVISO information, data, or documents
be uploaded to or processed by external AI tools.

We reserve the right to exclude applications from the selection and interview process that are clearly created primarily or exclusively by AI and show no recognizable personal input.

The purpose of this policy is to ensure a fair and transparent recruitment process and to obtain an authentic impression of our applicants.

Find
Jobs in Germany
on Arbeitnow",,,,not_started,
5095082b7a5e8e644d85,nyc_jobs,Summons Processing Support,1,"- Performs clerical work in relation to printing out summonses in a timely manner categorized by hearing date. - Processes Department of State summonses by assembling packages in chronological order and process certified and regular mail. - Updates and uploads records in a database for accuracy of information and edits information in computer systems to update records. The ideal candidate will have experience in customer service and administrative duties with New York City DEP with at least three years of professional experience. The Clerical Associate should be proficient in computers and have a working knowledge of MS Office skills, including Excel and Word.","Summons Processing Support

-IMPORTANT NOTE: Only those serving as a permanent Clerical Associate can be considered for an interview. The NYC Department of Environmental Protection (DEP) enriches the environment and protects public health for all New Yorkers by providing 1.1 billion gallons of high-quality drinking water, managing wastewater and stormwater, and reducing air, noise, and hazardous materials pollution. DEP is the largest combined municipal and wastewater utility in the country, with nearly 6,000 employees. DEP's water supply system is comprised of 19 reservoirs and 3 controlled lakes throughout the system's 2,000 square mile watershed that extends 125 miles north and west of the city. The Bureau of Environmental Compliance's mission is the enforcement of environmental laws and regulations, which affect the health and safety of the public and environment. Specifically, the bureau enforces the City's Asbestos regulations as well as the Air and Noise Codes. The Bureau is comprised of the Division of Air &Noise Policy, Permitting and Enforcement and the Asbestos Control Program. These divisions respond to air and noise code complaints; inspect and track asbestos removal projects; and foster the goals of environmental protection. The Clerical Associate will perform administrative duties in support of the New York City Air Pollution Control Program and other matters under the jurisdiction of the Bureau of Environmental Compliance. Under direction of a supervisor, the selected candidate will work as a Clerical Associate with the responsibility of performing clerical duties assigned by the supervisor. The Clerical Associate will perform the following duties: - Performs clerical work in relation to printing out summonses in a timely manner categorized by hearing date. - Processes Department of State summonses by assembling packages in chronological order and process certified and regular mail. - Updates and uploads records in a database for accuracy of information and edits information in computer systems to update records. The ideal candidate will have experience in customer service and administrative duties with New York City DEP with at least three years of professional experience. The Clerical Associate should be proficient in computers and have a working knowledge of MS Office skills, including Excel and Word.

Qualification Requirements A four-year high school diploma or its educational equivalent approved by a State's department of education or a recognized accrediting organization and one year of satisfactory clerical experience. Skills Requirement Keyboard familiarity with the ability to type at a minimum of 100 key strokes (20 words) per minute.

Ability to perform clerical functions efficiently and accurately. Ability to carry out assigned tasks decisively and accurately and work efficiently, excellent customer service and oral communication. Communicate clearly and diplomatically with the public, and supervisors. The position requires close attention to detail and organization skills and strong computer skills to ensure all tasks are completed in a timely manner. Excellent oral and written communication skills are mandatory.",,,,not_started,
4fafe3e6f5d7b74b4363,arbeitnow,Account Manager,1,"The main focus of this role is sales and business development focused on the Life Sciences industry and requires a person with a strong entrepreneurial mindset and a proactive attitude in outbound sales.

Develop prospective clients through several strategies including internet sourcing, trade show lists, referrals, various professional directories and personal investigation
Foster and close new clients through referrals, cold calling, networking, and other means (trade shows, regional organisations, etc.)
Responsible for growing new business from existing clients, including working closely with senior leadership to expand current relationships and up-sell the TransPerfect portfolio
Creatively problem solve to improve current new business development strategy
Negotiate rates and deadlines with prospective and current clients
Educate prospective and existing clients regarding the translation process, including TransPerfect’s rates, justification for turnaround time, and competitors’ information
Liaise with production to ensure that all jobs are handled appropriately and with keen attention to detail, resulting in a perfect product
Consistently follow up with clients to ensure their satisfaction with delivery, quality and customer service
Understand all industries that TransPerfect markets to including industry leaders, current events and any other pertinent data

Essential skills required:
Commit to a high level of integrity and service
Superior written and spoken communication skills in
German & English
Deliver quality work
Service focused with a desire to exceed clients’ expectations

Multitask and work with a sense of urgency in a fast-paced environment
Commit to always treating everyone (from clients to co-workers to vendors to business partners) with the ultimate level of respect
Work well in a team with people from a variety of different backgrounds and cultures
Build and maintain strategic relationships with clients and co-workers
Celebrate diversity and embrace new ideas and differing perspectives
Be financially responsible and make sound financial decisions
Take active measures to achieve results and solve problems
Experience required:
Problem solving mindset
Strong interpersonal skills with prior experience in a client facing role
Strong written and spoken communication skills
Good analytical skills with attention to detail
Most importantly, the ideal candidate must demonstrate ability to: multitask in a fast-paced environment, work well with people from a variety of different backgrounds and cultures, build strategic relationships with clients and co-workers, work as part of a team, take active measures to solve problems and commit to a high level of service
By applying, I confirm I have read and accept TransPerfect's Privacy Policy:
https://www.transperfect.com/about/data-privacy-recruiting
Find more
English Speaking Jobs in France
on Arbeitnow","Account Manager

Do you want to work for the global leader in the language services and technology industry?

Are you interested in helping international brands/organisations find and implement solutions that allow them to communicate, operate and sell their products and services efficiently and effectively? And are you the type of person who enjoys an integrity focused, fast-paced, entrepreneurial, innovative, vibrant environment? Then we'd like to hear from you!
TransPerfect’s vision is to be the world's premier provider of global language and business solutions. We will accomplish this by applying our values, passion, dedication, and innovation to help our clients improve their businesses and achieve their goals on a global scale. Our services portfolio covers everything from business support services such as interpretation, multicultural and digital marketing, SEO and website globalisation to multimedia work, video, e-learning and training, and legal support services. All services and client partnerships are aided by best-in-breed software platforms, specialised in optimising business processes.
That’s enough about us – what about you?
We look for and appreciate anyone who is willing to roll up their sleeves and get stuck in! We offer a fast growth path for career and personal development and provide full training around our services, technology solutions and workflows. Therefore, the key skills we are looking for are solid communication and relationship building abilities, keeping a cool head under pressure and really owning your role, taking responsibility for your clients and their business success.
If this sounds like you, we would love to hear from you! We have over 140 offices worldwide, but this particular opportunity is to be based in one of our offices in Paris, London or Milan.
Position Summary:

The main focus of this role is sales and business development focused on the Life Sciences industry and requires a person with a strong entrepreneurial mindset and a proactive attitude in outbound sales.
Key position responsibilities:
Develop prospective clients through several strategies including internet sourcing, trade show lists, referrals, various professional directories and personal investigation
Foster and close new clients through referrals, cold calling, networking, and other means (trade shows, regional organisations, etc.)
Responsible for growing new business from existing clients, including working closely with senior leadership to expand current relationships and up-sell the TransPerfect portfolio
Creatively problem solve to improve current new business development strategy
Negotiate rates and deadlines with prospective and current clients
Educate prospective and existing clients regarding the translation process, including TransPerfect’s rates, justification for turnaround time, and competitors’ information
Liaise with production to ensure that all jobs are handled appropriately and with keen attention to detail, resulting in a perfect product
Consistently follow up with clients to ensure their satisfaction with delivery, quality and customer service
Understand all industries that TransPerfect markets to including industry leaders, current events and any other pertinent data
Perform other special projects or duties when required

Essential skills required:
Commit to a high level of integrity and service
Superior written and spoken communication skills in
German & English
Deliver quality work
Service focused with a desire to exceed clients’ expectations
Owning your performance and taking responsibility
Multitask and work with a sense of urgency in a fast-paced environment
Commit to always treating everyone (from clients to co-workers to vendors to business partners) with the ultimate level of respect
Work well in a team with people from a variety of different backgrounds and cultures
Build and maintain strategic relationships with clients and co-workers
Celebrate diversity and embrace new ideas and differing perspectives
Be financially responsible and make sound financial decisions
Take active measures to achieve results and solve problems
Experience required:
Problem solving mindset
Strong interpersonal skills with prior experience in a client facing role
Strong written and spoken communication skills
Good analytical skills with attention to detail
Most importantly, the ideal candidate must demonstrate ability to: multitask in a fast-paced environment, work well with people from a variety of different backgrounds and cultures, build strategic relationships with clients and co-workers, work as part of a team, take active measures to solve problems and commit to a high level of service
By applying, I confirm I have read and accept TransPerfect's Privacy Policy:
https://www.transperfect.com/about/data-privacy-recruiting
Find more
English Speaking Jobs in France
on Arbeitnow",,,,not_started,
24be9713838ce65bb2d1,arbeitnow,Senior Account Executive - Enterprise,1,"You will be pivotal to telli’s growth. Your mission is to drive revenue by building trusted relationships with enterprise customers and closing complex, high-value deals (€100k+ land deal size). As one of the first Sr. Enterprise AEs at telli, you’ll play a key role in shaping how we win, navigate, and scale our enterprise sales motion.

Own complex enterprise deals end-to-end:
Lead €100k+ deals from first discovery through signature, including demos, business cases, security reviews, procurement, legal, contract negotiations, and executive alignment. You uncover where telli creates measurable value and build the case to make it a priority.
Build and own your pipeline:
Our SDR team supports you, but you can generate own Enterprise pipeline. You identify the right accounts, develop account strategies, write outbound, make the calls, and create opportunities where none existed before.
Navigate complex buying committees:
Build relationships across Sales, Operations, CX, IT, Security, Legal, Procurement, Finance, and the C-Suite at large organizations. You identify champions, understand internal politics, and create consensus across multiple stakeholders.
Run strategic, multi-threaded sales processes:
You don't rely on a single champion. You map the organization, understand who influences the decision, and build relationships at multiple levels long before procurement enters the process.
Own a quota and close €100k+ deals:
Drive meaningful new ARR and take full accountability for your forecast, pipeline coverage, and revenue target.
Build compelling business cases:
Translate telli's product into measurable commercial impact for the customer and make the ROI clear enough to win internal budget and executive sponsorship.
Bring the customer into the company:
Feed structured insights back into product, marketing, and strategy. You sit closest to some of our most important prospects and customers, and your signal helps shape what we build next.","Senior Account Executive - Enterprise

about us
Every 10 minutes, 18 million conversations happen between businesses and consumers around the world.
For decades, the consumer side of those conversations sucked: long queues, robotic menus, repeated explanations, and advice that is often unhelpful. Most people today still cannot simply say what their problem is in natural language when communicating with businesses.
AI changes that. For the first time, companies can have natural conversations with customers at massive scale. Every B2C company - from energy providers to telcos to insurers - will use AI agents to talk to their customers. The number of conversations businesses will handle is going to explode in the coming years.
At telli, we are solving the challenges that come with that shift. Today, leading B2C companies like Sky are already using telli to deploy thousands of voice agents to provide their customers with a new experience. But building a first voice agent is easy, getting it to drive real outcomes for customers and businesses is the hard part. telli helps companies build, deploy, and improve consumer-facing AI voice agents at scale. This will become one of the most important software categories of the next decade, and we intend to win it.
We are a small, AI-pilled team that likes to solve hard problems. Be it engineering, product, or GTM - we build, experiment, and move fast, while heavily leveraging the capabilities of AI models. All of us like to challenge ourselves and take real ownership over what we do, all while still staying humble and keeping a low-ego culture.
Check out our
principles
to see how we work.
your mission:
You will be pivotal to telli’s growth. Your mission is to drive revenue by building trusted relationships with enterprise customers and closing complex, high-value deals (€100k+ land deal size). As one of the first Sr. Enterprise AEs at telli, you’ll play a key role in shaping how we win, navigate, and scale our enterprise sales motion.

what you'll do:
Own complex enterprise deals end-to-end:
Lead €100k+ deals from first discovery through signature, including demos, business cases, security reviews, procurement, legal, contract negotiations, and executive alignment. You uncover where telli creates measurable value and build the case to make it a priority.
Build and own your pipeline:
Our SDR team supports you, but you can generate own Enterprise pipeline. You identify the right accounts, develop account strategies, write outbound, make the calls, and create opportunities where none existed before.
Navigate complex buying committees:
Build relationships across Sales, Operations, CX, IT, Security, Legal, Procurement, Finance, and the C-Suite at large organizations. You identify champions, understand internal politics, and create consensus across multiple stakeholders.
Run strategic, multi-threaded sales processes:
You don't rely on a single champion. You map the organization, understand who influences the decision, and build relationships at multiple levels long before procurement enters the process.
Own a quota and close €100k+ deals:
Drive meaningful new ARR and take full accountability for your forecast, pipeline coverage, and revenue target.
Build compelling business cases:
Translate telli's product into measurable commercial impact for the customer and make the ROI clear enough to win internal budget and executive sponsorship.
Bring the customer into the company:
Feed structured insights back into product, marketing, and strategy. You sit closest to some of our most important prospects and customers, and your signal helps shape what we build next.

what makes you a great fit:
You have 3+ years of experience closing enterprise deals:
You have proven experience owning complex €100k+ sales cycles and selling to senior and C-Suite economic buyers.
You know how to navigate complexity:
You've worked through long sales cycles involving multiple departments, procurement, security, legal, and competing internal priorities, without losing control of the deal.
You're an elite relationship builder:
You know the difference between a contact, a champion, and an economic buyer. You build trust quickly and have won deals because of the relationships you created across an organization.
You're a hunter:
You know how to manufacture pipeline without relying on a warm inbound stream. You're comfortable breaking into large accounts and creating urgency from scratch.
You have executive presence:
You can hold your own with C-Suite stakeholders from the first interaction. You communicate clearly, challenge thoughtfully, and earn credibility quickly.
You think strategically about accounts:
You don't just run meetings, you map stakeholders, identify blockers, understand incentives, and continuously think about what needs to happen for the deal to move forward.
You're commercially sharp:
You understand how to build a business case, quantify value, negotiate confidently, and protect deal quality while getting complex agreements across the line.
You're obsessively prepared:
You know more about the prospect's business, priorities, and challenges than they expect you to. Every interaction has a purpose.
You're low ego and high accountability:
You're not above doing the grunt work. You take ownership when things go wrong, act on feedback quickly, and share credit when things go right.
You speak business-level German and English
You want to work
on-site 5 days a week
in
Berlin

you may
not
be a good fit if:
You wait for pipeline to be handed to you. Sr. Enterprise AE means you generate
You need detailed instructions and shy away from taking responsibility
You only show up for the ""strategic"" parts of the deal and skip the procurement/security-review grunt work
You've never personally carried a quota or closed deals end-to-end
You want to work remotely. We're an in-person team
You think this role looks like a 9-to-5 job
Find more
English Speaking Jobs in Germany
on Arbeitnow",,,,not_started,
666f7ebc34ffed256a13,nyc_jobs,Field Scientist,1,"• Performing sample collections and field analyses from a boat as required • Operating F150 trucks (and larger) to tow boats or other gear • Compiling, reviewing and reporting water quality and associated data in accordance with divisional procedures by specified deadlines • Operating and maintaining field sampling equipment, which includes the ability to trailer and pilot small watercraft • Performing quality control procedures according to the Environmental Laboratory Accreditation Program protocols and maintaining an accurate log of records of Quality Control data • Assisting in the purchasing and maintenance of supplies and equipment • Contributing to the production of operational, compliance and special investigation reports • Compiling with applicable environmental, health & safety laws and regulations and DEP’s Environmental Health & Safety policies set out in the employee Environmental, Health and Safety handbook. (This is a brief description of what you might do in this position and does not include all the duties of this position.) Preferred Skills: • General Familiarity of MS Office suites and MS outlook • Ability to utilize desktop computers as well as handheld computers in the field for data collection • Ability to spend a substantial portion of field days outdoors in any weather or season • Ability to lift heavy loads up to 50 pounds and climb in and out of boats • Ability to wade through streams, hiking in the woods and scaling over rocks to collect samples • Ability to work at a computer for a substantial portion of an office day • Experience with basic hand tools • Familiarity with field sampling and data collection techniques • Familiarity with use of small, motorized watercraft including trailering, launching and recovery • Good communication skills (written and oral) • Good time management skills Physical Work Environment: Some of the physical activities performed by Scientists (Water Ecology) and environmental conditions experienced are: lift and carry packages weighing approximately 20 pounds for a distance of 30 feet, perform duties in confined work areas, wear protective garments such as gloves, lab coats, goggles, and life vests, handle and manipulate laboratory equipment and instruments/tools such as glass test tubes, slides, beakers and other glassware, scalpels, scissors, etc., adjust settings on machines, which requires fine finger and hand coordination and control, and collect samples at sites in all weather conditions. Typical Hours/Shift: Day Shift May be required to work shifts including nights, Saturdays, Sundays, and holidays.","Field Scientist

The NYC Department of Environmental Protection (DEP) enriches the environment and protects public health for all New Yorkers by providing 1.1 billion gallons of high-quality drinking water, managing wastewater and stormwater, and reducing air, noise, and hazardous materials pollution. DEP is the largest combined municipal water and wastewater utility in the country, with nearly 6,000 employees. DEP's water supply system is comprised of 19 reservoirs and 3 controlled lakes throughout the system’s 2,000 square mile watershed that extends 125 miles north and west of the City. The Bureau of Water Supply seeks to hire a Scientist (Water Ecology)II for a position with the Watershed Water Quality Operations-North division, within the Drinking Water Operations Directorate, located in Kingston, New York. Under the direction of the Field Supervisor, the Scientist (Water Ecology)II will serve as a Field Scientist, responsible for field sampling and data collection and will assist in coordinating field activities as described in the Divisional Standard Operating Procedures. Additionally, the Field Scientist will use established sampling protocols for the proper collection, transportation and relinquishment of samples collected from streams, reservoirs, wastewater treatment plants and key-points. Some sample collections will require trailering and piloting small watercraft. Specific duties include: • Performing sample collections and field analyses from a boat as required • Operating F150 trucks (and larger) to tow boats or other gear • Compiling, reviewing and reporting water quality and associated data in accordance with divisional procedures by specified deadlines • Operating and maintaining field sampling equipment, which includes the ability to trailer and pilot small watercraft • Performing quality control procedures according to the Environmental Laboratory Accreditation Program protocols and maintaining an accurate log of records of Quality Control data • Assisting in the purchasing and maintenance of supplies and equipment • Contributing to the production of operational, compliance and special investigation reports • Compiling with applicable environmental, health & safety laws and regulations and DEP’s Environmental Health & Safety policies set out in the employee Environmental, Health and Safety handbook. (This is a brief description of what you might do in this position and does not include all the duties of this position.) Preferred Skills: • General Familiarity of MS Office suites and MS outlook • Ability to utilize desktop computers as well as handheld computers in the field for data collection • Ability to spend a substantial portion of field days outdoors in any weather or season • Ability to lift heavy loads up to 50 pounds and climb in and out of boats • Ability to wade through streams, hiking in the woods and scaling over rocks to collect samples • Ability to work at a computer for a substantial portion of an office day • Experience with basic hand tools • Familiarity with field sampling and data collection techniques • Familiarity with use of small, motorized watercraft including trailering, launching and recovery • Good communication skills (written and oral) • Good time management skills Physical Work Environment: Some of the physical activities performed by Scientists (Water Ecology) and environmental conditions experienced are: lift and carry packages weighing approximately 20 pounds for a distance of 30 feet, perform duties in confined work areas, wear protective garments such as gloves, lab coats, goggles, and life vests, handle and manipulate laboratory equipment and instruments/tools such as glass test tubes, slides, beakers and other glassware, scalpels, scissors, etc., adjust settings on machines, which requires fine finger and hand coordination and control, and collect samples at sites in all weather conditions. Typical Hours/Shift: Day Shift May be required to work shifts including nights, Saturdays, Sundays, and holidays. Work Location: 71 Smith Ave., Kingston, NY 12401 Kingston is a city in Ulster County, NY approx. 90 miles North from New York City. License Requirements: All candidates must have a Motor Vehicle Driver’s License valid in the State of New York. This license must be maintained for the duration of employment.

1. A masters degree from an accredited college or university in one of the following areas of study: environmental or chemical engineering, limnology, environmental science, marine science, geology, biology, earth science, chemistry, physics, or health science; or 2. A baccalaureate degree from an accredited college or university with 24 semester credits in one or a combination of the areas of study described in """"1"""" above, at least 12 of which must have been in one of these areas of study; and at least one year of satisfactory full time experience, which may not have been part of graduate or undergraduate course work, working in the field of water quality planning, management or research or performing environmental laboratory analyses, and/or environmental field sampling of water; or 3. An associate degree from an accredited college or university including or supplemented by 24 semester credits in one or a combination of the areas of study described in ""1"" above, at least 12 of which must have been in one of these areas of study; and at least three years of satisfactory full time experience as described in ""2"" above. Additional Requirements To be assigned to Assignment Levels II or III, all candidates must have a baccalaureate degree from an accredited college or university as described in ""2"" above and must have one additional year of the experience described in ""2"" above for a total of two years of experience. Special Note A master's degree from an accredited college in one of the areas described in ""1"" above may be substituted for up to two years of the required experience.",,,,not_started,
f32ccf878072947e70ec,arbeitnow,"Legal Analyst / Research Associate (m/f/d) – part-time, fixed-term",1,"The role is designed for law graduates who are pursuing a doctorate (Promotion) or preparing for the (Zweite) Juristische Prüfung and want hands-on in-house experience in a regulated investment firm alongside their academic work. You will work closely with our lawyers and take on increasing responsibility over time.

Support our Legal Team on domestic and international projects, in particular by reviewing and preparing first drafts of cooperation agreements with clients and partners.
Research legal questions raised by our Product, Project Management and Sales teams and prepare concise memos, with a focus on financial services regulation (e.g. WpIG, MiFID II, DORA).
Conduct initial legal reviews and risk assessments of vendor agreements and summarise the key points for the responsible lawyer.
Help develop and maintain our standard contracts, templates, playbooks and other key legal documents essential to operations.
Maintain and structure our contract inventory (contract management database) to ensure completeness, compliance and clear ownership.
Collaborate closely with the Legal Team to automate, operationalise and improve internal processes, including with AI-based legal tech tools.
Monitor regulatory developments relevant to Upvest (e.g. Bafin, ESMA, EU legislation) and prepare short briefings for the team.","Legal Analyst / Research Associate (m/f/d) – part-time, fixed-term

At Upvest, we are on a
mission to make investing as easy as spending money
. Upvest empowers businesses to offer a wide range of investment products and the best experience in the field of capital market investment and retirement planning. Upvest’s Investment API is easy to integrate so that fintechs and financial institutions can save resources and fully focus on their core business.
We are proud to partner with Europe’s leading Fintechs and financial institutions such as DKB, Revolut, N26 and Raisin. Founded in 2017 by Martin Kassing, Upvest now brings together over 270 talented professionals from more than 70 nationalities. Upvest is backed by €280M in total funding from world-class investors, including BlackRock, Tencent, Sapphire Ventures, and Bessemer Venture Partners, Earlybird, Notion Capital, and Motive. Our latest €105M funding round in March 2026 - led by Sapphire and Tencent - serves as a massive catalyst for our growth, allowing us to offer premier investment experience.
About the role:
The role is designed for law graduates who are pursuing a doctorate (Promotion) or preparing for the (Zweite) Juristische Prüfung and want hands-on in-house experience in a regulated investment firm alongside their academic work. You will work closely with our lawyers and take on increasing responsibility over time.
What you’ll do:
Support our Legal Team on domestic and international projects, in particular by reviewing and preparing first drafts of cooperation agreements with clients and partners.
Research legal questions raised by our Product, Project Management and Sales teams and prepare concise memos, with a focus on financial services regulation (e.g. WpIG, MiFID II, DORA).
Conduct initial legal reviews and risk assessments of vendor agreements and summarise the key points for the responsible lawyer.
Help develop and maintain our standard contracts, templates, playbooks and other key legal documents essential to operations.
Maintain and structure our contract inventory (contract management database) to ensure completeness, compliance and clear ownership.
Collaborate closely with the Legal Team to automate, operationalise and improve internal processes, including with AI-based legal tech tools.
Monitor regulatory developments relevant to Upvest (e.g. Bafin, ESMA, EU legislation) and prepare short briefings for the team.
What you bring:
A completed first German law degree (Erste Juristische Prüfung, LL.B. or LL.M). You are pursuing or planning a doctorate (Promotion) or are currently a Rechtsreferendar:in.
First practical experience (internships, Referendariat stations, student assistant or research assistant roles), ideally in an international and fast-paced environment, is a plus but not required.
A keen interest in financial services, capital markets or regulatory law – ideally reflected in your studies, dissertation topic or first practical experience.
Enthusiasm for an agile and proactive working culture.
Very good communication skills with fluency in business English and German (the working language of our international team is English). Strong intercultural awareness and enthusiasm for working in a global environment.
A team-oriented spirit, with a passion for cross-disciplinary collaboration.
Confident use of Google Workspace, MS Office and AI tools, and curiosity about legal tech.
How we Upvest in you:
Best-in-class AI tools:
Every Upvenger has €20,000 per year to spend on the best AI tools available — so you're always working with the most powerful models and tooling on the market.
Impact-driven work:
We’re building the infrastructure that will power the future of investing in Europe. It’s complex, ambitious, and meaningful. You’ll work with modern technologies and create something entirely new. No legacy systems, no limits.
Wellbeing:
Recharge with 30 days of annual leave and maintain a healthy lifestyle with sports benefits. Access confidential professional coaching and enjoy the flexibility to work remotely abroad for up to 183 days a year. Recharge with UpRest, a one-month fully paid sabbatical after every 4 years of working at Upvest.
Development:
Growth is in our DNA. Each Upvenger has access to a personal development budget and the freedom to decide how to use it.
Flexible work environment:
Work from any of our hubs in Berlin, London or Tallinn hybrid or remotely across Europe, depending on the role. We give you the choice and budget to work where you’re most comfortable and productive, either at home or in the office. You choose.
Compensation and equity:
We believe that all Upvengers contribute to our success and deserve a competitive, above-market salary and a participation in our employee equity program.
Team celebrations:
Participate in company-wide events, such as UpFest, dinners, offsites and our Holiday party, to connect with colleagues and celebrate our achievements.
Inclusion
: We’re committed to a culture where everyone belongs and thrives. Our Employee Resources Groups foster inclusion and connection, like Upfem for our female Upvengers, or UpVergent supporting neurodivergent Upvengers and allies.
Our Values:
Make it easy for others.
We simplify the complex and act with the best intentions.
Own the outcome.
We are proactive, fast and confident to get the job done, valuing progress over perfection.
Rise to the challenge.
We aim high and push the boundaries. We stay curious, learn and celebrate our wins together.
Tell the story.
We start with the Why to align on purpose. We are transparent and share knowledge to empower and inspire others.
Upvest is an equal opportunity employer. We celebrate diversity and are committed to creating an inclusive environment for all employees.
Find more
English Speaking Jobs in Germany
on Arbeitnow",,,,not_started,
a845c36fc3eb4caf98fb,arbeitnow,Platform Engineer,1,"ü Build and maintain secure platform foundations

Design, build and maintain the shared cloud infrastructure, tooling and deployment pipelines that other squads rely on.

Define infrastructure as code so our environments are consistent, repeatable and reviewable.

Make secure configuration the default, so squads get it without having to ask for it.

Maintain the edge and network security tooling that protects our services.

Share in the day-to-day operational ownership of the platform, responding to requests and issues raised by other squads.

ü Make our security controls provable

Build automated checks that continuously test our cloud estate against our security and compliance requirements.

Automate the collection and reporting of evidence for ISO 27001, replacing manual effort.

Surface and report on gaps, drift and findings so they can be prioritised and resolved.

Work with our Head of Security to turn written policy into controls that are enforced by tooling.

ü Strengthen access and identity controls

Review and tighten access across our cloud accounts, working towards least privilege.

Improve how we manage secrets, credentials and machine identities.

Make access changes auditable, and straightforward for engineers to request and for us to review.

ü Extend our platform standards beyond AWS

Help us apply the standards, tooling and controls we have built in AWS to our Google Cloud estate.

Work with the teams who use Google Cloud to understand their needs and where the gaps are.

ü Team collaboration

Work closely with other squad members and stakeholders to align on goals and solutions.

Support engineers across other squads who use our platform, and take their feedback seriously.

Proactively build shared understanding across the team through pairing, discussions, and reviews.

Document your work clearly to support knowledge sharing and future maintenance.

ü Self development

Take ownership of your learning journey and technical development plan.

Approach challenges with curiosity and a growth mindset.

Learn from your peers and actively seek feedback and mentorship.

Your skills and experience

We are looking for someone with:

Commercial experience building and maintaining cloud infrastructure on a major cloud provider (AWS, Google Cloud or Azure).

Hands-on experience defining infrastructure as code, using CDK, Terraform or similar.

Experience building and maintaining continuous integration and deployment pipelines.

A good working understanding of cloud security fundamentals, including identity and access management, secrets management, network controls and encryption.

Proficiency in at least one scripting language, ideally Python.

Comfort working in a regulated environment. We are FCA regulated and take our ISO 27001 commitments seriously.

We would also like to see at least one of the following. You do not need both, and we will support you to build the other:

A security specialism, such as cloud security posture management, security tooling, threat modelling or compliance automation.

Experience across more than one cloud provider, ideally both AWS and Google Cloud.

The interview process

This position has a four-stage interview process, which will be held via Zoom.

Stage 1 - an initial conversation with a member of our Talent team.

Stage 2 - an informal meeting with the hiring manager for about 45 minutes. We will explain more about the role and explore how your experience matches up with what we need.

Stage 3 - a longer interview, up to an hour, with the hiring manager and two engineers from the team. We will ask some competency questions and work through a technical scenario together. There is no take-home exercise.

Stage 4 - an informal conversation with our Head of Security.","Platform Engineer

About us

We love pets - which is why we're on a mission to make the world a better place for pets and their parents. We offer pet insurance policies with generous pet health benefits that are designed with their needs in mind. We've helped half a million pets stay happy and healthy since 2017 - and many more customers throughout the world are joining us every day. Our company is respectful, fun-loving and passionate about pets and their wellbeing. Throughout our business you'll meet people who think differently, aim for impact, and love to try new things. Want to join our pack? Join us. Love every moment. Love ManyPets.
A day in the life

As a Platform Engineer, you will join our platform squad. We build and maintain the AWS infrastructure, deployment pipelines, tooling and engineering standards that every other squad at ManyPets depends on.

This role has a security focus. Much of your first year will be spent building the tooling that lets us demonstrate our security controls are working: automated compliance checks, reporting, and evidence collection to support our ISO 27001 commitments. Alongside that you will help us tighten access controls across our cloud estate, and take on ownership of the edge and network security tooling that protects our services.

You will also work closely with our Head of Security as we build out a dedicated security capability at ManyPets.

Our environment is fast-paced and highly collaborative. You will work closely with your teammates using pair or mob programming, participating in regular workshops and planning sessions, primarily over Zoom, with occasional in-person collaboration.

We embrace modern development practices:

All our services are cloud-hosted on AWS, using serverless and event-driven architectures for scalability and resilience.

We use a fully automated deployment pipeline, allowing you to release to production within minutes, multiple times per day.

We define our infrastructure as code, and we emphasise observability, testing and secure-by-design principles from the start.

As a squad we own our work end-to-end, including development, maintenance and support. You will play a key role in ensuring the reliability and quality of what we provide to the rest of engineering, and contribute to a culture of rapid learning and continuous improvement.

Your responsibilities

ü Build and maintain secure platform foundations

Design, build and maintain the shared cloud infrastructure, tooling and deployment pipelines that other squads rely on.

Define infrastructure as code so our environments are consistent, repeatable and reviewable.

Make secure configuration the default, so squads get it without having to ask for it.

Maintain the edge and network security tooling that protects our services.

Share in the day-to-day operational ownership of the platform, responding to requests and issues raised by other squads.

ü Make our security controls provable

Build automated checks that continuously test our cloud estate against our security and compliance requirements.

Automate the collection and reporting of evidence for ISO 27001, replacing manual effort.

Surface and report on gaps, drift and findings so they can be prioritised and resolved.

Work with our Head of Security to turn written policy into controls that are enforced by tooling.

ü Strengthen access and identity controls

Review and tighten access across our cloud accounts, working towards least privilege.

Improve how we manage secrets, credentials and machine identities.

Make access changes auditable, and straightforward for engineers to request and for us to review.

ü Extend our platform standards beyond AWS

Help us apply the standards, tooling and controls we have built in AWS to our Google Cloud estate.

Work with the teams who use Google Cloud to understand their needs and where the gaps are.

ü Team collaboration

Work closely with other squad members and stakeholders to align on goals and solutions.

Support engineers across other squads who use our platform, and take their feedback seriously.

Proactively build shared understanding across the team through pairing, discussions, and reviews.

Document your work clearly to support knowledge sharing and future maintenance.

ü Self development

Take ownership of your learning journey and technical development plan.

Approach challenges with curiosity and a growth mindset.

Learn from your peers and actively seek feedback and mentorship.

Your skills and experience

We are looking for someone with:

Commercial experience building and maintaining cloud infrastructure on a major cloud provider (AWS, Google Cloud or Azure).

Hands-on experience defining infrastructure as code, using CDK, Terraform or similar.

Experience building and maintaining continuous integration and deployment pipelines.

A good working understanding of cloud security fundamentals, including identity and access management, secrets management, network controls and encryption.

Proficiency in at least one scripting language, ideally Python.

Comfort working in a regulated environment. We are FCA regulated and take our ISO 27001 commitments seriously.

We would also like to see at least one of the following. You do not need both, and we will support you to build the other:

A security specialism, such as cloud security posture management, security tooling, threat modelling or compliance automation.

Experience across more than one cloud provider, ideally both AWS and Google Cloud.

The interview process

This position has a four-stage interview process, which will be held via Zoom.

Stage 1 - an initial conversation with a member of our Talent team.

Stage 2 - an informal meeting with the hiring manager for about 45 minutes. We will explain more about the role and explore how your experience matches up with what we need.

Stage 3 - a longer interview, up to an hour, with the hiring manager and two engineers from the team. We will ask some competency questions and work through a technical scenario together. There is no take-home exercise.

Stage 4 - an informal conversation with our Head of Security.

About the team

The EPD (""Engineering, Product and Design"") team operates with a squad system and Agile ways of working within quarterly terms - and we really enjoy working collaboratively. We hold regular 'Hack Weeks' to look at products and address problems relating to the business, and we get the chance to highlight and work on things we're interested in and feel passionately about.

Our tech stack

We are on a mission to become the best we can be, constantly challenging ourselves to achieve and learn. You will be supported to learn new technology – both in breadth and depth - and encouraged to challenge our ways of thinking with new and innovative ideas.

Our ""north star"" is to become an elite performer as defined by the 4 key DORA metrics. To drive towards elite status, we apply and continually inspect and adapt the best Agile frameworks and practices inspired by DevOps, SRE, Scrum, XP and Lean. We are a highly collaborative environment and regularly practice Mob and Pair based programming which we believe improve our quality of delivery and share understanding.

We take our operational performance, security, and reliability as seriously as our quality and development practices. We are cloud hosted and highly automated, primarily on AWS with some critical services running on Google Cloud.

Some specific technologies we use include: AWS | Google Cloud | Python | CDK | GitHub Actions | MongoDB | Aikido | Cloudflare
Salary range:
£55,000
—
£65,000 GBP
Ways of working

On a typical day you'll be working from a laptop with a screen, mouse, keyboard, and headset. You'll be meeting your colleagues on Zoom and keeping in touch regularly via email and Slack too – we'd expect you to be using your computer for around seven hours a day. We'd ask that you have a distraction-free work area and a reliable internet connection with a speed of 25Mbps so you can work effectively. We'll make sure you have the right home set-up that supports you in the role by providing best-in-class technology, money towards a desk, and vision support.

Inclusion at ManyPets

We promise to give you the same opportunities as everyone else and we won't discriminate against you at any point in the process. This includes how we source talent, our interview process, our conditions of employment (including pay) and feedback. If you'd like to read more about this, please download our
Approach to Inclusion
policy.

Reasonable adjustments and support

If you need any help, support, or advice at any point during the hiring process please email

Connect with us!

LinkedIn
|
Glassdoor
|
Indeed
|
FeeFo
|
Trustpilot
|
YouTube
|
Instagram
|
Facebook
|
Twitter
|
TikTok
|
Find
Jobs in United Kingdom
on Arbeitnow",,,,not_started,
0b027611629b03f366f3,nyc_jobs,Public Health Assistant,1,"Reporting to the Team Leader, the Public Health Assistant will travel throughout the 5 boroughs of New York City to conduct vision screening on students assigned to Public, Non-Public and Charter Schools.

- Travel to Elementary Schools to conduct vision screening for Pre-Kindergarten, Kindergarten, and 1st Grade students. - Screen children using the distance vision, hyperopia, near vision, color and fusion test. - Assist in setting up and breaking down vision screening equipment. - Prepare referral forms to parents of children who failed screenings. - Assist in follow-up, getting updated phone numbers from schools for children who fail the screening. - Maintain and transport equipment to and from schools. - Communicate to children and staff in a courteous manner and assist screening team leader as directed. - Record, tally and enter screening data accurately into ASHR. - Other duties as assigned by Program. *City Wide travel and flexibility with location of assignment may be required based on programmatic needs.","Public Health Assistant

ONLY PERMANENT EMPLOYEES IN THE TITLE AND THOSE THAT ARE REACHABLE ON THE PUBLIC HEALTH ASSISTANT (SCHOOL HEALTH) CIVIL SERVICE LIST ARE ELIGIBLE TO APPLY. Division/Program Summary: The Division of Family and Child Health, Office of School Health (OSH) Vision Program provides mandated vision screening services to Pre-K, kindergarten and first grade students throughout the five boroughs of New York City. The Vision Program is partnered with Warby Parker, a manufacturer and retailer of prescription eyeglasses. Warby Parker provides free eyeglass to students who fails the vision screenings. Position Summary: Reporting to the Team Leader, the Public Health Assistant will travel throughout the 5 boroughs of New York City to conduct vision screening on students assigned to Public, Non-Public and Charter Schools. Job Duties and Responsibilities: - Travel to Elementary Schools to conduct vision screening for Pre-Kindergarten, Kindergarten, and 1st Grade students. - Screen children using the distance vision, hyperopia, near vision, color and fusion test. - Assist in setting up and breaking down vision screening equipment. - Prepare referral forms to parents of children who failed screenings. - Assist in follow-up, getting updated phone numbers from schools for children who fail the screening. - Maintain and transport equipment to and from schools. - Communicate to children and staff in a courteous manner and assist screening team leader as directed. - Record, tally and enter screening data accurately into ASHR. - Other duties as assigned by Program. *City Wide travel and flexibility with location of assignment may be required based on programmatic needs. Why you should work for us: • Benefits: City employees are entitled to unmatched benefits such as: o a premium-free health insurance plan that saves employees over $10K annually, per a 2024 assessment. o additional health, fitness, and financial benefits may be available based on the position’s associated union/benefit fund. o a public sector defined benefit pension plan with steady monthly payments in retirement. o a tax-deferred savings program and o a robust Worksite Wellness Program that offers resources and opportunities to keep you healthy while serving New Yorkers. • Work From Home Policy: Depending on your position, you may be able to work up to two days during the week from home. • Job Security - you could enjoy more job security compared to private sector employment and be able to contribute to making NYC a healthy place to live and work. Established in 1805, the New York City Department of Health and Mental Hygiene (NYC Health Department) is the oldest and largest health department in the U.S., dedicated to protecting and improving the health of NYC. Our mission is to safeguard the health of every resident and cultivate a city where everyone, regardless of age, background, or location, can achieve their optimal health. We provide a wide array of programs and services focused on food and nutrition, anti-tobacco support, chronic disease prevention, HIV/AIDS treatment, family and child health, environmental health, mental health, and social justice initiatives. As the primary population health strategist and policy authority for NYC, with a rich history of public health initiatives and scientific advancements, from addressing the 1822 yellow fever outbreak to the COVID-19 pandemic, we serve as a global leader in public health innovation and expertise. Come join us and help to continue our efforts in making a difference in the lives of all New Yorkers! Commitment to Equity: The City of New York is an inclusive equal opportunity employer committed to recruiting and retaining a diverse workforce and providing a work environment that is free from discrimination and harassment based upon any legally protected status or protected characteristic, including but not limited to an individual's sex, race, color, ethnicity, national origin, age, religion, disability, sexual orientation, veteran status, gender identity, or pregnancy. The NYC Health Department is an inclusive equal opportunity employer committed to providing access and reasonable accommodation to all individuals. To request reasonable accommodation to participate in the job application or interview process, contact Sye-Eun Ahn, Director of the Office of Equal Employment Opportunity, at sahn1@health.nyc.gov or 347-396-6549.

1. A four year high school diploma or its educational equivalent approved by a State’s Department of Education or a recognized accrediting organization; or 2. Completion of eleventh grade of high school, and one year of full-time satisfactory experience performing health-related or clerical duties. 3. Education and/or experience that is equivalent to ""1"" or ""2"" above. However, all candidates must have completed the eleventh grade of high school.",,,,not_started,
b63d2a18a86b9e94e299,arbeitnow,Executive Assistant - Chief Product Officer & Chief Technology Officer,1,(no responsibilities heading detected by rules - read full_posting_text),"Executive Assistant - Chief Product Officer & Chief Technology Officer

Accurx is solving healthcare productivity for the NHS
For decades, the NHS has struggled with fragmented systems that make simple tasks feel impossible. At Accurx, we’re changing that by building a single, system-wide platform that helps every patient get gold-standard, efficient, and joined-up care.
What started as a way for GPs to text a patient, has now evolved into an all-in-one digital toolkit used by 98% of GP practices and 68% (and growing!) of NHS Trusts.
Our platform now powers

Total Triage

to manage patient demand, and

Self-Book

that lets patients schedule their own appointments in seconds. We’ve automated routine care with

Patient Questionnaires
for long-term conditions, while

Accumail
finally allows staff-to-staff communication to happen instantly across different care settings. We’re now pushing the boundaries of the consultation itself with

Accurx Scribe
, our AI-powered note-taker that drafts medical notes in real-time.
We’re not just shipping features. We’re giving clinicians their time back and ensuring every patient journey is as smooth as it should be.
How you'll empower our tech and product leadership
You be a strategic partner and a vital force multiplier for our Chief Product Officer, Tom (CPrO) and incoming Chief Technology Officer (CTO). By anticipating their needs, shaping their organisational engagement, and prioritising their diaries against company objectives, you will help turn their strategic vision into real momentum across the Product & Technology teams.
Owning the operating rhythm:
You will proactively manage the executives' time and diaries, utilising your knowledge of Product Development Lifecycles and Engineering to effectively balance urgent requests with important strategic priorities.
Driving strategic communications:
You will draft, shape, and constructively challenge key messaging from the executives, ensuring communications are clear, consistent, and land successfully with various audiences.
Preparing with a point of view:
You will go beyond basic preparation by synthesising information, highlighting crucial details, and recommending decisions ahead of key meetings and board sessions.
Being the ear to the ground:
You will stay attuned to team sentiment and blockers across Product & Technology, bringing insights to the executives early and advising on the best response.
Fostering an AI-native culture:
You will partner with the executives and other Executive Assistants to design impactful cultural moments, such as hackathons and Town Hall meetings, ensuring momentum continues long after the events conclude.
Running the Product & Tech engine:
You will oversee logistics for the Product & Tech Leadership forum, manage fast-changing schedules, and monitor asynchronous Slack conversations to highlight matters needing executive attention.
Delivering impactful projects and events:
You will own and run projects on behalf of the executives from planning to delivery, while also managing the logistics for internal and external events, offsites, and team socials.
You should apply if...
You are an experienced Executive Assistant:
You have previously supported Product, Tech, or Engineering leaders within a B2B SaaS environment.
Proactive forward-thinking is your natural state:
You excel at thinking multiple steps ahead, actioning potential next steps before the executives have even considered them.
You're a critical prioritisation partner:
You are a critical thinker who has the ability to challenge executives on their priorities, messaging, or plans to keep them focused on what matters.
You use AI as your teammate:
You are confident leveraging AI tools, effective prompting, and automation to redefine how you work and find smarter ways to execute.
You're the master of diaries and complex logistics:
You have excellent time-management skills, meticulous attention to detail, and a proven track record managing fast-changing schedules and team events under tight deadlines.
You have strong industry and business acumen:
You understand how product and engineering organisations deliver, enabling you to help leaders balance the urgent with the important.
You're an empathetic, high-EQ communicator:
You influence senior stakeholders without formal authority, read how change lands across an organisation, and adapt your communication style seamlessly.
What’s in it for me?
You'll be joining an established but fast-growing Tech for Good movement, where we're led by our
Principles
and our
mission
to solve healthcare productivity.
£60,000 - £70,000 salary
+ share options up to £15,000
Benefits to suit you:

adjust your healthcare cover, your pension or life insurance, whatever stage you’re at in life
Flexible working:
We are an office first culture and ask that you’re in our (dog-friendly) Shoreditch office 3 days a week, with core hours of 10am - 4pm
Time off:
You’ll get 28 days of holiday (plus bank holidays) and up to 4 weeks to work from anywhere per year
Family matters:
We offer enhanced parental leave, fertility support and parental loss support
We have our very own Chef!
Free healthy breakfasts, snacks and lunches will be provided, with the occasional sweet treat!
Want to know more about the company or the hiring process?
Check out our
Careers page
and
Candidate hub.
Find us across social media
:
Medium
,
LinkedIn
,
X
,
Instagram
and
• £60K – £70K • Offers Equity
Find more
English Speaking Jobs in United Kingdom
on Arbeitnow",,,,not_started,
35b02096d9f13d0f2a54,nyc_jobs,"Executive Director, Office of Suicide Prevention",1,"Strategic and Executive Leadership • Lead development and implementation of a citywide suicide prevention strategy and establish citywide priorities for the Office. • Direct the Office’s operations, staffing, budget, performance, and organizational development. • Supervise senior leadership and ensure effective coordination across the Office’s strategic, research, surveillance, partnership, and prevention functions. • Establish goals, performance measures, and accountability mechanisms to advance population-level suicide prevention. • Ensure the Office operates in close collaboration with critical interagency partners that hold specific expertise and responsibilities related to monitoring and addressing population-level suicide and injury/violence prevention trends (e.g., Office of Vital Statistics and Division of Environmental Health). Research, Surveillance, and Scientific Strategy In close collaboration with Departmental epidemiological leaders and subject matter experts in suicide and injury/violence prevention: • Provide executive oversight of the Office’s epidemiologic, surveillance, research, and evaluation functions and infrastructure. • Set research and data priorities in alignment with Divisional goals, citywide suicide prevention planning, and emerging public health needs. • Guide the development and use of a comprehensive suicide surveillance strategy, research initiatives, data resources, and evaluation activities. • Ensure that emerging disparities, geographic patterns, clusters, and populations experiencing elevated suicide risk are identified and addressed. • Lead coordination with divisional bureaus and cross-agency partners, academic institutions, healthcare systems, and other stakeholders to advance large-scale research and prevention initiatives. • Ensure research and surveillance findings are translated into actionable recommendations for policy, programs, and systems improvement. Policy and Government Relations In close collaboration with Departmental policy leaders, subject matter experts, and Departmental External Affairs: • Advise Divisional leadership on suicide prevention policy, legislation, regulation, and emerging issues. • Advance policy recommendations informed by research, surveillance, and public health priorities. • In collaboration with External Affairs, coordinate with City agencies, elected officials, and state and federal partners on shared priorities; represent the Department in governmental and interagency forums related to suicide prevention. Cross-Sector Leadership and Partnerships • Lead a coordinated, citywide approach to suicide prevention across healthcare, behavioral health, public safety, education, housing, planning, philanthropy, academia, and community sectors. • Coordinate collaborative research initiatives addressing priority questions identified through surveillance. • Establish and maintain strategic partnerships that advance coordinated suicide prevention priorities. • Align public and private investments and facilitate shared accountability across participating sectors. • Promote integration of suicide prevention into systems and policies beyond the traditional behavioral health sector. Resource Development and Accountability • Develop strategies to sustain and expand resources supporting the Office’s priorities. • Oversee strategic funding initiatives, grant development, and partnership agreements. • Monitor implementation of the City’s suicide prevention strategy and report on progress, emerging trends, and strategic priorities to Department leadership. • Promote effective and coordinated use of public and private resources.","Executive Director, Office of Suicide Prevention

The New York City Department of Health and Mental Hygiene (DOHMH) is a world-renowned agency with a long tradition of protecting and promoting health in the nation’s most culturally and linguistically diverse city. Our 7,000-plus team members bring an extraordinary array of languages, cultures, and experiences to bear on the work of public health. Our diversity fuels creativity because al perspectives are heard and valued. DOHMH aims to improve the health outcomes of all New Yorkers by centering persistent racial inequities and promotion of social justice at the core of its work. The Division of Mental Hygiene of the New York City Department of Health and Mental Hygiene is responsible for policy, programs and provide oversight related to mental health, alcohol and drug use prevention care and treatment and developmental delays and disabilities. DUTIES WILL INCLUDE BUT NOT BE LIMITED TO: Strategic and Executive Leadership • Lead development and implementation of a citywide suicide prevention strategy and establish citywide priorities for the Office. • Direct the Office’s operations, staffing, budget, performance, and organizational development. • Supervise senior leadership and ensure effective coordination across the Office’s strategic, research, surveillance, partnership, and prevention functions. • Establish goals, performance measures, and accountability mechanisms to advance population-level suicide prevention. • Ensure the Office operates in close collaboration with critical interagency partners that hold specific expertise and responsibilities related to monitoring and addressing population-level suicide and injury/violence prevention trends (e.g., Office of Vital Statistics and Division of Environmental Health). Research, Surveillance, and Scientific Strategy In close collaboration with Departmental epidemiological leaders and subject matter experts in suicide and injury/violence prevention: • Provide executive oversight of the Office’s epidemiologic, surveillance, research, and evaluation functions and infrastructure. • Set research and data priorities in alignment with Divisional goals, citywide suicide prevention planning, and emerging public health needs. • Guide the development and use of a comprehensive suicide surveillance strategy, research initiatives, data resources, and evaluation activities. • Ensure that emerging disparities, geographic patterns, clusters, and populations experiencing elevated suicide risk are identified and addressed. • Lead coordination with divisional bureaus and cross-agency partners, academic institutions, healthcare systems, and other stakeholders to advance large-scale research and prevention initiatives. • Ensure research and surveillance findings are translated into actionable recommendations for policy, programs, and systems improvement. Policy and Government Relations In close collaboration with Departmental policy leaders, subject matter experts, and Departmental External Affairs: • Advise Divisional leadership on suicide prevention policy, legislation, regulation, and emerging issues. • Advance policy recommendations informed by research, surveillance, and public health priorities. • In collaboration with External Affairs, coordinate with City agencies, elected officials, and state and federal partners on shared priorities; represent the Department in governmental and interagency forums related to suicide prevention. Cross-Sector Leadership and Partnerships • Lead a coordinated, citywide approach to suicide prevention across healthcare, behavioral health, public safety, education, housing, planning, philanthropy, academia, and community sectors. • Coordinate collaborative research initiatives addressing priority questions identified through surveillance. • Establish and maintain strategic partnerships that advance coordinated suicide prevention priorities. • Align public and private investments and facilitate shared accountability across participating sectors. • Promote integration of suicide prevention into systems and policies beyond the traditional behavioral health sector. Resource Development and Accountability • Develop strategies to sustain and expand resources supporting the Office’s priorities. • Oversee strategic funding initiatives, grant development, and partnership agreements. • Monitor implementation of the City’s suicide prevention strategy and report on progress, emerging trends, and strategic priorities to Department leadership. • Promote effective and coordinated use of public and private resources. PREFERRED SKILLS: • Advanced training or professional experience in public health, epidemiology, suicide prevention, injury prevention, behavioral health, population health, or a related field. • Senior-level experience guiding research, surveillance, data, or evaluation functions within a public health, healthcare, academic, or government setting. • Experience leading complex, multidisciplinary initiatives involving government, academic, healthcare, community, and other external partners. • Experience managing organizational operations, budgets, funding, and senior staff. • Demonstrated ability to translate scientific evidence and population health data into policy, strategy, and large-scale prevention planning. • Experience representing an organization in executive, governmental, academic, or public-facing settings. Why you should work for us: - Loan Forgiveness: As a prospective employee of the City of New York, you may be eligible for federal/state loan forgiveness and repayment assistance programs that lessen your payments or even fully forgive your full balance. For more information, please visit the U.S. Department of Education’s website (https://studentaid.gov/pslf/) - Benefits: City employees are entitled to unmatched benefits such as: o a premium-free health insurance plan that saves employees over $10K annually, per a 2024 assessment. o additional health, fitness, and financial benefits may be available based on the position’s associated union/benefit fund. o a public sector defined benefit pension plan with steady monthly payments in retirement. o a tax-deferred savings program and o a robust Worksite Wellness Program that offers resources and opportunities to keep you healthy while serving New Yorkers. - Work From Home Policy: Depending on your position, you may be able to work up to two days during the week from home. - Job Security - you could enjoy more job security compared to private sector employment and be able to contribute to making NYC a healthy place to live and work. Established in 1805, the New York City Department of Health and Mental Hygiene (NYC Health Department) is the oldest and largest health department in the U.S., dedicated to protecting and improving the health of NYC. Our mission is to safeguard the health of every resident and cultivate a city where everyone, regardless of age, background, or location, can achieve their optimal health. We provide a wide array of programs and services focused on food and nutrition, anti-tobacco support, chronic disease prevention, HIV/AIDS treatment, family and child health, environmental health, mental health, and social justice initiatives. As the primary population health strategist and policy authority for NYC, with a rich history of public health initiatives and scientific advancements, from addressing the 1822 yellow fever outbreak to the COVID-19 pandemic, we serve as a global leader in public health innovation and expertise. Come join us and help to continue our efforts in making a difference in the lives of all New Yorkers! Commitment to Equity: The City of New York is an inclusive equal opportunity employer committed to recruiting and retaining a diverse workforce and providing a work environment that is free from discrimination and harassment based upon any legally protected status or protected characteristic, including but not limited to an individual's sex, race, color, ethnicity, national origin, age, religion, disability, sexual orientation, veteran status, gender identity, or pregnancy. The NYC Health Department is an inclusive equal opportunity employer committed to providing access and reasonable accommodation to all individuals. To request reasonable accommodation to participate in the job application or interview process, contact Sye-Eun Ahn, Director of the Office of Equal Employment Opportunity, at sahn1@health.nyc.gov or 347-396-6549.

1. For Assignment Level I (only physical, biological and environmental sciences and public health) A master's degree from an accredited college or university with a specialization in an appropriate field of physical, biological or environmental science or in public health. To be appointed to Assignment Level II and above, candidates must have: 1. A doctorate degree from an accredited college or university with specialization in an appropriate field of physical, biological, environmental or social science and one year of full-time experience in a responsible supervisory, administrative or research capacity in the appropriate field of specialization; or 2. A master's degree from an accredited college or university with specialization in an appropriate field of physical, biological, environmental or social science and three years of responsible full-time research experience in the appropriate field of specialization; or 3. Education and/or experience which is equivalent to ""1"" or ""2"" above. However, all candidates must have at least a master's degree in an appropriate field of specialization and at least two years of experience described in ""2"" above. Two years as a City Research Scientist Level I can be substituted for the experience required in ""1"" and ""2"" above. NOTE: Probationary Period Appointments to this position are subject to a minimum probationary period of one year.",,,,not_started,
49b81c39bff279fde4a8,arbeitnow,"Director/Senior Director, Strategic Solutions",1,"Consult with global 1000 customers to help them understand, structure, and implement their digital transformation strategies resulting into sales.

Engage in strategic relationships with customers to assure the realization of their digital transformation goals and expand the client footprint.

Develop, maintain, and manage the implementation of strategic customer engagement plans.

Manage efforts to research and identify customer prospects and targets.

Collaborate with sales, engineering, products, and marketing teams to develop new product offerings within existing and new lines of business.

Represent C3 AI by driving business development with company alliance partners.

Personally engage in strategic account selling, business development, and ongoing customer success.

Travel to customer sites up to 50% of the time (or more) depending on business needs.","Director/Senior Director, Strategic Solutions

C3 AI (NYSE: AI), is the Enterprise AI application software company. C3 AI delivers a family of fully integrated products including the C3 Agentic AI Platform, an end-to-end platform for developing, deploying, and operating enterprise AI applications, C3 AI applications, a portfolio of industry-specific SaaS enterprise AI applications that enable the digital transformation of organizations globally, and C3 Generative AI, a suite of domain-specific generative AI offerings for the enterprise. Learn more at:
C3 AI
C3 AI is hiring
Directors/Senior Directors, Strategic Solutions
. This is a quota carrying sales role which will allow you to further develop your career.

As a Director/Senior Director of Strategic Solutions, you will target and work with customers and senior management to develop and sell high-value AI use cases and AI application roadmaps. You will help customers achieve their digital transformation objectives through identifying high-value opportunities.

We are looking for motivated individuals with a strong work ethic and track record of achievement. You will receive a highly competitive salary and excellent benefits along with generous commissions and equity.

Candidates should be able to understand complex issues at the intersection of business and technology and communicate that complexity with simplicity. Successful candidates will thrive in a fast-paced, high-performance, highly collaborative environment and demonstrate an ability to execute precisely and quickly. Candidates should possess technical fluency in AI, machine learning, operations research, physics, math, engineering, data integration, or computer science.

Responsibilities

Consult with global 1000 customers to help them understand, structure, and implement their digital transformation strategies resulting into sales.

Engage in strategic relationships with customers to assure the realization of their digital transformation goals and expand the client footprint.

Develop, maintain, and manage the implementation of strategic customer engagement plans.

Manage efforts to research and identify customer prospects and targets.

Collaborate with sales, engineering, products, and marketing teams to develop new product offerings within existing and new lines of business.

Represent C3 AI by driving business development with company alliance partners.

Personally engage in strategic account selling, business development, and ongoing customer success.

Travel to customer sites up to 50% of the time (or more) depending on business needs.

Qualifications

Degree in engineering, science, computer science, or related technical field of study. Master’s or MBA degree preferred.

Prior sales experience in SaaS/Product company and/or management consulting experience.

A strong network that can be leveraged for accelerated access into potential buyers within large enterprises.

Experience with and understanding of AI and Machine Learning is highly favorable.

Experience with generative AI tools such as Claude.

Work experience in consulting, defense, intelligence, manufacturing, supply chain, healthcare or energy is a plus.

Exemplary written and oral communication skills.

Excellent interpersonal, planning, and organizational skills.

Strong analytical skills.

C3 AI provides excellent benefits, a competitive compensation package and generous equity plan.
C3 AI is proud to be an Equal Opportunity and Affirmative Action Employer. We do not discriminate on the basis of any legally protected characteristics, including disabled and veteran status.

Find
Jobs in Germany
on Arbeitnow",,,,not_started,
41fd8f1659c66291c006,nyc_jobs,"Social Work Director, Assigned Counsel Plan",1,"The Social Work Director will provide support to 18-B attorneys advocating for clients facing misdemeanor and felony charges in the Criminal and Supreme Courts of New York City. The Social Work Director will support best practices and will be responsible for ensuring oversight, support, and professional development for social workers and psychological forensic experts. The Social Work Director responsibilities include, but are not limited to: · Oversee the development and work product of social workers and forensic experts. · Work closely with 18-B attorneys to guide them in their efforts to communicate with clients and identify appropriate resources for clients. · Direct attorneys to effectively utilize forensic and mitigation experts. · Help attorneys and social workers identify state and non-profit programs, social workers, and other experts who can assist in client representation. · Assist in the recruitment of experts. · Coordinate with the Supervising Attorneys for Training to develop trainings for panel attorneys and social workers. · Collaborate with other ACP Supervising Attorneys to identify and respond to practice gaps and/or deficiencies. · Respond to client, community, and staff concerns. · Other duties as assigned. TO APPLY, PLEASE SUBMIT YOUR RESUME, COVER LETTER, AND REFERENCES.","Social Work Director, Assigned Counsel Plan

ABOUT THE OFFICE: THE OFFICE OF THE ASSIGNED COUNSEL PLAN: Pursuant to Article 18B of the County Law, the Assigned Counsel Plan (ACP) has been providing quality legal services to indigent persons since 1966. These services are funded by the City of New York through the Mayor’s Office of Criminal Justice and provided with oversight of the 1st and 2nd Appellate Division Departments. The ACP provides compensation to private attorneys for representing indigent clients charged with criminal offenses. Attorneys are assigned matters by the Court and the Administrator's office when a conflict exists prohibiting the institutional providers from providing representation. THE MAYOR’S OFFICE OF CRIMINAL JUSTICE: The Mayor’s Office of Criminal Justice (MOCJ) advises the Mayor and First Deputy Mayor on criminal justice policy and is the Mayor’s representative to the courts, district attorneys, defenders, and state criminal justice agencies, among others. The office designs, deploys, and evaluates citywide strategies to drive down crime, reduce unnecessary arrests and incarceration, and improve the system’s fairness. MOCJ works with law enforcement and city agencies, non-profits, foundations, and others to implement data-driven strategies that address current crime conditions, prevent offending, and build the strong neighborhoods that ensure enduring safety. ABOUT THE ROLE: The Social Work Director will provide support to 18-B attorneys advocating for clients facing misdemeanor and felony charges in the Criminal and Supreme Courts of New York City. The Social Work Director will support best practices and will be responsible for ensuring oversight, support, and professional development for social workers and psychological forensic experts. The Social Work Director responsibilities include, but are not limited to: · Oversee the development and work product of social workers and forensic experts. · Work closely with 18-B attorneys to guide them in their efforts to communicate with clients and identify appropriate resources for clients. · Direct attorneys to effectively utilize forensic and mitigation experts. · Help attorneys and social workers identify state and non-profit programs, social workers, and other experts who can assist in client representation. · Assist in the recruitment of experts. · Coordinate with the Supervising Attorneys for Training to develop trainings for panel attorneys and social workers. · Collaborate with other ACP Supervising Attorneys to identify and respond to practice gaps and/or deficiencies. · Respond to client, community, and staff concerns. · Other duties as assigned. TO APPLY, PLEASE SUBMIT YOUR RESUME, COVER LETTER, AND REFERENCES.

1. For Assignment Level I (only physical, biological and environmental sciences and public health) A master's degree from an accredited college or university with a specialization in an appropriate field of physical, biological or environmental science or in public health. To be appointed to Assignment Level II and above, candidates must have: 1. A doctorate degree from an accredited college or university with specialization in an appropriate field of physical, biological, environmental or social science and one year of full-time experience in a responsible supervisory, administrative or research capacity in the appropriate field of specialization; or 2. A master's degree from an accredited college or university with specialization in an appropriate field of physical, biological, environmental or social science and three years of responsible full-time research experience in the appropriate field of specialization; or 3. Education and/or experience which is equivalent to ""1"" or ""2"" above. However, all candidates must have at least a master's degree in an appropriate field of specialization and at least two years of experience described in ""2"" above. Two years as a City Research Scientist Level I can be substituted for the experience required in ""1"" and ""2"" above. NOTE: Probationary Period Appointments to this position are subject to a minimum probationary period of one year.

· Master of Social Work · Experience with indigent clients charged with crimes. · Experience navigating federal and state benefits, including but not limited to healthcare, housing, and ACT teams. · Ability to work comfortably with people at different levels within and outside ACP.",,,,not_started,
4fd5cae42eb3035824ee,arbeitnow,Senior Electrical Engineer (m/f/d),1,"Development, implementation, construction and testing of electrical components and for medical products, which represent state-of-the-art technology. The job holder closely collaborates with stakeholders across department and operational structures, particularly with engineers from other groups such as systems engineering, quality engineering, software development but also regulatory affairs and quality management.
Focus is on delivering innovative solutions that meet customer requirements as well as regulatory requirements, particularly those related to safety and effectiveness. The deliverables contribute to increasing the competitiveness and commercial success of Dornier MedTech and its subsidiaries. Solutions are provided in a cost- and time-efficient manner and by strong collaboration with stakeholders across department and operational structures.

Development and implementation of power and control electronic boards for complex medical devices.
Creation of electrical circuit and wiring diagrams for complex medical devices.
Development and implementation of electrical safety concepts to assure product functional safety.
Implementation and execution of concepts for product cost reduction.
Collection and determination of technical requirements and specifications.
Create component and system specifications and other quality related documents such as risk analysis, DFMEA, test and verification reports, etc. in compliance with international requirements (CE, FDA, MHLW).
Perform verification tests to verify electrical components and product requirements.
Maintain products and systems to ensure stable and reliable operations as part of the product lifecycle management process.
Support of troubleshooting electrical-related issues in production
Performing of engineering tasks during setup and start-up of prototypes
As needed, coordinate, organize, and track engineering tasks on a task- or project-specific basis
Assisting the project management with the planning of engineering-related tasks
Representation of the Engineering department in project team meetings
Coordinate and work with third-party suppliers and contractors
Monitoring of technological trends in electronics, including reviews of competitors' technology.","Senior Electrical Engineer (m/f/d)

Ihre Aufgaben
Development, implementation, construction and testing of electrical components and for medical products, which represent state-of-the-art technology. The job holder closely collaborates with stakeholders across department and operational structures, particularly with engineers from other groups such as systems engineering, quality engineering, software development but also regulatory affairs and quality management.
Focus is on delivering innovative solutions that meet customer requirements as well as regulatory requirements, particularly those related to safety and effectiveness. The deliverables contribute to increasing the competitiveness and commercial success of Dornier MedTech and its subsidiaries. Solutions are provided in a cost- and time-efficient manner and by strong collaboration with stakeholders across department and operational structures.
Specific Responsibilities
Development and implementation of power and control electronic boards for complex medical devices.
Creation of electrical circuit and wiring diagrams for complex medical devices.
Development and implementation of electrical safety concepts to assure product functional safety.
Implementation and execution of concepts for product cost reduction.
Collection and determination of technical requirements and specifications.
Create component and system specifications and other quality related documents such as risk analysis, DFMEA, test and verification reports, etc. in compliance with international requirements (CE, FDA, MHLW).
Perform verification tests to verify electrical components and product requirements.
Maintain products and systems to ensure stable and reliable operations as part of the product lifecycle management process.
Support of troubleshooting electrical-related issues in production
Performing of engineering tasks during setup and start-up of prototypes
As needed, coordinate, organize, and track engineering tasks on a task- or project-specific basis
Assisting the project management with the planning of engineering-related tasks
Representation of the Engineering department in project team meetings
Coordinate and work with third-party suppliers and contractors
Monitoring of technological trends in electronics, including reviews of competitors' technology.
Ihr Profil
Masters’s degree in science and engineering with experience in R&D
Specialization in electrical engineering
At least 7 years of experience in the development of electrical devices, preferably medical systems.
Advanced knowledge of electronics (power-, digital-, analog- and microprocessor technology).
Experienced in design and development of power and digital electronic boards.
In-depth knowledge of EMI/EMC design principles and electrical safety requirements
Experience in creating electrical schematics and circuit diagrams
Experience working with PC-controlled systems
Experienced in creating technical reference documentation
Knowledge in requirements and systems engineering
Experienced in performing Design Transfer to production
Creativity and Analytical Skills
Assertiveness
Demonstrated ability to work and contribute in a team environment
Strong work ethic with pride in individual accomplishments
Interested in personal and professional growth for her-/himself and team
Entrepreneurial spirit very helpful in a small but global organization
Motivated and creative, ability to “think outside the box”
Be able to function independently of direct supervision
Standards knowledge: ISO 13485, FDA 21 CFR 820.30, IEC 14971, IEC 62366, IEC 60601-1, IEC 60601-1-2 and collateral standards
Ms Office; Outlook, Word, Excel, PowerPoint
Knowledge in ERP system; Preferably Infor SyteLine
Knowledge in Altium, Eagle, OrCAD PSpice, Multiphysics simulation, MATLAB
Knowledge in requirement management tool such as DOORS, Polarion or CodeBeamer
Knowledge in building PCB prototypes and system cabling
Warum wir?
Personal induction plan and comprehensive onboarding
Flexible working hours
30 days of holiday
interesting tasks in a dynamic, international environment
Continuous training and development
Flat hierarchies
Attractive canteen
Free coffee, tea and water
Employee events
Charging stations for electric cars
Accident insurance
Employer contribution to VWL
Employee fund with various allowances and subsidies
Free language courses
Find more
English Speaking Jobs in Germany
on Arbeitnow",,,,not_started,
3ca1b50483595c10a701,nyc_jobs,SUSTAINABILITY ANALYST 1,1,(no responsibilities heading detected by rules - read full_posting_text),"SUSTAINABILITY ANALYST 1

The NYC Department of Environmental Protection (DEP) enriches the environment and protects public health for all New Yorkers by providing 1.1 billion gallons of high-quality drinking water, managing wastewater and storm water, and reducing air, noise, and hazardous materials pollution. DEP is the largest combined municipal water and wastewater utility in the country, with nearly 6,000 employees. DEP's water supply system is comprised of 19 reservoirs and 3 controlled lakes throughout the system’s 2,000 square mile watershed that extends 125 miles north and west of the City. The Bureau of Engineering Design & Construction (BEDC) currently has a portfolio of capital projects valued at $35B, and another $13.6B projected over the next 10-year commitment plan. The projects BEDC implements allows DEP as a whole to continue to operate and maintain an exemplary water supply system. Our In-House Design (IHD) directorate provides design and engineering services to meet operations’ needs in a manner consistent with BEDC’s core values of safety, schedule, quality, and customer service. IHD supports projects from the capital project initiation process through preliminary design, design, procurement construction, and finally with the turnover to operations. IHD’s Design Services division includes Architectural, Site Civil, Structural, Process Mechanical/HVAC, Water Tunnel Mechanical Systems, and Electrical discipline sections. Each design section prepares design and construction documents including engineering plans and specifications for the construction of water supply, sewer, and wastewater treatment infrastructure. IHD projects are typically of the highest priority for the Agency. IHD’s Engineering Services includes Quality Assurance, Laboratory Services, Specifications/Standard Operating Procedures, Sustainability, and BIM/CADD sections. The Engineering Services division focuses on project’s sustainability, resiliency, laboratory material testing, quality reviews and inspections, standardization of documents, project delivery standards and uses current BIM/CADD technology to streamline engineering design processes. The sustainability program ensures sustainable infrastructure investments by monitoring regulatory changes, tracking project key performance indicators and providing support services to Engineering project teams. PlaNYC plan (https://climate.cityofnewyork.us/). PlaNYC has set social, economic, and environmental objectives to ensure the sustainable future of New York, while preparing for climate change and reducing our impacts. Advancing sustainability goals will include a mix of data analysis, conducting workshops and presentations, and coordinating with internal and external entities. In addition, the program facilitates LEED and Envision project certifications. This position requires work with a variety of project stakeholders including engineers, architects, operators, community boards and urban planners where excellent communication and client service skills are required. BEDC is seeking to hire a Sustainability Analyst 1 to support the sustainability program. Reporting directly to the Sustainability Lead, the Sustainability Analyst 1 will ensure consistency in designing deliverables across all capital programs to support DEP operating bureaus’ capital construction requirements in a manner consistent with BEDC’s Core values. The Sustainability Analyst 1 assists the sustainability program which implements City-wide sustainability objectives through the development of Bureau specific standards. BEDC delivers drinking water, wastewater treatment and combined sewer overflow infrastructure projects which must meet sustainable objectives by balancing three core elements: social impacts, environmental impacts and economic impacts. The Sustainability Analyst 1 ensures sustainable infrastructure investments by monitoring regulatory changes, tracking project key performance indicators and providing support services to Engineering project teams by providing support services. Advancing sustainability goals will include a mix of data analysis, conduct workshops and presentations and coordinating with internal and external entities. This position requires work with a variety of project stakeholders including engineers, architects, operators, community boards and urban planners where excellent communication and client service skills are required. Excellent communication and coordination skills are required as the position works with Intra-Agency groups, other City Agencies, and key program stakeholders. The Sustainability Analyst reports directly to the Sustainability Lead. PREFERRED SKILLS • Demonstrates collaborative team approaches. Experience helping to foster a positive team environment in which members participate, respect, and cooperate with each other to receive desired results. • Demonstrated excellent communication, organization, writing, and public speaking skills and ability to meet/manage aggressive deadlines. • Completes designated tasks in a timely and accurate manner. • Preference may be given to candidates with LEED and/or Envision accreditation. • Demonstrated ability and enthusiasm for legislative affairs and code enforcement. • Preference will be given to candidates with computer proficiency including AutoCAD, and Microsoft Word, Excel, PowerPoint, and Visio.

1. For Assignment Level I (only physical, biological and environmental sciences and public health) A master's degree from an accredited college or university with a specialization in an appropriate field of physical, biological or environmental science or in public health. To be appointed to Assignment Level II and above, candidates must have: 1. A doctorate degree from an accredited college or university with specialization in an appropriate field of physical, biological, environmental or social science and one year of full-time experience in a responsible supervisory, administrative or research capacity in the appropriate field of specialization; or 2. A master's degree from an accredited college or university with specialization in an appropriate field of physical, biological, environmental or social science and three years of responsible full-time research experience in the appropriate field of specialization; or 3. Education and/or experience which is equivalent to ""1"" or ""2"" above. However, all candidates must have at least a master's degree in an appropriate field of specialization and at least two years of experience described in ""2"" above. Two years as a City Research Scientist Level I can be substituted for the experience required in ""1"" and ""2"" above. NOTE: Probationary Period Appointments to this position are subject to a minimum probationary period of one year.",,,,not_started,
a3b54b0d34e7b105604f,arbeitnow,Business / Industry Co-Founder (F/M/D) Role At Startup Guardsphere,1,"**Founded around Farah Elshenawy (7 years in penetration testing, OSCP, MSc Entrepreneurial Cybersecurity at Saarland University/CISPA) and machine-learning lead Nazligul Kese, GuardSphere has validated its prototype with 47+ industry professionals across 6 industrial events and secured €800k in StartupSecure funding. What's missing is the commercial engine to turn validated R&D into revenue. We are looking for a Business / Industry co-founder specialized in OT security go-to-market, GuardSphere is separately also open to a CTO / software co-founder with OT/ICS development experience.

**Go-to-market & sales

**- Build GuardSphere's route into German manufacturing and utilities, converting strong customer interest (47+ contacts across 6 events) into pilots and paying customers.

- Bridge NeuroX Shield's technical capabilities with the budget and risk-appetite decision cycle of Plant Managers and CISOs.

Commercial strategy

- Understand and navigate industrial procurement processes, budgets and buying decisions in OT/manufacturing.

- Own pricing, packaging and commercial positioning as the prototype becomes a repeatable product.

Company build-up

- Lead incorporation (planned mid-2027) and support fundraising alongside Farah Elshenawy (Project Lead / CEO track).","Business / Industry Co-Founder (F/M/D) Role At Startup Guardsphere

GUARDSPHERE

Saarbrücken, Germany | On-site | Co-Founder / Equity | Deep Tech / OT & Industrial Cybersecurity

About GuardSphere

GuardSphere protects factories, energy plants and critical infrastructure from cyberattacks without ever stopping production. Its product, NeuroX Shield, passively watches a plant's industrial network, learns normal behavior, and lets operators respond to threats safely and gradually — built for mid-sized German manufacturers and utilities who can't afford downtime and have no in-house security specialist.

**The opportunity

**Founded around Farah Elshenawy (7 years in penetration testing, OSCP, MSc Entrepreneurial Cybersecurity at Saarland University/CISPA) and machine-learning lead Nazligul Kese, GuardSphere has validated its prototype with 47+ industry professionals across 6 industrial events and secured €800k in StartupSecure funding. What's missing is the commercial engine to turn validated R&D into revenue. We are looking for a Business / Industry co-founder specialized in OT security go-to-market, GuardSphere is separately also open to a CTO / software co-founder with OT/ICS development experience.

Tasks

What you will own

**Go-to-market & sales

**- Build GuardSphere's route into German manufacturing and utilities, converting strong customer interest (47+ contacts across 6 events) into pilots and paying customers.

- Bridge NeuroX Shield's technical capabilities with the budget and risk-appetite decision cycle of Plant Managers and CISOs.

Commercial strategy

- Understand and navigate industrial procurement processes, budgets and buying decisions in OT/manufacturing.

- Own pricing, packaging and commercial positioning as the prototype becomes a repeatable product.

Company build-up

- Lead incorporation (planned mid-2027) and support fundraising alongside Farah Elshenawy (Project Lead / CEO track).

Requirements

What you bring

**Core experience

**- Business development or sales experience in OT/ICS cybersecurity, industrial automation, or a closely related B2B industrial technology field.

- Understanding of German manufacturing and utilities procurement, budgets and decision cycles.

Especially valuable

- Existing network among Plant Managers, CISOs or OT security buyers.

- Familiarity with IEC 62443 and industrial compliance standards.

- GuardSphere is separately seeking a CTO/Developer co-founder, hands-on OT/ICS software development experience is valuable for that parallel track.

Benefits

Why join GuardSphere

- A prototype already validated through 47+ customer conversations and 6 industrial events, real market pull, not just a hypothesis.

- €800k in non-dilutive StartupSecure funding already secured.

- Ground-floor equity in a company addressing a growing, regulation-driven market (IEC 62443, rising OT/ICS attack surface).

GuardSphere welcomes co-founder candidates regardless of gender, age, ethnic origin, religion or belief, disability, sexual identity, or any other characteristic. This is a search for the right partner to build the company with, not a conventional hire.

Find
Jobs in Germany
on Arbeitnow",,,,not_started,
6a42c683d57c96dc4e72,nyc_jobs,Communications Intern,1,"• Creating and managing a daily compilation of news clips relevant to the work of the office. • Monitoring the Office’s presence in the media. • Observing court proceedings including noteworthy arraignments, hearings, trials, and sentencings, and reporting back to the Press Office. • Monitoring social media platforms, including Twitter and Facebook. In addition to the Minimum Qualification Requirements, all candidates must possess the following: • Political Science, English, Journalism, or Communications Major, or a student with a Pre-Law concentration is preferred.","Communications Intern

The New York County District Attorney’s Office seeks an intern for its Press Office. In this position the Intern is responsible for providing communications related support to the office. Responsibilities include but are not limited to: • Creating and managing a daily compilation of news clips relevant to the work of the office. • Monitoring the Office’s presence in the media. • Observing court proceedings including noteworthy arraignments, hearings, trials, and sentencings, and reporting back to the Press Office. • Monitoring social media platforms, including Twitter and Facebook. In addition to the Minimum Qualification Requirements, all candidates must possess the following: • Political Science, English, Journalism, or Communications Major, or a student with a Pre-Law concentration is preferred. Preferred Requirements/Skills: • Must be extremely interested in criminal justice and current events. • Must possess excellent writing, computer, internet research and organizational skills. • Must possess the ability to thrive in a fast-paced setting and have the ability to multi-task. How to Apply: • Resume • Cover Letter • Writing sample • Contact information for two professional references (one academic, one employer) Hours/Shift: • Ability to work flexible hours. • Interns may be required to work between 20-35 hours a week. Additional Information: • For more information, contact Douglas Cohen at cohend@dany.nyc.gov. • Current office employees: To be eligible for a transfer or promotion, staff must have already served at least 1 year in their current unit/bureau/department and be in good standing. In addition, must meet the minimum and additional qualifications of the position. • Authorization to work in the United States is required for this position.

For Assignment Level I: Matriculation at an accredited college or graduate school. Employment is conditioned upon continuance as a student in a college or graduate school. For Assignment Level II (Information Technology): Matriculation at an accredited college or graduate school. Employment is conditioned upon continuance as a student in a college or graduate school with a specific course of study in information technology, computer science, management information systems, data processing, or closely related field, including or supplemented by 9 semester credits in an acceptable course of study. For Assignment Level III (Information Technology Fellow): Matriculation at an accredited college or graduate school. Employment is conditioned upon continuance as a student in a college or graduate school with a specific course of study in information technology, computer science, management information systems, data processing, or other area relevant to the information technology project(s) assigned, including or supplemented by 9 semester credits in an acceptable course of study. Appointments to this Assignment Level will be made by the Technology Steering Committee through the Department of Information Technology and Telecommunications. SPECIAL NOTE Maximum tenure for all Assignment Levels in the title of College Aide is 6 years. No student shall be employed more than half-time in any week in which classes in which the student is enrolled are in session. Students may be employed full-time during their vacation periods.",,,,not_started,
4fed033c30fe7a78c1a5,arbeitnow,Customer Success Expert (m/f/d) for the European AI Factory HammerHAI,1,"Build and maintain strong relationships with key stakeholders and decision-makers, as well as new and existing clients, closely working with a team of support staff starting from onboarding to ensure customers achieve their desired outcomes using service offers of the European AI Factory (AIF) HammerHAI
Document the user journeys of the AIFs customers and utilise CRM tools to track customer interactions and pipeline progress
(Co-)organise and contribute to events (e.g. conferences, workshops, and hackathons) for existing customers and outreach events to win new customers from AIF's target customer groups
Introduce services and technologies available through HammerHAI to customers and potential clients
Conduct regular business reviews to assess customer health satisfaction, proactively identifying new opportunities to expand the interaction with customers and co-develop business development strategies
Collaborate with other roles in the AI Factory to convey customer needs and create targeted campaigns that enhance customer engagement and brand loyalty
Optimize the value customers derive from HammerHAI's service offers and to help customers optimising their service utilisation
Manage the full end-to-end user interaction and engagement cycle, from prospecting to closing, and supporting technical discussions with customers and presentations
Your Qualifications:
Required/Minimum Qualifications
Master of Business Administration (MBA), or a similar degree (e.g in management, marketing or communications) with 2 years of work experience or a Bachelor in these disciplines with multiple years (>4) of work experience, in roles which cover a significant fraction of the job profile described above

Other Requirements
Ambition to further shape the AIF’s structures as part of a highly motivated team
Knowledge and experience in working with and organising customer relationship management (CRM), including proficiency in CRM platforms for managing customer data and sales pipelines
Excellent English and German communication skills — both verbal and written — to effectively convey value propositions and excellent collaboration skills to work effectively with both, internal teams and international customers
Willingness to keep up with current developments and to learn about development of new technologies in the field of AI
Ability to develop and execute strategic account plans to maximize customer lifetime value
Ability to quickly learn and effectively communicate the value of HammerHAI service solutions","Customer Success Expert (m/f/d) for the European AI Factory HammerHAI

Description:
Looking for an employer you can count on? Join us!

Customer Success Expert
(m/f/d)
for the European AI Factory HammerHAI
Your Role and Responsibilities:
Build and maintain strong relationships with key stakeholders and decision-makers, as well as new and existing clients, closely working with a team of support staff starting from onboarding to ensure customers achieve their desired outcomes using service offers of the European AI Factory (AIF) HammerHAI
Document the user journeys of the AIFs customers and utilise CRM tools to track customer interactions and pipeline progress
(Co-)organise and contribute to events (e.g. conferences, workshops, and hackathons) for existing customers and outreach events to win new customers from AIF's target customer groups
Introduce services and technologies available through HammerHAI to customers and potential clients
Conduct regular business reviews to assess customer health satisfaction, proactively identifying new opportunities to expand the interaction with customers and co-develop business development strategies
Collaborate with other roles in the AI Factory to convey customer needs and create targeted campaigns that enhance customer engagement and brand loyalty
Optimize the value customers derive from HammerHAI's service offers and to help customers optimising their service utilisation
Manage the full end-to-end user interaction and engagement cycle, from prospecting to closing, and supporting technical discussions with customers and presentations
Your Qualifications:
Required/Minimum Qualifications
Master of Business Administration (MBA), or a similar degree (e.g in management, marketing or communications) with 2 years of work experience or a Bachelor in these disciplines with multiple years (>4) of work experience, in roles which cover a significant fraction of the job profile described above

Other Requirements
Ambition to further shape the AIF’s structures as part of a highly motivated team
Knowledge and experience in working with and organising customer relationship management (CRM), including proficiency in CRM platforms for managing customer data and sales pipelines
Excellent English and German communication skills — both verbal and written — to effectively convey value propositions and excellent collaboration skills to work effectively with both, internal teams and international customers
Willingness to keep up with current developments and to learn about development of new technologies in the field of AI
Ability to develop and execute strategic account plans to maximize customer lifetime value
Ability to quickly learn and effectively communicate the value of HammerHAI service solutions

Additional or Preferred Qualifications
Experience in working at or with start-ups and/or small and medium enterprises (SMEs), together with strong negotiation abilities with a focus on building lasting client relationships
Proven experience in business development, B2B sales, and account management
Expertise in marketing strategies related to customer engagement and retention
Knowledge of technology sales, including technical sales processes and solutions
Analytical skills to interpret data for strategic decision-making
Experience in warm calling techniques to generate new leads and nurture existing accounts
Experience contributing to customer onboarding processes
Executing and contributing to process playbooks
Demonstrated experience in driving revenue growth through upselling, cross-selling, and renewals
Proficiency in analyzing customer data and providing data-driven recommendations
Conditions:
Working time
full time (40 hrs) / part-time possible
flexible working model with electronic time recording
Contract duration
End of Q1/2028, further employment is intended
Remuneration
up to E 13, see
Entgelttabelle TV-L
Annual leave / compensatory time off
30 days
(24.12. + 31.12. additionally day off)
Overtime is compensated by additional time off
Benefits
Up to 60% mobile work for suitable tasks, mostly two-person offices, bus and subway (U6) on the doorstep, free parking, pension plan of the Versorgungsanstalt des Bundes und der Länder (VBL), state-of-the-art work equipment, Cooperation Agreement with Sports Facility Providers for Discounted Membership
What you can expect at LRZ:
Are you looking for a multifaceted and intellectually stimulating position in a dynamic, cooperative and innovative work environment? Then LRZ is the place to be for you! Here at LRZ a collegial, appreciative work environment meets an international crowd of experts who work together to advance IT services for ground-breaking research. We offer flexible work schemes for an optimal work-life balance. Our staff values their creative leeway. As an institute of the Bavarian Academy of Science and Humanities we offer all the benefits of public service. And of course, no wishes remain unfulfilled at the LRZ in terms of technical equipment. We share experiences, constantly review and improve our processes, and are proud that our service-quality and data-security are regularly certified and rated highly.
We actively promote diversity and welcome applications from talented individuals, regardless of cultural background, nationality, ethnicity, gender and sexual identity, physical abilities, religion and age. We give priority to applications from people with disabilities who are equally qualified (SGB IX).
Further information:
We are looking forward to receiving your complete application documents (including cover letter, CV and certificates) in a PDF file (other file types are not accepted) by latest
12.10.2026.

Subject:
Customer Success Expert
(2026/
45
)

Are you unsure whether the job suits you or you suit us? Or do you still have questions about this position? Our colleagues will be happy to answer all your questions.
This job does not fit? Then take a look at
https://www.lrz.de/en/careers/current-vacancies

or send us an unsolicited application!
Here

you will find information about the collection of personal data during the application process.

Find
Jobs in Germany
on Arbeitnow",,,,not_started,
53ca8a5ad02b99123994,nyc_jobs,"Director of the Enforcement Unit, Office of General Counsel",1,"The attorney would serve as the Director of the Enforcement Unit, reporting to the First Deputy General Counsel. Under general direction from the General Counsel and First Deputy General Counsel, the Director of the Enforcement Unit will oversee the Enforcement Unit and will: • Represent the agency at hearings, conferences and trials before the Office of Administrative Trials and Hearings (OATH). This includes performing all areas of case management including but not limited to: 1) designing a case strategy; 2) preparing and serving petitions; 3) negotiating settlements; 4) preparing witness; and, 5) assembling evidence. • Research and prepare briefs, appeals, orders, motions, legal opinions, memoranda and other legal papers related to enforcement cases. • Receive and assess complaints with Department programs to determine if enforcement action is needed. • Work with various Department programs to promote more effective enforcement and compliance and identify problem areas appropriate for enhanced enforcement or special initiatives. • Become well-versed in Department program policies and regulations to provide input to the programs about processes that would strengthen enforcement cases. • Liaise with Law Department, state and city agencies. • Travel to courts, when needed in-person within New York City. • Maintain sensitive and confidential information. • Manage and distribute information accurately and appropriately. • Monitor the workflow, ensuring compliance with deadlines, and preparing reports and summaries. • Establish positive working relationships with co-workers and programs. • Possess excellent research and writing skills • Attend to other ad hoc projects and tasks, as needed or assigned to ensure the continuity of operations within OGC.","Director of the Enforcement Unit, Office of General Counsel

The Office of General Counsel (OGC) provides legal support for the agency and its many public health functions serving more than 8 million New Yorkers. The Enforcement Unit is comprised of a subset of specialized attorneys within OGC who play a leading role in advancing the NYC Health Department's major public health enforcement initiatives. OGC is seeking an attorney to oversee the Enforcement Unit and handle administrative litigation that ensures citywide compliance with public health laws and regulations. The Enforcement Unit addresses some of the most urgent public health enforcement challenges facing New York City, including prosecuting childcare providers whose practices endanger children, enforcing food safety requirements at restaurants, issuing disease surveillance orders in connection with outbreaks, and ensuring that dog owners comply with recommended control measures following dangerous dog incidents. For example, enforcement Unit attorneys file administrative proceedings against holders of Department-issued licenses and permits. They also advise Department programs on compliance and enforcement procedures and participate in drafting and reviewing legislation that supports the Unit's work. The Enforcement Unit regularly coordinates with other city and state agencies. The attorney may also assist in liaising with these agencies and with the New York City Law Department on civil litigation matters. DUTIES WILL INCLUDE BUT NOT BE LIMITED TO: The attorney would serve as the Director of the Enforcement Unit, reporting to the First Deputy General Counsel. Under general direction from the General Counsel and First Deputy General Counsel, the Director of the Enforcement Unit will oversee the Enforcement Unit and will: • Represent the agency at hearings, conferences and trials before the Office of Administrative Trials and Hearings (OATH). This includes performing all areas of case management including but not limited to: 1) designing a case strategy; 2) preparing and serving petitions; 3) negotiating settlements; 4) preparing witness; and, 5) assembling evidence. • Research and prepare briefs, appeals, orders, motions, legal opinions, memoranda and other legal papers related to enforcement cases. • Receive and assess complaints with Department programs to determine if enforcement action is needed. • Work with various Department programs to promote more effective enforcement and compliance and identify problem areas appropriate for enhanced enforcement or special initiatives. • Become well-versed in Department program policies and regulations to provide input to the programs about processes that would strengthen enforcement cases. • Liaise with Law Department, state and city agencies. • Travel to courts, when needed in-person within New York City. • Maintain sensitive and confidential information. • Manage and distribute information accurately and appropriately. • Monitor the workflow, ensuring compliance with deadlines, and preparing reports and summaries. • Establish positive working relationships with co-workers and programs. • Possess excellent research and writing skills • Attend to other ad hoc projects and tasks, as needed or assigned to ensure the continuity of operations within OGC. PREFERRED SKILLS: • Strong written and oral advocacy skills with attention to detail. • Knowledge of or interest in administrative or regulatory law. • Ability to negotiate settlements with opposing counsel. • Prior experience managing and training attorneys on administrative/OATH trials and hearings. • Strong interpersonal, creative problem-solving, and organizational skills. • Ability to work both independently and as part of a team. • Demonstrated ability to meet deadlines and manage multiple cases and projects in a timely manner. • Ability to use online legal research platforms such as Westlaw, CLEAR, and Lexis Nexis. • Experience training other attorneys is a plus. • Current working knowledge of Health Department procedures, policies and practices is a plus. • Current knowledge or interest in public health matters is a plus. Why you should work for us: - Loan Forgiveness: As a prospective employee of the City of New York, you may be eligible for federal/state loan forgiveness and repayment assistance programs that lessen your payments or even fully forgive your full balance. For more information, please visit the U.S. Department of Education’s website (https://studentaid.gov/pslf/) - Benefits: City employees are entitled to unmatched benefits such as: o a premium-free health insurance plan that saves employees over $10K annually, per a 2024 assessment. o additional health, fitness, and financial benefits may be available based on the position’s associated union/benefit fund. o a public sector defined benefit pension plan with steady monthly payments in retirement. o a tax-deferred savings program and o a robust Worksite Wellness Program that offers resources and opportunities to keep you healthy while serving New Yorkers. - Work From Home Policy: Depending on your position, you may be able to work up to two days during the week from home. - Job Security - you could enjoy more job security compared to private sector employment and be able to contribute to making NYC a healthy place to live and work. Established in 1805, the New York City Department of Health and Mental Hygiene (NYC Health Department) is the oldest and largest health department in the U.S., dedicated to protecting and improving the health of NYC. Our mission is to safeguard the health of every resident and cultivate a city where everyone, regardless of age, background, or location, can achieve their optimal health. We provide a wide array of programs and services focused on food and nutrition, anti-tobacco support, chronic disease prevention, HIV/AIDS treatment, family and child health, environmental health, mental health, and social justice initiatives. As the primary population health strategist and policy authority for NYC, with a rich history of public health initiatives and scientific advancements, from addressing the 1822 yellow fever outbreak to the COVID-19 pandemic, we serve as a global leader in public health innovation and expertise. Come join us and help to continue our efforts in making a difference in the lives of all New Yorkers! Commitment to Equity: The City of New York is an inclusive equal opportunity employer committed to recruiting and retaining a diverse workforce and providing a work environment that is free from discrimination and harassment based upon any legally protected status or protected characteristic, including but not limited to an individual's sex, race, color, ethnicity, national origin, age, religion, disability, sexual orientation, veteran status, gender identity, or pregnancy. The NYC Health Department is an inclusive equal opportunity employer committed to providing access and reasonable accommodation to all individuals. To request reasonable accommodation to participate in the job application or interview process, contact Sye-Eun Ahn, Director of the Office of Equal Employment Opportunity, at sahn1@health.nyc.gov or 347-396-6549.

Admission to the New York State Bar; and four years of recent full-time responsible, relevant, satisfactory legal experience subsequent to admission to any bar, eighteen months of which must have been in the supervision of other attorneys, in an administrative, managerial or executive capacity, or performing highly complex and significant legal work. Incumbents must remain Members of the New York State Bar in good standing for the duration of this employment.",,,,not_started,
4af8e56faeb5bf3cb868,nyc_jobs,Executive Assistant,1,"• Manage all internal and external scheduling for the District Attorney and Executive staff, including real-time calendar adjustments and meeting coordination. • Maintain daily and weekly briefing materials (including digital/PDF versions) and ensure alignment with the DA’s schedule. • Monitor and triage incoming emails, respond to inquiries, route communications, and draft/distribute officewide and alumni communications. • Oversee executive administrative processes. • Coordinate HR and legal logistics for interviews, retirements, swearing-ins, and related personnel events, including compliance tasks such as COIB records. • Support administrative procedures including notarizations, scheduling wires, travel arrangements, and reimbursements for the District Attorney and Executive staff. • Provide front desk coverage, manage meeting logistics and hospitality needs, and oversee the Executive Conference Room schedule. • Maintain office supplies and support general office operations. • Reconcile the calendar daily, conduct periodic and quarterly calendar audits, and manage the executive vacation schedule with monthly reminders, reports and record keeping. • Support ongoing administrative, operational, and special projects assigned by the District Attorney and Executive staff.","Executive Assistant

The New York County District Attorney's Office (DANY) has an opening for an Executive Assistant to the District Attorney. The Executive Assistant provides high-level administrative, operational, and scheduling support to the District Attorney and Executive staff. This role operates at the center of a fast-moving, high-profile environment and requires exceptional judgment, discretion, and professionalism. The Executive Assistant will routinely handle confidential, sensitive, and privileged information while managing complex priorities, coordinating communications, and ensuring the seamless execution of executive-level operations. Responsibilities include but are not limited to: • Manage all internal and external scheduling for the District Attorney and Executive staff, including real-time calendar adjustments and meeting coordination. • Maintain daily and weekly briefing materials (including digital/PDF versions) and ensure alignment with the DA’s schedule. • Monitor and triage incoming emails, respond to inquiries, route communications, and draft/distribute officewide and alumni communications. • Oversee executive administrative processes. • Coordinate HR and legal logistics for interviews, retirements, swearing-ins, and related personnel events, including compliance tasks such as COIB records. • Support administrative procedures including notarizations, scheduling wires, travel arrangements, and reimbursements for the District Attorney and Executive staff. • Provide front desk coverage, manage meeting logistics and hospitality needs, and oversee the Executive Conference Room schedule. • Maintain office supplies and support general office operations. • Reconcile the calendar daily, conduct periodic and quarterly calendar audits, and manage the executive vacation schedule with monthly reminders, reports and record keeping. • Support ongoing administrative, operational, and special projects assigned by the District Attorney and Executive staff. Preferred Requirements/Skills: • Excellent diction and telephone skills. • Excellent written and verbal interpersonal, organizational, and communication skills. • Must be able to perform under pressure in a fast-paced environment; able to multi-task and meet deadlines. • Must be extremely detail-oriented, self-motivated, highly organized, resourceful, and reliable. • Proficient in Microsoft Word, Excel and Access. • Ability to follow directions and apply proper policies, procedures and guidelines. • Dependable team player who works collaboratively and cooperatively with staff in a team-oriented environment. • Ability to interact with all levels of staff and witnesses. • Excellent attendance and punctuality a must. • Ability to work with frequent interruptions and adapt to changes in workflow. How to Apply: • Apply with a Cover Letter and Resume. Hours/Shift: • Monday to Friday from 9:00 AM – 5:00 PM. Additional Information: • Current office employees: To be eligible for a transfer or promotion, staff must have already served at least one (1) year in their current unit/bureau/department and be in good standing. In addition, must meet the minimum and additional qualifications of the position. • Please note: this is a non-unionized position. • Authorization to work in the United States is required for this position.

Level 1 – Bachelor’s degree from an accredited college or university; and One (1) year of full-time administrative, executive support, office operations, or related experience. Level 2 – Bachelor’s degree from an accredited college or university; and Two (2) years of full-time administrative, executive support, office operations, or related experience. Level 3 – Bachelor’s degree from an accredited college or university; and Three (3) years of progressively responsible administrative, executive support, office operations, or related experience. Level 4 – Bachelor’s degree from an accredited college or university; and Four (4) years of progressively responsible executive administrative, office operations, or related experience. Level 5 – Bachelor’s degree from an accredited college or university; and Five (5) years of progressively responsible executive support, administrative operations, or related experience. Level 6 – Bachelor’s degree from an accredited college or university; and Six (6) years of progressively responsible executive administrative, operations, or related experience. Level 7 – Bachelor’s degree from an accredited college or university; and Seven (7) years of progressively responsible executive support, administrative management, operations, or related experience.",,,,not_started,
12267268cf274f232ece,arbeitnow,Senior Software Engineer - Local payments,1,"Own products and services end-to-end, from requirements till deployment in our production systems

Collaborate and grow in a dynamic and autonomous environment while working in small, agile teams

Be an integral part of a team, in addition to its culture and ways of working. Common practices include agile methodologies, pair and mob programming

Use the latest technologies to solve real problems for our customers at a massive scale

Be part of a team that will take full operational responsibility for the services that you own, and potentially take part in an on-call rotation

Share your knowledge and build creative solutions while helping the team evolve best practices

What we look for in you:

Results-orientation, collaborative, pragmatic, and with a continuous improvement mindset

Multiple experiences working with one or more general-purpose programming languages including Java

Experience designing and building scalable products and services

Experience with the cloud (preferably AWS)

Great problem solving abilities

Working proficiency in English

Some of the technologies you’ll get to work with:

Java and Kotlin (latest versions)

Modern frameworks (Micronaut, Spring Boot, React)

Cloud-native systems (AWS, Kubernetes, Docker)

Event-driven architectures (Kinesis)

What's in it for you?

Hybrid working
-
We offer a hybrid structure with a 3 days / week on site expectation, so you can strike the balance between office and home working.
In addition to our 30-day holiday allowance, we also provide a work from abroad policy, enabling employees to work remotely for up to another 30 days per year.

Learning and Development -
We offer a €1,000 annual budget to support your professional growth—because investing in your development benefits us all. In addition, we provide leadership cafés, on-the-job training, and other opportunities to help you grow your skills and thrive in your role.

Insurance
- Because better safe than sorry - we want our employees to benefit from various insurances including accident insurance, disability insurance, direct insurance (bAV) and travel insurance.

Gym membership
- PPRO helps contribute towards the costs of your gym membership, supporting your physical fitness journey while easing the burden on your wallet

Enhance Family Leave -
We understand the importance of family - that's why we offer enhanced family leave to support you during key life moments.

Mental Health Platform
- We’ve teamed up with a top well-being platform to provide one-on-one therapy, chat therapy, therapist-led courses, guided meditations, and more.

Pet-friendly office

-
Because work is better with your paw-tners by your side

Our Principles:

We get things done:
We are courageous; we take ownership, make decisions and get things done.

We act with trust and integrity:
We listen first and challenge respectfully. We seek out and leverage diverse perspectives. We welcome and offer honest and open feedback, always assuming positive intent

We put the customer first:
We are laser focused on delivering outstanding outcomes for our customers. We put the customer at the heart of what we do.

We make things better:
We boldly explore new ideas and have an unwavering commitment to continuous improvement.

We work as a team:
We collaborate closely and value team success over individual achievement.

Find
Jobs in Germany
on Arbeitnow","Senior Software Engineer - Local payments

At PPRO, we simplify access to local payments - providing a local payments platform that empowers giants like PayPal, Stripe, and Microsoft to connect with billions of consumers worldwide. We are on an ambitious, fast-paced mission to 3x our growth by 2028 - and we’re just getting started.
Our magic lies in our team of proud payments nerds. Spanning over 50 nationalities across 10+ global locations, our diverse cultures aren't a checklist; they are the competitive advantage driving our innovation. This is a people-first, high trust environment where you’ll have the autonomy to make a massive impact, own your work end-to-end, and grow through broad exposure, meaningful challenges, and continuous learning. We get things done, challenge respectfully, put the customer first, and recognise that our biggest successes are those we create as a team. If you’re ready to leave your footprint on global commerce, join us.

The Purpose:
At PPRO, Senior Software Engineers (m/w/x) make some of the most significant decisions for the company. Think of yourself as an important contributor to the success of your team, with a significant impact on the team’s product, but also on its culture and spirit. You will solve complex technical problems, participate in decisions on architecture and technical direction, support and mentor other engineers and work alongside them in the code.
What you’ll do:

Own products and services end-to-end, from requirements till deployment in our production systems

Collaborate and grow in a dynamic and autonomous environment while working in small, agile teams

Be an integral part of a team, in addition to its culture and ways of working. Common practices include agile methodologies, pair and mob programming

Use the latest technologies to solve real problems for our customers at a massive scale

Be part of a team that will take full operational responsibility for the services that you own, and potentially take part in an on-call rotation

Share your knowledge and build creative solutions while helping the team evolve best practices

What we look for in you:

Results-orientation, collaborative, pragmatic, and with a continuous improvement mindset

Multiple experiences working with one or more general-purpose programming languages including Java

Experience designing and building scalable products and services

Experience with the cloud (preferably AWS)

Great problem solving abilities

Working proficiency in English

Some of the technologies you’ll get to work with:

Java and Kotlin (latest versions)

Modern frameworks (Micronaut, Spring Boot, React)

Cloud-native systems (AWS, Kubernetes, Docker)

Event-driven architectures (Kinesis)

What's in it for you?

Hybrid working
-
We offer a hybrid structure with a 3 days / week on site expectation, so you can strike the balance between office and home working.
In addition to our 30-day holiday allowance, we also provide a work from abroad policy, enabling employees to work remotely for up to another 30 days per year.

Learning and Development -
We offer a €1,000 annual budget to support your professional growth—because investing in your development benefits us all. In addition, we provide leadership cafés, on-the-job training, and other opportunities to help you grow your skills and thrive in your role.

Insurance
- Because better safe than sorry - we want our employees to benefit from various insurances including accident insurance, disability insurance, direct insurance (bAV) and travel insurance.

Gym membership
- PPRO helps contribute towards the costs of your gym membership, supporting your physical fitness journey while easing the burden on your wallet

Enhance Family Leave -
We understand the importance of family - that's why we offer enhanced family leave to support you during key life moments.

Mental Health Platform
- We’ve teamed up with a top well-being platform to provide one-on-one therapy, chat therapy, therapist-led courses, guided meditations, and more.

Pet-friendly office

-
Because work is better with your paw-tners by your side

Our Principles:

We get things done:
We are courageous; we take ownership, make decisions and get things done.

We act with trust and integrity:
We listen first and challenge respectfully. We seek out and leverage diverse perspectives. We welcome and offer honest and open feedback, always assuming positive intent

We put the customer first:
We are laser focused on delivering outstanding outcomes for our customers. We put the customer at the heart of what we do.

We make things better:
We boldly explore new ideas and have an unwavering commitment to continuous improvement.

We work as a team:
We collaborate closely and value team success over individual achievement.

Find
Jobs in Germany
on Arbeitnow",,,,not_started,
9d7d2b090d3262dd7f95,nyc_jobs,Facilities Assistant,1,(no responsibilities heading detected by rules - read full_posting_text),"Facilities Assistant

RICHMOND COUNTY DISTRICT ATTORNEY The men and women of the Richmond County District Attorney’s office work each day in partnership with Law Enforcement and the people of Staten Island to pursue justice for victims of crime, to prevent crime in all its forms, and to promote the safety and well-being of all citizens of our Borough. THE BUREAU This is a support staff role within the Administration Bureau. The Administration Bureau is made up of six units: Finance, Procurement, Human Capital, Information Technology, Facilities and Special Projects and Initiatives (SPI). The Administration Bureau serves as a customer service resource for the agency. As part of the Facilities team the selected candidate will serve as a Facilities Assistant; this team is responsible for managing daily ad hoc requests and maintenance of all RCDA facilities in support of our employees carrying out the agency’s mission. THE ROLE The Facilitates Assistant will report directly to the Director of Facilities in the Administration Bureau and be responsible, but not limited to the following: • Deliver time sensitive and confidential documents throughout the 5 boroughs to various City and private agencies using agency vehicle and/or public transportation. • Respond to help desk ticket request for a range of issues related to for maintenance of all RCDA facilities. • Participate in facilities maintenance projects such as painting, signage maintenance, and furniture deliveries. • Assist with keeping RCDA facilities secure by producing employee and intern ID badges and keys as well as monitoring security cameras. • Inter office deliveries between floors and building of court documents and supplies for daily court/ office functions. • Liaise with various agencies including DCAS Engineers; serve as a representative of the RCDA to correct any building issues identified. • Updating and Maintaining Fleet database and management system. • Gather reports for Director of Facilities on Fleet maintenance. • Other duties as assigned by Chief of Administration or Supervisor of Facilities. Schedule: The selected candidate may be required to work overtime which may include weekends and holidays. PREFERRED SKILLS • Must have a valid NYS Driver’s license. • Bachelor’s Degree. • Excellent writing, communication, interpersonal, problem-solving, and organizational skills. • Ability to prioritize and manage multiple assignments. • Ability to work with diverse groups; as part of a team and/or independently. • Strong attention to detail. CIVIL SERVICE TITLE: COMMUNITY ASSSOCIATE SALARY RANGE: $50,000 - $55,000 Commensurate with experience; full NYC benefits package APPLICATION DEADLINE: Until filled LOAN FORGIVENESS: The federal government provides student loans forgiveness through its Public Service Loan Forgiveness Program (PLF) to all qualifying public service employees. Working with the Staten Island District Attorney’s Office qualifies you as a public service employee, which forgives the remaining balance on your direct loans after you’ve reached a certain number of qualifying payments (most people use this to forgive school loans)! Please visit the Public Service Loan Forgiveness Program site to view the eligibility requirements. TO APPLY: ALL APPLICATIONS MUST BE SUBMITTED THROUGH THE NYC JOBS WEBSITE City Employees – Click here and log in to ESS. Non-City Employees – Go to https://a127-jobs.nyc.gov/ • Search for job ID number: 796054 • Click on the job business title: Facilities Assistant • Click on “Apply Now” at the bottom of the posting Please be advised that we are not accepting phone calls, emails, or mailed correspondence related to resumes or job applications. Candidates will only be contacted if selected for an interview. The candidate selected for this position must be a resident of the City of New York or become a resident within 90 days of appointment. Authorization to work in the United States is required for this position. Sponsorship is not available for this position. The City of New York is an inclusive equal opportunity employer committed to recruiting and retaining a diverse workforce and providing a work environment that is free from discrimination and harassment based upon any legally protected status or protected characteristic, including but not limited to an individual's sex, race, color, ethnicity, national origin, age, religion, disability, sexual orientation, veteran status, gender identity, or pregnancy.

Qualification Requirements 1. High school graduation or equivalent and three years of experience in community work or community centered activities in an area related to duties described above; or 2. Education and/or experience which is equivalent to ""1"" above.

• Must have a valid NYS Driver’s license. • Bachelor’s Degree. • Excellent writing, communication, interpersonal, problem-solving, and organizational skills. • Ability to prioritize and manage multiple assignments. • Ability to work with diverse groups; as part of a team and/or independently. • Strong attention to detail.",,,,not_started,
9497a6d2dd74efc6f1d5,arbeitnow,AIT & Electronics Technician,1,"You will be a hands-on technician supporting the build, integration and test of electronic boards, harnesses and mechanical test setups for the AURA gridded-ion thruster.
You will work across the full hardware lifecycle - from assembling and inspecting flight-quality electronics and harnesses, through building up bench and mechanical test rigs, to supporting Assembly, Integration and Test (AIT) campaigns on the thruster and its control electronics.
You will report into the AIT team and work alongside the electronics, control, software and satellite teams, taking direction from engineers while owning the quality and traceability of the hardware you build and test.

Assemble, rework and inspect electronic boards to IPC-A-610 Class 3 standards.
Build and terminate wiring harnesses and cable assemblies to IPC/WHMA-A-620 standards.
Crimp, solder and lace harnesses; install backshells, connector savers and EMC / HV protective measures.
Build up mechanical and electrical test setups, including fixtures, jigs and bench instrumentation.
Support AIT activities on the thruster and its electronics, including functional testing, environmental test support (thermal vacuum, vibration) and continuity / insulation checks.
Read and work from schematics, wiring diagrams, mechanical drawings and assembly procedures.
Maintain as-built records, test logs, travellers and non-conformance reports to support traceability of flight hardware.
Operate and maintain lab equipment — oscilloscopes, multimeters, power supplies, electronic loads and DAQ systems.
Support functional, performance and environmental testing of the thruster, its power processing and control electronics, the propellant feed system, and the spacecraft-level integration.
Fundamental Requirements
IPC-A-610 Class 3 certification (or equivalent demonstrated experience to Class 3 standards).
IPC/WHMA-A-620 harness and cable assembly certification.
Proven hands-on experience assembling, reworking and inspecting electronic boards and harnesses.
Experience building up mechanical and electrical test setups from drawings and procedures.
Experience supporting AIT or equivalent integration and test activities on electronic hardware.
Confident use of standard lab instrumentation (oscilloscope, multimeter, power supply, electronic load, DAQ).
ESD-aware working practices (ANSI/ESD S20.20 or equivalent).
Ability to read and interpret schematics, wiring diagrams and mechanical drawings.
Strong attention to detail and discipline in documentation and traceability.","AIT & Electronics Technician

At NewOrbit Space, our mission is to engineer the lowest orbiting satellites on Earth to rapidly advance global connectivity and insight.
We are currently building satellites that can operate at an altitude of just 200 km - one-third that of conventional satellites.
Your role
You will be a hands-on technician supporting the build, integration and test of electronic boards, harnesses and mechanical test setups for the AURA gridded-ion thruster.
You will work across the full hardware lifecycle - from assembling and inspecting flight-quality electronics and harnesses, through building up bench and mechanical test rigs, to supporting Assembly, Integration and Test (AIT) campaigns on the thruster and its control electronics.
You will report into the AIT team and work alongside the electronics, control, software and satellite teams, taking direction from engineers while owning the quality and traceability of the hardware you build and test.
Key Responsibilities
Assemble, rework and inspect electronic boards to IPC-A-610 Class 3 standards.
Build and terminate wiring harnesses and cable assemblies to IPC/WHMA-A-620 standards.
Crimp, solder and lace harnesses; install backshells, connector savers and EMC / HV protective measures.
Build up mechanical and electrical test setups, including fixtures, jigs and bench instrumentation.
Support AIT activities on the thruster and its electronics, including functional testing, environmental test support (thermal vacuum, vibration) and continuity / insulation checks.
Read and work from schematics, wiring diagrams, mechanical drawings and assembly procedures.
Maintain as-built records, test logs, travellers and non-conformance reports to support traceability of flight hardware.
Operate and maintain lab equipment — oscilloscopes, multimeters, power supplies, electronic loads and DAQ systems.
Support functional, performance and environmental testing of the thruster, its power processing and control electronics, the propellant feed system, and the spacecraft-level integration.
Fundamental Requirements
IPC-A-610 Class 3 certification (or equivalent demonstrated experience to Class 3 standards).
IPC/WHMA-A-620 harness and cable assembly certification.
Proven hands-on experience assembling, reworking and inspecting electronic boards and harnesses.
Experience building up mechanical and electrical test setups from drawings and procedures.
Experience supporting AIT or equivalent integration and test activities on electronic hardware.
Confident use of standard lab instrumentation (oscilloscope, multimeter, power supply, electronic load, DAQ).
ESD-aware working practices (ANSI/ESD S20.20 or equivalent).
Ability to read and interpret schematics, wiring diagrams and mechanical drawings.
Strong attention to detail and discipline in documentation and traceability.
Nice-to-haves
J-STD-001 soldering certification (Space Addendum desirable).
Experience working in a cleanroom or ISO-classified environment.
Space or other high-reliability industry experience (aerospace, defence, medical).
Familiarity with ECSS standards, particularly ECSS-Q-ST-70 (workmanship).
Experience working with high-voltage and/or power electronics hardware.
Basic CAD literacy (SolidWorks, NX or CATIA) for interpreting models and marking up drawings.
Personality
Safety-first mindset, particularly around high-voltage, pressurised and vacuum operations.
Comfortable in a fast-moving development environment where hardware and procedures evolve quickly.
Collaborative team player who can take direction from engineers while owning hands-on quality.
Why NewOrbit Space?
Pioneering Space Technology
– You'll contribute to launching groundbreaking technology into space. Your work on our revolutionary ion propulsion system and VLEO satellite platform will redefine satellite operations and disrupt traditional LEO operations.
Unmatched Ownership and Impact
– You'll experience a level of ownership that's rare in the space industry. You will participate in the full lifecycle of satellite technology.
Equity and Competitive Salary
– You'll receive not just a competitive salary but also company ownership stakes. Your dedication and hard work are rewarded with a share in the technology you help build, ensuring you're a part of our collective success.
Comprehensive Benefits Package
–

Including private health insurance with dental and optical coverage, annual healthcare check-ups etc.
Hybrid Work
- A hybrid setup with one dedicated remote day per week.
Visa Sponsorship & Relocation Support
- We provide a relocation package and sponsor your visa if you’re joining us from abroad.
Find more
English Speaking Jobs in United Kingdom
on Arbeitnow",,,,not_started,
0bd6f04e2cb94755955c,nyc_jobs,Director of Procurement & Program Management,1,(no responsibilities heading detected by rules - read full_posting_text),"Director of Procurement & Program Management

***Only those currently serving as a permanent or probable permanent, i.e. probationary, Administrative City Planner will be considered. *** The NYC Department of Environmental Protection (DEP) enriches the environment and protects public health for all New Yorkers by providing 1.1 billion gallons of high quality drinking water, managing wastewater and stormwater, and reducing air, noise, and hazardous materials pollution. DEP is the largest combined municipal water and wastewater utility in the country, with nearly 6,000 employees. DEP's water supply system is comprised of 19 reservoirs and 3 controlled lakes throughout the system’s 2,000 square mile watershed that extends 125 miles north and west of the City. The Bureau of Wastewater Treatment (BWT) is responsible for the operation and maintenance of all facilities related to the treatment of sewage within the five boroughs of the City. This includes 14 wastewater treatment plants, sludge dewatering facilities, collections facilities (pumping stations, combined sewer overflow retention facilities, regulators, tide gates, etc.), wastewater laboratories and harbor vessels. The BWT Director of Procurement and Program Management (""Director"") will manage two Divisions in BWT and is responsible for programmatic oversight of: 1.Procurement of all BWT contracts and goods and services, including but not limited to: repair and maintenance contracts, construction Job Order Contracts (JOC), consultant Task Order Contracts (TOCs) for planning, design and construction management services, capital construction contracts, consultant contracts for master planning and regulatory compliance, as well as small purchases and open market orders. Contract procurements must be delivered based on operational requirements and capital plan registration targets. Includes processing of all contract payments managed in BWT as well as timely processing of change orders, subcontractors, renewals, and time extensions. 2.Management of BWT’s $390M annual expense budget, including but not limited to: expense budget planning, tracking of expenditures with key program areas per fiscal year (e.g. biosolids, chemicals, residuals, repair and maintenance, goods and services, etc.), identifying new needs and leading development of funding request justifications for Budget Plan submissions. 3.BWT’s BEDC and NYPA coordination programs, which are responsible for overseeing multi-million dollar delivery programs and ensuring that projects delivered by these entities meet BWT’s requirements for technical scope, align with BWT’s design guidelines, and meet operability and maintainability requirements. 4.BWT’s JOC and TOC programs to: track contract utilization, spending, ensure that there are no gaps in service, and vendors are performing as required by the contract. The successful candidate will serve on the Bureau's Senior Leadership Team (SLT) and will be a self-motivated individual with advanced communication skills, a solid working knowledge of program management procedures, budgeting and procurement, and engineering practices so as to facilitate successful planning, funding, procurement, design and construction of both capital and expense infrastructure projects. The successful candidate will be a primary liaison for BWT to several oversight offices, including: Office of Engineering Audits, Agency Chief Contracting Office, Budget Office, and Bureau of Legal Affairs. The candidate will also provide support on presentations to the Office of Management and Budget. The Director reports directly to the BWT Assistant Commissioner of Engineering and will be tasked with developing and utilizing consistent and reliable means and methods for the Bureau in the examination and tabulation of data, analysis and reports. The Director is expected to bring programmatic improvements to all levels of responsibility through analysis, development of Key Performance Indicators (KPls), and adoption of industry best practices. The Director will be engaged in the following initiatives: -Leadership: Provide leadership and management for programs, projects and initiatives facilitating team efforts and helping to define goals, timelines, resource requirements and planning. Lead the Directorship in improving efficiencies and effectiveness at all levels. -Continuous Improvement: Improved business practices and work environment across the Directorship. Lead the development of performance metrics and Key Performance Indicators. Develop means to capture and document improvement investments, savings and efficiencies gained. -Budgeting and Procurement: Provide expense financial planning to ensure spend plans and commitment plans are successfully tracked and met. Support programmatic development and tracking of bid packages, change orders, payments and contract closeouts. Interface with financial and contracting offices both within and outside the Agency as appropriate. -Engineering Resources: Ensure resources for engineering work are always in place in the areas of Task Order Contracts (TOCs) for design and related engineering services for investigations, studies, assessments and, Job Order Contracts (JOCs) for the construction work. Also ensure that resources for engineering work related to the BEDC and NYPA Coordination programs are adequately serving BWT’s operational needs.

1. A baccalaureate degree from an accredited college and four (4) years of full-time experience in city planning, at least eighteen (18) months of which must have been in a managerial capacity; or 2. Education and/or experience which is equivalent to ""1"" above. However, a baccalaureate degree and eighteen (18) months of managerial experience in city planning is required of all candidates. Graduate work leading to an advance degree in city planning or related field may be substituted for up to two (2) years of the non-managerial experience on a year-for-year basis. Graduation from an accredited United States Law School may be substituted for two (2) years of non-managerial experience.""

• In depth knowledge of project management and capital project delivery. • In depth knowledge of NYC’s procurement process, including PASSPort • In depth knowledge of expense budget planning and tracking • Experience in leading and directing high-performance teams. • High-level functional technical knowledge and skill in a large organization, public utility, or wastewater programs. • Knowledge of whole systems analysis, process reengineering, process improvement, lean management philosophy, six sigma or other related continuous improvement processes. • Strong organization and project management skills. Ability to manage multiple tasks and experience working and managing complex systems across large number of stakeholders. • Advanced knowledge of general management, project management, personnel management, and supervisory techniques and principles. • Strong written and verbal communication skills and experience with diverse workforce. • Strong understanding of computer programs and their use in optimizing systems. • Experience with NYC budgeting and procurement",,,,not_started,
644e4b17868b56c3bb3a,arbeitnow,Group Design Platform Software & AI Architect (m/f/d),1,"Define and continuously develop the software and implementation architecture of our Group Design Platform, including modules, interfaces, data ownership and technical roadmaps.
Provide technical leadership for the existing C#/.NET environment and guide its development toward scalable, maintainable and testable solutions.
Evaluate technical alternatives, dependencies and risks, and document architecture decisions and recommendations transparently.
Establish software development standards for coding, APIs, data models, automated testing, versioning, documentation and code reviews.
Identify and assess AI use cases, technologies and models, and guide the implementation of selected AI-enabled platform capabilities.
Collaborate with Product Owners, project managers, engineering experts, users and development teams to deliver appropriate technical solutions.
Review software designs, critical code, integration concepts and supplier proposals to ensure compliance with the platform architecture.
Drive modernization, refactoring, performance improvement, cybersecurity and technical-debt reduction while supporting Agile/Scrum and stage-gate processes","Group Design Platform Software & AI Architect (m/f/d)

Transform with us the future of

energy
⚡
The
SGB‑SMIT Group
is an international transformer manufacturer with locations in
Europe, Asia
and
America
. With reliable transformer technology, the company actively supports the global energy transition in areas such as renewable energy, industry and urban energy infrastructure.
As a key link between power generation, transmission and distribution,
SGB‑SMIT Group
develops and manufactures
power transformers, distribution transformers, cast‑resin transformers
and custom solutions for data centers, industrial applications and e‑mobility. These products ensure efficient, stable and secure energy flows worldwide.
With more than
3,800 employees
worldwide, the
SGB‑SMIT Group
stands for quality, innovation and sustainability and offers a stable environment to work on technologies that shape the energy systems of the future.
What sets the SGB-SMIT Group apart
: 🌍
We combine the strength of an
international technology company
with an
employee-oriented corporate culture
:
Meaningful work at the heart of the energy transition
Short decision-making processes and direct cooperation
Stable, growing company with long-term prospects
Your contribution counts –
both professionally and personally
.
Your benefits at SGB-SMIT Group: 🚀
Stable, growing company with long-term prospects
Attractive salary and social benefits
Flexible working hours and hybrid working models
30+1 vacation days plus special leave
Training and development opportunities
Company pension plan and employee insurance
Health and fitness offers (HanseFit)
Company restaurant, free drinks, and e-charging parking spaces
Bicycle and IT leasing
Subsidy for Germany/RVV ticket
Employee discounts via Benify
Your tasks: 📌
Define and continuously develop the software and implementation architecture of our Group Design Platform, including modules, interfaces, data ownership and technical roadmaps.
Provide technical leadership for the existing C#/.NET environment and guide its development toward scalable, maintainable and testable solutions.
Evaluate technical alternatives, dependencies and risks, and document architecture decisions and recommendations transparently.
Establish software development standards for coding, APIs, data models, automated testing, versioning, documentation and code reviews.
Identify and assess AI use cases, technologies and models, and guide the implementation of selected AI-enabled platform capabilities.
Collaborate with Product Owners, project managers, engineering experts, users and development teams to deliver appropriate technical solutions.
Review software designs, critical code, integration concepts and supplier proposals to ensure compliance with the platform architecture.
Drive modernization, refactoring, performance improvement, cybersecurity and technical-debt reduction while supporting Agile/Scrum and stage-gate processes
Your profile: 🔎
Bachelor’s or Master’s degree in Computer Science, Software Engineering or a comparable technical discipline.
At least eight years of professional software development experience, including several years in software architecture or technical leadership.
Strong hands-on expertise in C# and the .NET ecosystem, ideally gained in complex engineering, desktop, web or service applications.
In-depth knowledge of software architecture, domain-driven design, modular architectures, design patterns, APIs, data architecture and system integration.
Practical experience with AI-enabled software, model integration, data pipelines, workflow orchestration, evaluation, monitoring and governance.
Good knowledge of DevOps, CI/CD, source control, automated testing, release pipelines and secure software development.
Strong analytical, communication, mentoring and stakeholder-management skills, combined with the ability to guide distributed and external development teams.
English skills at C1 level or equivalent. Knowledge of German and experience with industrial engineering software, PLM, CAD, SAP, databases or cloud architectures are additional advantages.
If you value a dynamic, growing, and intercultural environment and enjoy hands-on work, then become part of the
SGB-SMIT Group
-

transform with us the future of

energy
. ⚡
We look forward to receiving your application! ⚡
Learn more about the SGB-SMIT Group as an employer, our values, and career opportunities on our careers page:
https://www.sgb-smit.com/career-jobs/sgb-smit-group#/
The terms used in this text refer to all genders in accordance with the General Equal Treatment Act (AGG).

.
Find
Jobs in Germany
on Arbeitnow",,,,not_started,
2557d72d6c8e6a5e8365,nyc_jobs,Deputy Director of Strategy Implementation,1,(no responsibilities heading detected by rules - read full_posting_text),"Deputy Director of Strategy Implementation

The NYC Department of Environmental Protection (DEP) enriches the environment and protects public health for all New Yorkers by providing 1.1 billion gallons of high-quality drinking water, managing wastewater and stormwater, and reducing air, noise, and hazardous materials pollution. DEP is the largest combined municipal water and wastewater utility in the country, with nearly 6,000 employees. DEP's water supply system is comprised of 19 reservoirs and 3 controlled lakes throughout the system’s 2,000 square mile watershed that extends 125 miles north and west of the City. The Office of Energy and Resource Recovery Programs (Energy Office) is charged with plotting the course for DEP to meet its energy and carbon neutrality goals, as well as maximizing resource recovery. The Energy Office also provides energy and performance tracking, program assessment, scientific research, emergency planning and internal auditing services to DEP's operating bureaus. The Deputy Director of Strategy Implementation will report directly to the Director of the Energy Office to advance critical energy efficiency and renewable generation projects and programs. This role will: 1. Lead the Implementation and Expansion of DEP’s Co-Digestion and RNG Programs. 2. Design and implement a circular economy program focused on achieving DEP’s energy and carbon neutrality goals. 3. Lead the development and execution of wastewater heat recovery initiatives 4. Drive stakeholder engagement, compliance, and funding strategies by building and maintaining relationships with internal and external stakeholders, including city agencies, private sector partners, and community groups. 5. Develop and implement a strategic plan for charging infrastructure deployment in collaboration with DEP Fleet Services and DCAS. 6. Supervise and mentor Staff by providing leadership, supervision, and mentorship to staff within the strategy implementation sub-directorate and mentor staff by providing leadership.

1) A baccalaureate degree from an accredited college or university in architecture or architectural technology; biology; building science; chemistry; construction management; energy management; engineering or engineering technology; environmental science; facilities management; physics; or a related field, and four (4) years of satisfactory, full-time experience in energy generation or conservation work such as planning, developing, implementing, inspecting, analyzing, testing, and verifying interventions at facilities to generate clean energy or reduce energy usage, one (1) year of which must have been in an administrative, managerial, or executive capacity; or 2) An associate degree or sixty (60) semester credits in any of the disciplines described in “1” above from an accredited college or university, and six (6) years of satisfactory full-time experience as described in “1” above including one (1) year in an administrative, managerial, or executive capacity; or 3) A four (4) year high school diploma or its educational equivalent and eight (8) years of experience as described in “1” above, including one (1) year in an administrative, managerial, or executive capacity. 4) Education and experience which is equivalent to ""1,"" ""2,"" or ""3"" above. However, all candidates must have one (1) year of experience in an administrative, managerial, or executive capacity as described in “1” above. Education and experience will be credited as follows: a) One (1) year of experience, up to a maximum of four (4) years, will be credited for each year of experience in one or more of the following: i) Journey-level experience in one or more of the skilled building trades; or ii) Full-time experience in the construction, repair, alteration, and/or rehabilitation of buildings in the capacity of general contractor, superintendent of construction, procurement specialist, or, evaluator responsible for cost estimation; or iii) Full-time building construction management experience; or iv) Full-time experience in construction field supervision or inspection. b) Education will be credited as follows: i) One (1) year of experience will be credited for every 30 semester credits leading to a baccalaureate degree or associate degree in any of the disciplines described in “1” above, or a related field, up to a maximum of four (4) years. ii) A master’s degree in any of the disciplines described in “1” above, or a related field, will be credited for one (1) year of acceptable experience. iii) A license as a Professional Engineer or Registered Architect issued pursuant to the New York State Education Law will be credited for four (4) years of acceptable experience.

• Masters degree in environmental engineering, water resources management, or a related field. • 7+ years experience in wastewater management, process optimization, or a closely related field. • In-depth knowledge of wastewater treatment processes and environmental regulations pertaining to water resources. • Demonstrated experience optimizing wastewater treatment processes. • Familiarity with emerging trends, technologies, and best practices in water conservation, wastewater management, and sustainability. • Familiarity with New York City energy code and local laws related to energy. • Demonstrated ability to identify opportunities to save energy across operational processes and systems. • Ability to make recommendations for process improvements and drive operational innovations. • Familiar with energy modeling and greenhouse gas (GHG) accounting, specifically as related to the wastewater treatment process and its byproducts.",,,,not_started,
1b9dc57735af5fe3ad3d,nyc_jobs,COLLEGE AIDE Miscellaneous Revenue,1,"The duties of the undergraduate/graduate college aide will encompass the following: • Assist analysts by building user-friendly, automated dashboards and visualizations. • Support the monitoring of revenues for various City agencies which includes data entry, organizing, cleaning and basic analysis of datasets. • Help maintain the centralized fee database ensuring updated data on legislative authority, implementation dates, and the responsible administrative agencies. • Provide research support regarding Federal, State, and Local legislation and regulations to assist analysts in evaluating fiscal impact on City operations. MINIMUM EXPERIENCE AND QUALIFICATIONS: Candidates must be currently enrolled in an undergraduate or graduate degree program in an accredited college or university.","COLLEGE AIDE Miscellaneous Revenue

TASK FORCE: Miscellaneous Revenue and Interfund Agreements UNIT: Miscellaneous Revenue JOB TITLE: One (1) Undergraduate / Graduate College Aide CONTROL CODE: MRI-27-01 SUMMARY: The Mayor’s Office of Management and Budget (OMB) is the City government's chief financial agency. OMB's staff of analysts and experts assembles and oversees the Mayor’s expense and capital budgets, which fund the services and activities of approximately 90 City agencies and entities. OMB’s Miscellaneous Revenue and Interfund Agreements Task Force includes two distinct Units: the Miscellaneous Revenue Unit and the Interfund Agreements Unit. The Miscellaneous Revenue Unit forecasts and monitors the non-tax, non-grant portion of city revenue ranging from cost-based charges, water and sewer revenue, and other income. JOB DESCRIPTION: The duties of the undergraduate/graduate college aide will encompass the following: • Assist analysts by building user-friendly, automated dashboards and visualizations. • Support the monitoring of revenues for various City agencies which includes data entry, organizing, cleaning and basic analysis of datasets. • Help maintain the centralized fee database ensuring updated data on legislative authority, implementation dates, and the responsible administrative agencies. • Provide research support regarding Federal, State, and Local legislation and regulations to assist analysts in evaluating fiscal impact on City operations. MINIMUM EXPERIENCE AND QUALIFICATIONS: Candidates must be currently enrolled in an undergraduate or graduate degree program in an accredited college or university. REQUIREMENTS: A cover letter is required to be considered for this position. Applications submitted without a cover letter will not be considered. Graduate: Must be currently enrolled in a graduate program. Candidates should have strong analytical, quantitative, research and communication skills. Additionally, candidates must be proficient in MS Word and Excel. Undergraduate: Must be currently enrolled in an accredited college or university. Strong analytical, research and communications skills are required. Candidates must have familiarity in MS Word and Excel. Preferred Skills: • Proficiency or experience with Python, PowerBI or other exploratory data analysis tools. • Interest in government funding, municipal operations, or public financial planning. • Ability to work independently, manage multiple tasks, and collaborate effectively with a team setting. ADDITIONAL INFORMATION: Compensation/Duration: Undergraduate College Aide $17.50 per hour Graduate College Aide $20 per hour The internship is available during the fall and spring semesters of the 2026 to 2027 school year. The internship will be part-time, with a maximum of 17 hours per week when school is in session. The schedule will be worked out with the selected candidate based on availability. The work must be done during the regular workday, between 8:00 a.m. and 6:00 p.m. – no evenings or weekends. THE OFFICE OF MANAGEMENT AND BUDGET AND THE CITY OF NEW YORK ARE INCLUSIVE EQUAL OPPORTUNITY EMPLOYERS COMMITTED TO RECRUITING AND RETAINING A DIVERSE WORKFORCE AND PROVIDING A WORK ENVIRONMENT THAT IS FREE FROM DISCRIMINATION AND HARASSMENT BASED UPON ANY LEGALLY PROTECTED STATUS OR PROTECTED CHARACTERISTIC, INCLUDING BUT NOT LIMITED TO AN INDIVIDUAL'S SEX, RACE, COLOR, ETHNICITY, NATIONAL ORIGIN, AGE, RELIGION, DISABILITY, SEXUAL ORIENTATION, VETERAN STATUS, GENDER IDENTITY, OR PREGNANCY. You must be a City resident within 90 days of the date of appointment and you must be legally eligible to work in the United States. SUBMISSION OF A RESUME IS NOT A GUARANTEE THAT YOU WILL RECEIVE AN INTERVIEW; ONLY THOSE CANDIDATES UNDER CONSIDERATION WILL BE CONTACTED. WORK LOCATION: This is an in-person position at OMB’s offices at 255 Greenwich Street.

For Assignment Level I: Matriculation at an accredited college or graduate school. Employment is conditioned upon continuance as a student in a college or graduate school. For Assignment Level II (Information Technology): Matriculation at an accredited college or graduate school. Employment is conditioned upon continuance as a student in a college or graduate school with a specific course of study in information technology, computer science, management information systems, data processing, or closely related field, including or supplemented by 9 semester credits in an acceptable course of study. For Assignment Level III (Information Technology Fellow): Matriculation at an accredited college or graduate school. Employment is conditioned upon continuance as a student in a college or graduate school with a specific course of study in information technology, computer science, management information systems, data processing, or other area relevant to the information technology project(s) assigned, including or supplemented by 9 semester credits in an acceptable course of study. Appointments to this Assignment Level will be made by the Technology Steering Committee through the Department of Information Technology and Telecommunications. SPECIAL NOTE Maximum tenure for all Assignment Levels in the title of College Aide is 6 years. No student shall be employed more than half-time in any week in which classes in which the student is enrolled are in session. Students may be employed full-time during their vacation periods.",,,,not_started,
ef37f5e4a74b94f5fcce,arbeitnow,"Senior Software Engineer, Event Streaming Systems",1,"You'll be joining the Event Streaming Systems team within the broader Storage organisation. The team builds and operates highly reliable, scalable and efficient event streaming infrastructure, including Kafka, Event Streaming abstractions(internally called EventBus) and future streaming platform technologies. These systems support Tier-0 workflows and are foundational to how engineering teams build reliable, event-driven products at scale.

Here's what your day-to-day might look like:

Design, build and operate large-scale event streaming infrastructure that supports critical production workloads.

Improve the reliability, scalability, observability and automation of Kafka, EventBus and related streaming platforms.

Debug complex distributed systems issues, including performance bottlenecks, capacity constraints and production reliability challenges.

Build infrastructure automation and self-healing capabilities that reduce operational toil and improve platform resilience.

Contribute to incident response, operational readiness and continuous improvement for Tier-0 infrastructure.

Partner closely with EventBus, Storage, SRE, Data Platform and Core Infrastructure teams across US and EU regions.

Help shape the long-term architecture and evolution of Deliveroo's event streaming platform.

What You'll Need to Thrive

Our ideal candidate will bring strong expertise in some of these areas and curiosity to grow in others:

Strong hands-on experience building or operating distributed systems in production.

Experience with Kafka or similar event streaming systems, either as a platform, infrastructure service or critical production dependency.

Strong coding ability in Java, Go, Python or similar languages, with a focus on reliable, maintainable production systems.

Experience operating scalable production infrastructure, including debugging, troubleshooting and improving reliability.

Strong understanding of infrastructure automation, observability, capacity management and operational excellence.

Good fundamentals in Linux, networking and JVM-based systems, or curiosity to deepen expertise in these areas.

Strong collaboration and communication skills, with the ability to work across platform, infrastructure and product engineering teams.","Senior Software Engineer, Event Streaming Systems

Our Global Structure

Deliveroo is now part of DoorDash, bringing together teams with even greater reach, scale, and ambition. Depending on your role, you may collaborate with teammates, systems, and leaders across DoorDash and Wolt. Together, we're unlocking new possibilities as one global team.
Senior Software Engineer, Event Streaming Systems

Join us in our mission to transform the way people shop and eat, where impact, innovation and growth drive everything we do. Our Engineering teams tackle complex technical challenges across a global, three-sided marketplace, building and scaling systems that serve millions of customers, riders and partners every day.

From real-time logistics to resilient infrastructure and marketplace optimisation, we design, build and operate technology that powers Deliveroo's growth at scale.

We're looking for a Senior Software Engineer to join our team. This is a hybrid role. In this role, you'll help us build and operate the event streaming infrastructure that powers business-critical workflows across Deliveroo, DoorDash and Wolt.

Get to know our Engineering team, what drives us, how we work, and what you can expect.

What You'll Be Doing

You'll be joining the Event Streaming Systems team within the broader Storage organisation. The team builds and operates highly reliable, scalable and efficient event streaming infrastructure, including Kafka, Event Streaming abstractions(internally called EventBus) and future streaming platform technologies. These systems support Tier-0 workflows and are foundational to how engineering teams build reliable, event-driven products at scale.

Here's what your day-to-day might look like:

Design, build and operate large-scale event streaming infrastructure that supports critical production workloads.

Improve the reliability, scalability, observability and automation of Kafka, EventBus and related streaming platforms.

Debug complex distributed systems issues, including performance bottlenecks, capacity constraints and production reliability challenges.

Build infrastructure automation and self-healing capabilities that reduce operational toil and improve platform resilience.

Contribute to incident response, operational readiness and continuous improvement for Tier-0 infrastructure.

Partner closely with EventBus, Storage, SRE, Data Platform and Core Infrastructure teams across US and EU regions.

Help shape the long-term architecture and evolution of Deliveroo's event streaming platform.

What You'll Need to Thrive

Our ideal candidate will bring strong expertise in some of these areas and curiosity to grow in others:

Strong hands-on experience building or operating distributed systems in production.

Experience with Kafka or similar event streaming systems, either as a platform, infrastructure service or critical production dependency.

Strong coding ability in Java, Go, Python or similar languages, with a focus on reliable, maintainable production systems.

Experience operating scalable production infrastructure, including debugging, troubleshooting and improving reliability.

Strong understanding of infrastructure automation, observability, capacity management and operational excellence.

Good fundamentals in Linux, networking and JVM-based systems, or curiosity to deepen expertise in these areas.

Strong collaboration and communication skills, with the ability to work across platform, infrastructure and product engineering teams.

Nice to have

Experience contributing to Kafka or related open source distributed systems.

Experience with Redpanda, WarpStream, AutoMQ, Pulsar or similar streaming technologies.

Experience with JVM tuning, broker tuning, partition management or Cruise Control.

Experience with tiered storage, diskless streaming architectures or multi-region event streaming platforms.

Experience operating Tier-0 infrastructure at large scale.

Why Join Us?

At Deliveroo, you'll do work that matters, solving real-world problems in a three-sided marketplace that's constantly evolving.

We're food lovers, problem solvers, community builders and more, brought together by a shared drive to make things better. Working here you can expect to:

🔧 Solve meaningful problems at real scale
Work on a complex, always-on marketplace that impacts millions every day.

🌱 See your impact, fast
Ship, test and improve ideas quickly in a low-hierarchy, high-ownership environment.

🧠 Grow through challenge and ownership
Take on big, ambiguous problems and accelerate your career with strong support.

🌎 A culture built for builders
High standards, collaboration, flexible working and continuous learning.

💰 Share in the success you help create
Competitive salary and equity options, so you're rewarded for the impact you make.

➡️ Want a deeper look at how we build? Check out our Tech Blog.

We aim to create a fair process that lets your skills shine, our interview typically includes 3-4 stages. Explore our Engineering Interview Guide to help you feel confident at each stage.

Our Global Structure

Deliveroo is now part of DoorDash, bringing together teams with even greater reach, scale, and ambition. Depending on your role, you may collaborate with teammates, systems, and leaders across DoorDash and Wolt. Together, we're unlocking new possibilities as one global team.

Diversity, Equity and Inclusion

At Deliveroo, we know that a great workplace reflects the world around us and that true diversity and inclusion make us stronger, more creative, and better at what we do. We're committed to fostering an environment where everyone can do their best work and feel they belong.

We believe in equality of opportunity and welcome candidates from all backgrounds regardless of age, gender, ethnicity, disability, sexual orientation, gender identity, socio-economic background, religion, or belief.

If you have a disability or long-term health condition and need support to apply for one of our roles, or require any reasonable adjustments during the recruitment process, you'll have the opportunity to let us know once you've submitted your application. We'll share details on how to request support so we can ensure you have a fair and equitable experience.

If you're excited about making a real impact in a fast-moving marketplace and growing your career alongside ambitious, supportive teams, we'd love to hear from you.
Diversity, Equity and Inclusion
At Deliveroo, we know that a great workplace reflects the world around us and that true diversity and inclusion make us stronger, more creative, and better at what we do. We're committed to fostering an environment where everyone can do their best work and feel they belong.

We believe in equality of opportunity and welcome candidates from all backgrounds regardless of age, gender, ethnicity, disability, sexual orientation, gender identity, socio-economic background, religion, or belief.

If you have a disability or long-term health condition and need support to apply for one of our roles, or require any reasonable adjustments during the recruitment process, you'll have the opportunity to let us know once you've submitted your application. We'll share details on how to request support so we can ensure you have a fair and equitable experience.

If you're excited about making a real impact in a fast-moving marketplace and growing your career alongside ambitious, supportive teams, we'd love to hear from you!

Beware of recruitment scams: DASH Brands will never ask you to pay money or share sensitive financial information during hiring — learn more about DASH Brands' legitimate recruiting process at

careersatdoordash.com/recruitment-scam-awareness
.
Find more
English Speaking Jobs in Germany
on Arbeitnow",,,,not_started,
07d3cbd036de93e87603,nyc_jobs,"Supervisor of the Payroll Funding, Certification and ACH Unit (PFCAU)",1,(no responsibilities heading detected by rules - read full_posting_text),"Supervisor of the Payroll Funding, Certification and ACH Unit (PFCAU)

The NYC Financial Information Services Agency-Office of Payroll Administration (FISA-OPA) seeks to hire a Supervisor for the Payroll Funding, Certification and ACH Unit (PFCAU) within the Payroll Banking and Accounting (PBA) group. Under the direction of the Assistant Director, the Supervisor will: • Supervise the Unit’s daily assignment workflows. • Review payroll funding requests prepared by the unit and approve Payment Requests documents. • Confirm net pay and escrow deductions Automated Clearing House (ACH) credit files for the active and retiree payrolls; authorize release of these files. • Approve Unit's daily bank deposits into multiple City bank accounts. • Review Electronic Funds Transfer (EFT) amounts for all payroll cycles; approve schedules of various payroll funding. • Authorize and certify City agencies’ payrolls by validating/reconciling their Summary of Payroll against the accounting/payroll reports; complete and sign appropriate paperwork; release payrolls to City Agencies. • Review and approve the reimbursement to employees for their EFT credit returns. • Analyze and write PFCAU processes and procedures. • Respond to customer service inquiries. • Perform analytical/accounting tasks as assigned by the Payroll Banking and Accounting management. Preferred Skills: • Minimum 3-5 years supervisory experience of clerical and professional staff. • Excellent communication skills (oral and written), interpersonal, and organizational skills are required. • Excellent work ethic and attention to detail. • Ability to analyze data, prepare statistical and narrative reports. • Ability to work efficiently in a fast-paced environment. • Excellent skills with Microsoft O365 products. • Experience with the Payroll Management System (PMS), Payroll Information Administration (Pi), City Human Resource Management System (CHRMS), Reports Management Distribution System (RMDS), BMC Remedy and Financial Management System (FMS). Additional Information: #O-107 To Apply: Applicants may visit the Jobs NYC website: www.nyc.gov/jobs and apply to Job ID: 795217. While all complete applications will be given consideration, only candidates selected for an interview will be contacted. Hours/Shift: 35 Hours/Day Shift Work Location: 5 Manhattan West, New York, NY

1. A baccalaureate degree from an accredited college including or supplemented by 24 credits in accounting, including one course each in advanced accounting, auditing, and cost accounting and four years of satisfactory full-time professional accounting or auditing experience, at least 18 months of which must have been in an administrative, managerial, or executive capacity or supervising a staff performing accounting or auditing work; or 2. A valid New York State Certified Public Accountant license and at least 18 months of satisfactory full-time professional accounting or auditing experience in an administrative, managerial or executive capacity or supervising a staff performing accounting or auditing work.",,,,not_started,
e3691fb293998ec2d9b6,arbeitnow,"Senior Product Manager, Technical (m/f/d)",1,"Shape and deliver solutions
:
Partner closely with engineers to define and refine solutions early, helping move ideas from concept to production in practical, incremental steps while staying close enough to implementation to understand trade-offs and guide decisions.

Drive focused, outcome-oriented delivery:

Balance user needs, market context, and execution speed while focusing on getting working solutions into users’ hands for validation, then iterate based on feedback and measurable outcomes.

Work through ambiguity
:

Take ownership of areas where requirements are not fully defined, structure problems into clear, actionable paths forward, and maintain momentum even as direction continues to evolve.

Own product direction:

Contribute to product strategy and roadmap definition, align short-term priorities with longer-term platform thinking, and make thoughtful trade-offs that support both delivery and scalability.

Collaborate across stakeholders
:
Work across engineering, design, and go-to-market teams, engage effectively with senior and executive stakeholders, and bring alignment and clarity in environments with diverse perspectives.

Be developer-obsessed
:

Understand developer workflows and key pain points, and help improve integration, usability, and the overall product experience.","Senior Product Manager, Technical (m/f/d)

About the Company

Affinidi
is a technology company dedicated to changing data ownership for good. We empower businesses and individuals with control and ownership of their data, with a comprehensive approach to managing their holistic identity – accounting for all aspects of their digital footprint while ensuring privacy and security.

Affinidi’s technology enables users to benefit from decentralised digital identity solutions. We believe that everyone has the right to own and control their data, and we are committed to creating a trusted digital credentials ecosystem that empowers businesses and individuals to securely exchange data and services across borders and industries.

We’re looking for a Senior Product Manager (Technical) who wants to help define how trust is built into the next generation of AI systems. At Affinidi, we’re building the Trust Fabric product suite to give AI agents verifiable identity, policy guardrails, and real-time observability, so organisations can move from promising proofs of concept to secure, governed production deployments with confidence.

This is a role for builders. You’ll work side by side with engineering to turn ambitious ideas into real, high-impact products, fast, iteratively, and with strong product judgment. You’ll take on complex, ambiguous challenges that don’t come with a playbook, bring structure to what matters, and help the team move with clarity, speed, and conviction. You’ll also collaborate with deeply engaged teams and senior leaders in an environment that expects high standards, values ownership, and gives you the chance to shape meaningful products from the ground up.

If you like combining technical depth, product thinking, and execution, you’ll fit right in.

What you’ll be doing

Shape and deliver solutions
:
Partner closely with engineers to define and refine solutions early, helping move ideas from concept to production in practical, incremental steps while staying close enough to implementation to understand trade-offs and guide decisions.

Drive focused, outcome-oriented delivery:

Balance user needs, market context, and execution speed while focusing on getting working solutions into users’ hands for validation, then iterate based on feedback and measurable outcomes.

Work through ambiguity
:

Take ownership of areas where requirements are not fully defined, structure problems into clear, actionable paths forward, and maintain momentum even as direction continues to evolve.

Own product direction:

Contribute to product strategy and roadmap definition, align short-term priorities with longer-term platform thinking, and make thoughtful trade-offs that support both delivery and scalability.

Collaborate across stakeholders
:
Work across engineering, design, and go-to-market teams, engage effectively with senior and executive stakeholders, and bring alignment and clarity in environments with diverse perspectives.

Be developer-obsessed
:

Understand developer workflows and key pain points, and help improve integration, usability, and the overall product experience.

What we’re looking for

Core experience
:
You bring 5+ years of experience in Technical Product Management, a strong technical background that lets you engage deeply with engineering topics, hands-on experience working with APIs, systems, and integrations, and a proven track record of delivering products in close collaboration with engineering teams.

Technical depth
:
You are comfortable understanding how systems are designed and operate in practice, able to engage in technical discussions, challenge assumptions, and evaluate trade-offs, and willing to go into detail when needed by reviewing flows, investigating issues, or clarifying implementation approaches.

Mindset
:
You take ownership from problem to outcome, are comfortable working with ambiguity and evolving priorities, combine structured thinking with a bias toward action, and can move between big-picture strategy and practical execution.

Collaboration & communication
:
You communicate effectively across technical and non-technical audiences, are comfortable working with experienced, highly engaged stakeholders, and know how to build alignment and drive decisions forward.

Nice to have
:
It’s a plus if you have had exposure to identity, distributed systems, or similar domains, and experience in fast-paced, product-led environments.

What you’ll get

A team that values ownership, quality, and speed

Close collaboration between product and engineering

Hybrid working model in Berlin + flexible hours

Unlimited vacation

Competitive compensation

A strong environment to learn, build, and have impact

Equal Opportunity

We believe in hiring different and diverse talent and providing a safe space where everyone can share their views without fear, where differences are celebrated, and where no one is left out. Inclusive cultures are the foundation for collaboration and innovation within our team.

Privacy Notice

By applying for this position, you confirm that you have read and understood
Affinidi’s Candidate Privacy Policy
, and consent to the collection, use, and disclosure of your personal data for recruitment purposes, as described in the
policy
.

Find more
English Speaking Jobs in Germany
on Arbeitnow",,,,not_started,
a462d24b2748471a3f2b,arbeitnow,Finance & Operations Associate (m/f/d),1,"Run day-to-day finance operations on the payables side: accounts payable, payment runs, and a clean, on-time procure-to-pay process
Support our outgoing invoicing process, from creating and issuing customer invoices through to tracking receivables and incoming payments
Support the monthly closing and prepare our financial investor reporting, working closely with the Head of Finance and our external accountants
Track budgets and actuals across cost centers and flag deviations early
Act as the internal counterpart to our external accountants and tax advisor on year-end audits and tax filings
Help level up our finance stack and processes, from DATEV workflows to spend-management and finance tooling. You won't just run processes, you'll design your own
Own non-tech procurement, from sourcing and ordering through to vendor and contract management
Manage employee travel arrangements and expense reporting
Take on general company administration that keeps the team running, from office-related purchasing to ad hoc operational tasks","Finance & Operations Associate (m/f/d)

Our Mission
At Omegga, we're on a mission to reinvent how AI and spectroscopy can drive positive change for animals, people, and the planet. We started with a clear objective: eliminate chick culling on a global scale through early, non-invasive in-ovo sex detection. This outdated practice still impacts billions of lives, and we're here to change that.
Today, our systems are already in use, and the focus is on scaling performance, robustness, and deployment across an international customer base. For us, scaling means more than growth. It means changing an industry for the better.
We are looking for people who take ownership, think in systems, and want to help turn a working product into the industry benchmark. If that sounds like you, we'd love to hear from you
What We're Looking For
We're looking for a hands-on Finance & Operations Associate to keep the financial and operational engine of a fast-scaling deep-tech company running smoothly. You'll work side by side with the Head of Finance in a small team, which gives you broad exposure across finance and operations from day one and real room to grow into more. Please note that this role requires professional-level German (C1 or above), as our finance, tax, and administrative processes run in German. You bring finance fundamentals, a structured way of working, and genuine curiosity about how a business operates end to end. You see what needs to happen, take initiative, and enjoy working openly in a fast-moving, international team that's growing together.
You take ownership, hold yourself to a high standard, and care about getting the details right, because in finance and operations they matter. You communicate openly, give honest feedback, and build trust through your actions. You believe the best work happens in an environment where people support each other, share knowledge, and grow together.
What You'll Own
Run day-to-day finance operations on the payables side: accounts payable, payment runs, and a clean, on-time procure-to-pay process
Support our outgoing invoicing process, from creating and issuing customer invoices through to tracking receivables and incoming payments
Support the monthly closing and prepare our financial investor reporting, working closely with the Head of Finance and our external accountants
Track budgets and actuals across cost centers and flag deviations early
Act as the internal counterpart to our external accountants and tax advisor on year-end audits and tax filings
Help level up our finance stack and processes, from DATEV workflows to spend-management and finance tooling. You won't just run processes, you'll design your own
Own non-tech procurement, from sourcing and ordering through to vendor and contract management
Manage employee travel arrangements and expense reporting
Take on general company administration that keeps the team running, from office-related purchasing to ad hoc operational tasks
What You Bring
1 to 2 years of experience in finance and/or operations, ideally in a startup or fast-paced environment. Strong, relevant internship experience counts too if you're a fast learner
Fluent German and English, German at C1 level or above. This is a hard requirement: our finance and administrative processes run in a German-language context (DATEV, tax advisors, audits, vendor and authority communication)
A solid grasp of accounting fundamentals and a working understanding of how P&L, balance sheet, and cash flow connect. Bookkeeping is handled externally, but you know what's happening behind the numbers
Hands-on exposure to procure-to-pay processes and purchasing, ideally including hardware
Familiarity with DATEV and comfort with spend-management or finance tools
A strong numerical sense and confident Excel skills
A structured, detail-oriented way of working paired with a proactive, ownership-driven mindset. You identify what needs to happen next and take it on
You communicate openly, enjoy working in an international team, and are eager to grow alongside it
Not ticking every box? That's okay. One exception to the above: German at C1 level or above is required for this role.
If this role excites you and you bring most of what we've described, we want to hear from you.
Why Us
Mission & Technical Challenge:
At Omegga, you work on problems that are both technically demanding and globally relevant. We build deep-tech solutions with real-world impact, pushing the boundaries of what's currently possible.
Relocation Support:
Moving to Munich? We help you find an apartment in the Werksviertel within walking distance of the office. We connect you with the right contacts and take the stress out of apartment hunting.
Work Environment:
Located in Munich's Werksviertel, this is an on-site role. You'll work closely with the team in a focused, high-performance culture where finance and operations sit at the heart of how the company runs.
Ownership:
VSOPs (Virtual Stock Options) so you share in the value you help create.
Time Off:
28 vacation days per year, plus December 24th and 31st off.
Benefits & Growth
Monthly meal budget for whatever keeps you going, from quick lunches to proper team dinners
Monthly perks budget to spend where it actually matters to you: fitness, mobility, or the occasional ""I earned this"" purchase
Annual learning budget to invest in your growth, from conferences to deep dives into new domains
Free drinks, coffee, and snacks in the office to keep you focused throughout the day
Find
Jobs in Germany
on Arbeitnow",,,,not_started,
5c4a5e28ceaa8b8e776f,arbeitnow,Customer Success Engineer ( London),1,"Serve as the technical advisor and strategic owner for a portfolio of enterprise accounts, partnering with everyone from developers to CIOs and CTOs.
Own the full customer lifecycle: onboarding, adoption, technical enablement, expansion, and advocacy.
Drive adoption through live demos, workshops, architecture guidance, troubleshooting, and best-practice recommendations — making Deepgram successful inside the customer's environment.
Run discovery continuously: surface customer problems, understand their business impact, and translate them into actionable requirements for product and engineering.
Identify and scope expansion (cross-sell, upsell, multi-product) in partnership with Sales, and lead executive business reviews and joint planning sessions.
Act as the voice of the customer internally — influencing roadmap, GTM strategy, and the tools we build to support customers.
Track adoption, usage, health, and expansion to drive outcomes; travel to customer sites as needed.
Operate AI-first by default, and build tools, agents, and workflows that eliminate recurring work for you and the broader CS team. Your impact is measured by the leverage you create, not just the accounts you serve.","Customer Success Engineer ( London)

Company Overview
Deepgram is the leading platform underpinning the emerging trillion-dollar Voice AI economy, providing real-time APIs for speech-to-text (STT), text-to-speech (TTS), and building production-grade voice agents at scale. More than 200,000 developers and 1,300+ organizations build voice offerings that are ‘Powered by Deepgram’, including Twilio, Cloudflare, Sierra, Decagon, Vapi, Daily, Cresta, Granola, and Jack in the Box. Deepgram’s voice-native foundation models are accessed through cloud APIs or as self-hosted and on-premises software, with unmatched accuracy, low latency, and cost efficiency. Backed by a recent Series C led by leading global investors and strategic partners, Deepgram has processed over 50,000 years of audio and transcribed more than 1 trillion words. There is no organization in the world that understands voice better than Deepgram.
Company Operating Rhythm
At Deepgram, we expect an AI-first mindset—AI use and comfort aren’t optional, they’re core to how we operate, innovate, and measure performance.
Every team member who works at Deepgram is expected to actively use and experiment with advanced AI tools, and even build your own into your everyday work. We measure how effectively AI is applied to deliver results, and consistent, creative use of the latest AI capabilities is key to success here. Candidates should be comfortable adopting new models and modes quickly, integrating AI into their workflows, and continuously pushing the boundaries of what these technologies can do.
Additionally, we move at the pace of AI. Change is rapid, and you can expect your day-to-day work to evolve just as quickly. This may not be the right role if you’re not excited to experiment, adapt, think on your feet, and learn constantly, or if you’re seeking something highly prescriptive with a traditional 9-to-5.
Our Customer Success team —
The Heartbeat of Deepgram
— sits at the intersection of customers, product, and growth. We don't just ""manage accounts."" We make Deepgram succeed inside our customers' environments by combining deep technical expertise, commercial instinct, and an AI-native way of working — and by building the systems that make the whole team's work compound over time.

A Customer Success Engineer is a hands-on partner who drives adoption, solves hard technical problems, uncovers expansion, and owns a portfolio of strategic enterprise accounts end to end.
Who You Are
You're not a traditional CSM or Technical Account Manager. You operate at the intersection of three competencies, and you're genuinely strong across all three:

Expert technical consulting
— you run demos, guide architecture discussions, troubleshoot integrations, and help customers deploy AI-driven solutions. No coding required, but you're fluent in APIs, developer workflows, and real technical conversations.
Strategic account management
— you build trust from individual developers up to CTOs, own the full customer lifecycle, and turn technical adoption into commercial growth.
AI-native operating model
— AI is
how you work
, not a tool you occasionally reach for. When you hit recurring work, your instinct is to build the system that removes it.

You may have been a Technical Account Manager, Solutions or Sales Engineer, Forward Deployed Engineer, Implementation Engineer, strategic CSM, or Product Manager. Whatever your path, you're probably strongest in one or two of these competencies — but you can demonstrate all three, and you're eager for a role where you deploy them concurrently.

You thrive on bringing definition to ambiguity. You form a point of view and bring a recommendation rather than staying in open-ended discovery mode. You're comfortable operating outside your comfort zone, you question the status quo, and you learn fast.
What You'll Do
Serve as the technical advisor and strategic owner for a portfolio of enterprise accounts, partnering with everyone from developers to CIOs and CTOs.
Own the full customer lifecycle: onboarding, adoption, technical enablement, expansion, and advocacy.
Drive adoption through live demos, workshops, architecture guidance, troubleshooting, and best-practice recommendations — making Deepgram successful inside the customer's environment.
Run discovery continuously: surface customer problems, understand their business impact, and translate them into actionable requirements for product and engineering.
Identify and scope expansion (cross-sell, upsell, multi-product) in partnership with Sales, and lead executive business reviews and joint planning sessions.
Act as the voice of the customer internally — influencing roadmap, GTM strategy, and the tools we build to support customers.
Track adoption, usage, health, and expansion to drive outcomes; travel to customer sites as needed.
Operate AI-first by default, and build tools, agents, and workflows that eliminate recurring work for you and the broader CS team. Your impact is measured by the leverage you create, not just the accounts you serve.
What We're Looking For
Significant experience in technical, customer-facing roles — TAM, sales/solutions engineering, enterprise CS with a strong technical focus, implementation, or forward-deployed work — at API-driven, developer-first, or AI companies. For most people that's roughly 7+ years, but we care more about the
shape
of your experience than the exact number.
A track record that blends customer ownership with technical depth: solution design, hands-on troubleshooting, and commercial growth.
Hands-on experience running demos, POCs, or technical workshops with enterprise customers — leading them, not just attending.
Demonstrated success identifying and landing expansion in complex enterprise accounts.
Fluency discussing APIs, integrations, and developer workflows, and troubleshooting L1-style issues (no coding required, but genuinely conversant — not hand-waving).
Experience engaging both technical stakeholders (developers, architects) and executive buyers (CIO, CTO, VP Engineering).
Exceptional communication, influence, and relationship-building — concise and structured, across technical and business audiences.
Something you've built
— a tool, agent, script, or workflow — that permanently eliminated recurring work. In your application, tell us what it was, what it replaced, and what it's still doing today.
An AI-native operating model: specific workflows that structurally depend on AI, and a clear account of how you'd rebuild them if those tools disappeared tomorrow.
Nice to Have
Experience in machine learning, voice AI, cloud infrastructure, or developer-first technologies.
A background spanning solutions engineering, TAM, or L1 support alongside CS responsibilities.
Working fluency with automation, scripting, or agent-building (Python, TypeScript, workflow tools, agent frameworks, or equivalent). You don't need to be a software engineer — just dangerous enough to ship working systems.
Notice
: We're aware of individuals impersonating Deepgram recruiters. All legitimate Deepgram recruiting communication comes from an @
deepgram.com
email address. If you've received a message claiming to be Deepgram, please forward it to -----
Find more
English Speaking Jobs in United Kingdom
on Arbeitnow",,,,not_started,
458f5701d4c9512eedc8,arbeitnow,Chief of Staff to the Co-CEO - m/f/d,1,"Judith Dada is Co-CEO of Langdock alongside Lennard. She is also Senior Partner at Visionaries Club, serves on the board of Personio, co-founded Relativity Collective, a programme for Europe’s student founders, and writes about AI, creativity, Europe and human flourishing as Dadalogue. She co-authored
Europa 2031
. What connects all of it is a conviction that technological progress, done well, is how we build a better Europe and a better world.
As Chief of Staff, you will be Judith’s right hand across everything she does. Your job is to extend her reach and impact across Langdock, Europe’s AI ecosystem and beyond. You will structure and execute across a wide surface area, and create the conditions in which Judith does her best work. You will work with her every day, so expect the steepest learning curve of your career.
Langdock’s product is expanding fast in two directions: across the work people do, with chat, agents, meetings, code and apps; and down the stack into our own compute and inference. You will help Judith stay close to the most important work across this growing product surface and the company.

Run meticulous project management.
You will hold the threads across dozens of topics and make sure nothing falls through the cracks. You work half a step ahead, spot bottlenecks before they happen and follow through. You act as an honest broker: synthesising and pressure-testing plans to bring them to their full potential.
Augment Judith’s execution at Langdock.
You will keep Judith close to the most important work across a fast-growing product surface. You will prepare her for key decisions, make sure things happen afterwards and support strategic workstreams.
Produce Judith’s ideas.
You will structure and challenge Judith’s thinking to draw out the idea worth making, then shape it into a keynote, essay, video, panel, interview or key event. You will help turn customer insights and research into thought leadership that shapes how European leaders think about AI. AI is already an exceptionally capable research assistant; your value lies in depth, taste and operational structure. You do not ghostwrite. You sharpen the thinking and run the flow from first idea to finished piece.
Scale executive engagement.
Together with Marketing, you will design exceptional rooms and experiences that bring Europe’s key AI decision-makers together. You will work with our go-to-market teams so Judith’s external work serves the needs of a customer base that is growing quickly.
Extend Judith’s reach into policy and the European AI ecosystem.
You will prepare and follow through on policy work and ecosystem initiatives, helping Judith contribute to the conversations shaping AI in Europe.
What Makes This Different
You will work at the forefront of one of the most consequential technological shifts in history. Langdock has grown to around $50M ARR and more than 13,000 customers while remaining profitable and independent of outside investment. You will join at a moment when our product is expanding quickly and Europe needs AI companies built from Europe for the world.
Judith is Co-CEO of Langdock, Senior Partner at Visionaries Club and active across the European AI ecosystem. This role gives you a front-row seat across that breadth of work, with direct responsibility for helping turn ideas and decisions into action.
This is a tour of duty. We ask for a commitment of at least two years, with the explicit prospect of shaping a longer-term role together once we know where you shine. The scope is broad, the feedback loops are short and the learning curve is steep.
You Might Be a Fit If…
You have a few years of experience in consulting, investing or a startup that grew quickly. You know how to structure chaos and are still incredibly hungry to learn.
You have a deep fascination with technology and AI, and a real belief that technological progress can build a better world.
You have impeccable taste. You know what good looks like in a sentence, a slide, an event and an argument, and you can act with confidence in Judith’s stead.
You have range and depth. You can switch context many times a day and still go deep when it counts.
You write clearly and speak well in the room, in both German and English.
You bring calm and good judgement. You know what matters and what can wait, read people well, and hold them accountable with kindness.
You see problems and fix them without being asked, and stay persistent until they are done.
You are discreet and trustworthy, because you will see everything.
You have an exceptional work ethic and are comfortable with a highly demanding role that includes some travel.
The Environment
You will sit with Judith in our Berlin office at Greifswalder Straße 212, where all 65 of us work together in person. Judith has a dedicated Executive Assistant for calendar, travel and admin. You will work closely with them and with Lennard’s Chief of Staff on day-to-day matters.
Breakfast, lunch and dinner are catered in the office. We look after ourselves, and gym membership and coaching resources are part of the standard package. We value Calm Urgency, Ambitious Execution and Caring Ownership. The vibe is calm but intense.
Next steps
We move fast, and most hiring processes finish within two weeks. If this sounds like your kind of work, we would love to hear from you.
Find
Jobs in Germany
on Arbeitnow","Chief of Staff to the Co-CEO - m/f/d

Help Us Change the Way the World Works

Build something that matters.
Langdock exists to change the way the world works, bridging the gap between what technology can do and what people actually do with it. We bring all leading AI models into one secure, model-agnostic platform and make them usable across entire organizations. Over 10,000 companies use our platform every day, from fast-growing startups to some of Europe's largest enterprises. Their employees open Langdock to draft strategies, analyze documents, or automate workflows - helping them to work smarter, think more creatively, and reach their full potential.
About the Role
Judith Dada is Co-CEO of Langdock alongside Lennard. She is also Senior Partner at Visionaries Club, serves on the board of Personio, co-founded Relativity Collective, a programme for Europe’s student founders, and writes about AI, creativity, Europe and human flourishing as Dadalogue. She co-authored
Europa 2031
. What connects all of it is a conviction that technological progress, done well, is how we build a better Europe and a better world.
As Chief of Staff, you will be Judith’s right hand across everything she does. Your job is to extend her reach and impact across Langdock, Europe’s AI ecosystem and beyond. You will structure and execute across a wide surface area, and create the conditions in which Judith does her best work. You will work with her every day, so expect the steepest learning curve of your career.
Langdock’s product is expanding fast in two directions: across the work people do, with chat, agents, meetings, code and apps; and down the stack into our own compute and inference. You will help Judith stay close to the most important work across this growing product surface and the company.
What You Will Do
Run meticulous project management.
You will hold the threads across dozens of topics and make sure nothing falls through the cracks. You work half a step ahead, spot bottlenecks before they happen and follow through. You act as an honest broker: synthesising and pressure-testing plans to bring them to their full potential.
Augment Judith’s execution at Langdock.
You will keep Judith close to the most important work across a fast-growing product surface. You will prepare her for key decisions, make sure things happen afterwards and support strategic workstreams.
Produce Judith’s ideas.
You will structure and challenge Judith’s thinking to draw out the idea worth making, then shape it into a keynote, essay, video, panel, interview or key event. You will help turn customer insights and research into thought leadership that shapes how European leaders think about AI. AI is already an exceptionally capable research assistant; your value lies in depth, taste and operational structure. You do not ghostwrite. You sharpen the thinking and run the flow from first idea to finished piece.
Scale executive engagement.
Together with Marketing, you will design exceptional rooms and experiences that bring Europe’s key AI decision-makers together. You will work with our go-to-market teams so Judith’s external work serves the needs of a customer base that is growing quickly.
Extend Judith’s reach into policy and the European AI ecosystem.
You will prepare and follow through on policy work and ecosystem initiatives, helping Judith contribute to the conversations shaping AI in Europe.
What Makes This Different
You will work at the forefront of one of the most consequential technological shifts in history. Langdock has grown to around $50M ARR and more than 13,000 customers while remaining profitable and independent of outside investment. You will join at a moment when our product is expanding quickly and Europe needs AI companies built from Europe for the world.
Judith is Co-CEO of Langdock, Senior Partner at Visionaries Club and active across the European AI ecosystem. This role gives you a front-row seat across that breadth of work, with direct responsibility for helping turn ideas and decisions into action.
This is a tour of duty. We ask for a commitment of at least two years, with the explicit prospect of shaping a longer-term role together once we know where you shine. The scope is broad, the feedback loops are short and the learning curve is steep.
You Might Be a Fit If…
You have a few years of experience in consulting, investing or a startup that grew quickly. You know how to structure chaos and are still incredibly hungry to learn.
You have a deep fascination with technology and AI, and a real belief that technological progress can build a better world.
You have impeccable taste. You know what good looks like in a sentence, a slide, an event and an argument, and you can act with confidence in Judith’s stead.
You have range and depth. You can switch context many times a day and still go deep when it counts.
You write clearly and speak well in the room, in both German and English.
You bring calm and good judgement. You know what matters and what can wait, read people well, and hold them accountable with kindness.
You see problems and fix them without being asked, and stay persistent until they are done.
You are discreet and trustworthy, because you will see everything.
You have an exceptional work ethic and are comfortable with a highly demanding role that includes some travel.
The Environment
You will sit with Judith in our Berlin office at Greifswalder Straße 212, where all 65 of us work together in person. Judith has a dedicated Executive Assistant for calendar, travel and admin. You will work closely with them and with Lennard’s Chief of Staff on day-to-day matters.
Breakfast, lunch and dinner are catered in the office. We look after ourselves, and gym membership and coaching resources are part of the standard package. We value Calm Urgency, Ambitious Execution and Caring Ownership. The vibe is calm but intense.
Next steps
We move fast, and most hiring processes finish within two weeks. If this sounds like your kind of work, we would love to hear from you.
Find
Jobs in Germany
on Arbeitnow",,,,not_started,
c70eb7d0a2e70e711e53,nyc_jobs,HOUSING COURT PROCESSING TEAM SUPERVISOR,1,(no responsibilities heading detected by rules - read full_posting_text),"HOUSING COURT PROCESSING TEAM SUPERVISOR

APPLICANTS MUST BE PERMANENT IN THE ASSOCIATE BENEFITS OPPORTUNITY SPECIALIST TITLE OR PERMANENT IN THE BENEFITS OPPORTUNITY SPECIALIST TITLE FOR AT LEAST ONE YEAR; THIS IS A PROVISIONAL APPOINTMENT, WHEN A TEST BECOMES AVAILABLE IN THE ASSOCIATE BENEFITS OPPORTUNITY SPECIALIST (ABOS) TITLE, YOU MUST TAKE AND PASS THE EXAM TO REMAIN IN THE ABOS TITLE. The Department of Social Services (DSS) is comprised of the administrative units of the New York City Human Resources Administration (HRA) and the Department of Homeless Services (DHS). HRA is dedicated to fighting poverty and income inequality by providing New Yorkers in need with essential benefits such as Food Assistance and Emergency Rental Assistance. DHS is committed to preventing and addressing homelessness in New York City by employing a variety of innovative strategies to help families and individuals successfully exit shelter and return to self-sufficiency as quickly as possible. Family Independence Administration provides temporary help to individuals and families with social service and economic needs to assist them in reaching self-sufficiency via essential and diverse programs/services, such as: temporary cash assistance, SNAP, child care, eviction prevention services, adult protective services, job training, employment plans/support, domestic violence assistance, child support enforcement, etc. Under the direction of the Associate Benefits Opportunity Specialist II, the Associate Benefits Opportunity I (ABOS I) is responsible for supervising a team of BOS staff, who provide various functions of eligibility determination, housing, and other related services to persons in need, to promote individual and family self-sufficiency. The ABOS I uses supervisory, program development, quantitative analysis, and other research skills in accomplishing all the goals of FIA Housing Court. The Family Independence Administration (FIA) Housing Court Processing Team is recruiting for one (1) Associate Benefits Opportunity Specialist 1, to function as Housing Court Processing Team Supervisor, who will: • Supervise a team of BOS workers who handle the entire application process for all new applicants; Family Assistance cases which have been closed over sixty days; all Safety Net case reopens which have been closed regardless of date; and one-shot deals. • Assign application to staff, review application recommendations and sign off on all benefits as well as case entries. • Prepare daily and weekly statistical reports on work performed as well as monthly audits. • Assist with case consultation on individual cases and guidance on difficult cases in the case planning process as necessary. • Conduct team conferences and instruct new staff members on general policy and procedures of the FIA Housing Court Processing Team. • Facilitate the workflow of the team in handling emergency and special problems situations such as dispossesses and maintains cooperative relationships with housing and social agencies in the community and other agencies related to the objectives of the unit. • Supervise staff that interview and correspond with homebound clients. • Attend and participates in administrative conferences and other staff meetings. • Supervise a team of BOS who provide quick service for those clients who walk-in or telephone the center. Additionally, the team will take appropriate action on reported changes, provide information and documentation as requested by the participants and maintain contact with other teams to ensure awareness of all activity that will affect the case management plan. • Supervise staff who interview and determine housing needs of tenants at risk of homelessness or already homeless reporting to Benefit Access Centers. Assist in the development of anti-eviction/housing plan of intervention for referred participants. Hours/Shift: 9:00am - 5:00pm

1. A four-year high school diploma or its educational equivalent, and three years of full-time satisfactory experience working directly in social/human services or a related setting, providing either: a) client services. b) employment planning/counseling services which involves job development, skills assessment, and employment placement or other economic opportunity programming. 2. A baccalaureate degree from an accredited college; plus eighteen months of full time satisfactory experience working as a Benefits Opportunity Specialist; or 3. A baccalaureate degree from an accredited college; plus eighteen months of full time satisfactory experience as described in one (1) above. 4. College credit from an accredited college may be substituted for this experience on the basis of 60 semester credits for 9 months of the work experience described above. However, all candidates must have at least 18 months of full-time satisfactory experience working as a Benefits Opportunity Specialist or performing social/human services work as described in one (1) above.",,,,not_started,
c46d30ec6da3e3d14ecb,arbeitnow,Sales Director - Electric Aviation (all genders),1,"In this business development role (all genders), you will work closely with the Commercial Team, the Chief Business Officer and the Management Team in general, leading aircraft sales campaigns, negotiations and drafting contracts with customers and partners to facilitate deal closures. You will represent the company externally and advocate for the customer internally

Your Day-to-Day:
Initiate and Lead the sales process, draft proposals, LOI’s, MOU’s, Sales & Purchase Contracts, and negotiate with customers.
Own and manage the B2B sales pipeline.
Act as the company's representative in customer meetings and industry events.
Gather customer insights and relay them internally to align product development with customer needs.
Contribute to develop the Commercial team and sales processes and procedures.
Translate engineering perspectives into value-added features for customers and communicate customer requirements back to engineering.
Manage delivery timelines and control the growing global orderbook.
Give guidance to and mentor technical sales managers. Help build and develop the sales team with the necessary functions and training.","Sales Director - Electric Aviation (all genders)

Your Mission:
In this business development role (all genders), you will work closely with the Commercial Team, the Chief Business Officer and the Management Team in general, leading aircraft sales campaigns, negotiations and drafting contracts with customers and partners to facilitate deal closures. You will represent the company externally and advocate for the customer internally

Your Day-to-Day:
Initiate and Lead the sales process, draft proposals, LOI’s, MOU’s, Sales & Purchase Contracts, and negotiate with customers.
Own and manage the B2B sales pipeline.
Act as the company's representative in customer meetings and industry events.
Gather customer insights and relay them internally to align product development with customer needs.
Contribute to develop the Commercial team and sales processes and procedures.
Translate engineering perspectives into value-added features for customers and communicate customer requirements back to engineering.
Manage delivery timelines and control the growing global orderbook.
Give guidance to and mentor technical sales managers. Help build and develop the sales team with the necessary functions and training.

Your Profile:
Proven Aviation experience of at least 5+ years in a similar commercial role, ideally having worked for an Aircraft OEM selling aircraft or alternatively for a Lessor, Airline or MRO.
Strong interpersonal, communication, and organizational/planning skills with an analytical and flexible mindset.
Hands-on mentality with a high level of empathy, attention to detail, and integrity.
Creative, proactive and problem-solving spirit.
Strong willingness to travel.
Passionate about electric aviation and battery management developments.
We recognize that women and other under-represented groups are often overlooked in our industry. If you’re excited about this role but don’t meet every listed qualification, we still encourage you to apply. Talent and potential can’t always be captured in a checklist.

Why us?
Be part of an ambitious team determined to shape the future of aviation.
We are an in-office company, but we value flexibility and trust employees to manage their schedules responsibly. This may include occasional remote work or adjusting hours to accommodate personal commitments.
Subsidized EGYM Wellpass membership: your (mental) health is important for us.
Enjoy a subsidized lunch with a 5€ company contribution per meal on office days.
Become a part of our success with virtual stock options.
Choose the option that suits your needs: either a free charging station for your electric car or a public transport job ticket as part of the Deutschlandticket.
Lease a high-quality bicycle or e-bike through our JobRad program and benefit from tax advantages. Whether for your daily commute or personal use, enjoy more mobility and sustainability.
Pension scheme to support your long-term financial security.
Work in one of our offices in Munich or Delft. Enjoy the modern Balan Campus in Munich or work inside the aerospace ecosystem at TU Delft.
Boost your professional as well as personal growth executing your own ideas and independent projects.
Join our internal social events and retreats (e.g. cooking, game nights, sports).
VÆRIDION was founded in 2021 to transform regional air travel with the Microliner, a 100% electric commercial aircraft. By delivering the most energy-efficient aircraft, we are building the future where clean, safe, and affordable electric aviation seamlessly connects people and businesses. We’re bringing together the brightest minds in aerospace, automotive engineering, and business to disrupt the aviation industry.
Compensation: €90K – €100K
• €90K – €100K
Find
Jobs in Germany
on Arbeitnow",,,,not_started,
fa720a68585d2099f1eb,arbeitnow,"Chief of Staff, Strategy & AI Enablement",1,"Run the Company Operating System
Drive the CEO agenda across all functions
Build and enforce a clear operating cadence (weekly, monthly, quarterly)
Create full transparency on performance: GMV, Net Revenue, margin, working capital
Identify bottlenecks early and force resolution
Translate Strategy into Execution
Break down company strategy into concrete, executable plans
Align all CEO direct reports on priorities and timelines
Track execution rigorously and intervene where needed
Act as sparring partner to senior leadership
Own Business and Financial Steering
Work closely with Finance on P&L, balance sheet, and liquidity
Understand and challenge core drivers: pricing, margin, AR/AP, capital efficiency
Support investor communication and board preparation
Ensure decision-making is data-driven and fast
Drive AI in How We Operate
Apply AI to how the company runs - not to the product itself
Identify where workflows can be automated or improved
Deploy tools that increase speed, quality, and leverage across teams
Push for continuous improvement in execution
Lead High-Impact Projects
Own cross-functional initiatives end-to-end (e.g. M&A, market expansion, funding)
Run due diligence and support integration efforts
Solve ambiguous, high-stakes problems with speed and clarity
What We Are Looking For
5+ years at McKinsey & Company, Boston Consulting Group, or Bain & Company
or top-tier investment banking with strong M&A exposure
Proven track record of applying AI tools in real operating environments
Strong financial understanding (P&L, balance sheet, cash flow)
Exceptional structuring and problem-solving skills
Ability to operate under pressure in a high-performance environment
Languages
Native-level English required","Chief of Staff, Strategy & AI Enablement

About Andercore
Andercore is the AI-native supplier of industrial materials for energy, infrastructure, and construction in wholesale and beyond.
We trade with global suppliers and distribute to European customers on our own account. Our AI runs the full trade and distribution end-to-end: sourcing, quality, pricing, sales, logistics, and embedded financing. For the customer, it feels like buying from their preferred local supplier; for our partners, it is the most convenient and safe way to do business across borders. Behind it, our software and agentic AI do the heavy lifting that used to take an asset-intensive supply chain with four or five intermediaries and weeks of manual coordination.
Where we are today:
Strong triple-digit-million euro turnover
Seven European markets live
80+ people across Berlin (HQ), offices in London, Mumbai, and Shanghai
$40M Series B just closed, $75M raised to date from Atomico, Project A, and Inven Capital, institutional financing from international banks.
We are building the world's first and last industrial-grade AI operating system for materials, redefining how global trade works in one of the largest and most essential industries on earth.
We are hiring a Chief of Staff to the CEO. This is not a coordination role. This is a company-building role.
You will operate at the center of how Andercore runs. Across strategy, execution, finance, and operations. With exposure to the board and full proximity to the CEO.
Your job is not the product. Your job is the company itself.
Starting in the CEO office, you will shape how decisions are made, how priorities are set, and how execution happens across the entire organization. From the CEO level into the C-level layer, and from there into the company.
Your mandate is simple: make the company run better, faster, and more intelligently - every single day.
What You Will Do
Run the Company Operating System
Drive the CEO agenda across all functions
Build and enforce a clear operating cadence (weekly, monthly, quarterly)
Create full transparency on performance: GMV, Net Revenue, margin, working capital
Identify bottlenecks early and force resolution
Translate Strategy into Execution
Break down company strategy into concrete, executable plans
Align all CEO direct reports on priorities and timelines
Track execution rigorously and intervene where needed
Act as sparring partner to senior leadership
Own Business and Financial Steering
Work closely with Finance on P&L, balance sheet, and liquidity
Understand and challenge core drivers: pricing, margin, AR/AP, capital efficiency
Support investor communication and board preparation
Ensure decision-making is data-driven and fast
Drive AI in How We Operate
Apply AI to how the company runs - not to the product itself
Identify where workflows can be automated or improved
Deploy tools that increase speed, quality, and leverage across teams
Push for continuous improvement in execution
Lead High-Impact Projects
Own cross-functional initiatives end-to-end (e.g. M&A, market expansion, funding)
Run due diligence and support integration efforts
Solve ambiguous, high-stakes problems with speed and clarity
What We Are Looking For
5+ years at McKinsey & Company, Boston Consulting Group, or Bain & Company
or top-tier investment banking with strong M&A exposure
Proven track record of applying AI tools in real operating environments
Strong financial understanding (P&L, balance sheet, cash flow)
Exceptional structuring and problem-solving skills
Ability to operate under pressure in a high-performance environment
Languages
Native-level English required
German strongly preferred
What Success Looks Like
Decisions are faster, better, and data-driven
AI meaningfully improves internal execution
The CEO is focused on the highest-leverage topics
The company runs on a clear, enforced operating system
Leadership is aligned and executes with speed and clarity
Why Join
Work directly with the CEO on the most critical topics
Exposure to board-level thinking and decision-making
Full visibility across the company
Opportunity to shape how a high-growth company is run
Steep learning curve with real responsibility from day one
We are an equal-opportunity employer and welcome applicants from all backgrounds, regardless of race, ethnicity, gender identity or expression, sexual orientation, religion, age, disability, or any other characteristic. We believe that diversity drives innovation, creativity, and collective strength.
Compensation: €90K – €120K
• Yearly On Target Earnings (Fixed + Bonus) €90K – €120K
Find
Jobs in Germany
on Arbeitnow",,,,not_started,
628655b95b209e282632,arbeitnow,Senior Account Manager (all genders),1,"You take
strategic responsibility for a defined portfolio of mid-sized national and international B2B customers
in the photovoltaic and BESS sectors, with a focus on revenue, margin, growth and long-term customer retention.
As a trusted point of contact, you continuously develop your customer relationships and anticipate future needs before they become concrete requirements.
You manage the
entire sales process:
from identifying opportunities and developing complex proposals to contract negotiations and closing.
You lead challenging negotiations at
decision-maker level
and work closely with your customers to develop sustainable solutions.
You coordinate internal partner and expert teams, prioritize resources and ensure that technical and commercial requirements are implemented efficiently.
You systematically develop
growth and retention strategies
for your customer portfolio and identify new opportunities within existing accounts.
You prepare well-founded
sales forecasts and management reports
and derive concrete actions for the further development of your portfolio.
You initiate and lead cross-functional projects to continuously improve and professionalize our customer management and processes.","Senior Account Manager (all genders)

Your mission:
You take
strategic responsibility for a defined portfolio of mid-sized national and international B2B customers
in the photovoltaic and BESS sectors, with a focus on revenue, margin, growth and long-term customer retention.
As a trusted point of contact, you continuously develop your customer relationships and anticipate future needs before they become concrete requirements.
You manage the
entire sales process:
from identifying opportunities and developing complex proposals to contract negotiations and closing.
You lead challenging negotiations at
decision-maker level
and work closely with your customers to develop sustainable solutions.
You coordinate internal partner and expert teams, prioritize resources and ensure that technical and commercial requirements are implemented efficiently.
You systematically develop
growth and retention strategies
for your customer portfolio and identify new opportunities within existing accounts.
You prepare well-founded
sales forecasts and management reports
and derive concrete actions for the further development of your portfolio.
You initiate and lead cross-functional projects to continuously improve and professionalize our customer management and processes.
Your profile:
You have a
technical degree, ideally in engineering
, or a comparable technical qualification, for example in energy or communications electronics.
You have several years of experience in
strategic account management, B2B sales or managing complex customer relationships
.
You have a proven track record of developing long-term customer relationships and growing existing accounts, ideally with responsibility for revenue, margins or growth targets.
You have experience negotiating
complex proposals and contracts at decision-maker level
and managing demanding sales processes.
Knowledge of
photovoltaics, BESS and/or network technology
is an advantage and will help you get up to speed quickly.
You are confident communicating in
German and English
and can convey both technical and commercial topics clearly to different stakeholders.
You work independently and in a solution-oriented way, with a strong
hands-on mentality
while maintaining high quality standards.
You want to make an impact together with us, bring your own ideas to the table and have a strong understanding of both customer needs and internal stakeholders.
You can look forward to:
6 reasons to join meteocontrol (and more):
Working for a better future:
With us, you will create a better future for us and all generations after us.
More flexibility:
We know how important a good work-life balance is. That's why we offer flexible working hours and a home office model that adapts to your needs.
Vacation that grows:
Start with 30 days of vacation and your loyalty will be rewarded every two years with an additional day of vacation - up to 35 days for even more time off!
Continuous learning & development:
Your development is important to us - we support you in your career planning within the company with a wide range of offers.
Money on top:
In addition to your salary, you will receive a monthly SpenditCard worth €50 and a subsidy for the Deutschlandticket.
Fitness:
Train with our attractive employer subsidy at EGYM Wellpass, take part in our JobRad leasing program or power yourself up at our annual company run.
... You can find many more reasons on our
career website
!
Your Contact Person
Camilla Geismar
Recruiting Business Partner

Find
Jobs in Germany
on Arbeitnow",,,,not_started,
8fb372a7f51bdc82f220,arbeitnow,Founder's Associate to the CTO,1,"Founder Branding & Communication
Content Creation: Working closely with the Marketing team, you prepare Marc’s keynotes, guest articles, and interviews to communicate his vision of the future of robotics.
Network Management: You assist in building and maintaining relationships with other tech founders, industry experts, and key stakeholders.
Organization & Executive Support
Calendar & Inbox Management: You proactively manage Marc’s schedule and email traffic, setting priorities and ensuring his time is optimized for high-leverage strategic topics.
Meeting Preparation: You prepare briefing documents for important meetings, draft agendas, and ensure the diligent follow-up of action items.
Special Projects & Strategic Initiatives
Taking full ownership of mission-critical ad-hoc projects, ranging from deep-dives into emerging tech trends to the preparation of Board-level materials.
Evaluating and facilitating strategic technical partnerships to ensure our ecosystem remains at the forefront of the industry.
Education & Experience
Degree (Bachelor or Master) in Business Administration, Communications, Computer Science, or a related field.
Initial practical experience (internships or working student roles) in a fast-paced environment such as a startup, management consulting, or PR/Social Media management.
A strong interest in technology and the ability to translate complex technical concepts (AI, Robotics) into compelling narratives.
Soft Skills
Builder’s Mindset: You take high levels of ownership and enjoy building processes from scratch.
Hustle & Execution: You are pragmatic and move fast without losing sight of quality—a ""get shit done"" mentality is essential.
Communication: Excellent written and verbal communication skills in both English and German.
Organizational Talent: You stay calm under pressure and work in a highly structured and precise manner.
Our interview plan:
Application
Cultural fit interview (40 min): A conversation about how you work, what motivates you, and what you're looking for. Expect CV highlights, your ""why,"" and time for your questions.
Interview with our CTO, Marc Tuscher (30 min): A deep dive into the technological vision and how you will collaborate in the CTO office.
On‑site visit: Meet the team at our Stuttgart office and collaborate on a real-world challenge similar to the work you’d do here.","Founder's Associate to the CTO

Who We Are
We build the intelligence that lets robots sense, reason, and act in the real world—moving beyond the lab and into everyday industrial settings like warehouses and factories. Our technology closes the automation gaps that traditional systems can't solve. We are on a mission to redefine how physical work gets done, and we're looking for curious, bold thinkers to help shape the future of robotics with us.
Overview
As Sereact scales, the visibility of our technological vision and the efficiency of our leadership team become key strategic advantages. We are looking for a Founders Associate to our CTO, Marc Tuscher, to act as his right hand. Your mission is twofold: positioning Marc as a leading voice in the ""Embodied AI"" space and mastering the operational daily business of the CTO office. This is a true ""zero-to-one"" mandate: you will work at the intersection of technology, branding, and operations, directly impacting the company’s growth and public perception.
Your Responsibilities:
Founder Branding & Communication
Content Creation: Working closely with the Marketing team, you prepare Marc’s keynotes, guest articles, and interviews to communicate his vision of the future of robotics.
Network Management: You assist in building and maintaining relationships with other tech founders, industry experts, and key stakeholders.
Organization & Executive Support
Calendar & Inbox Management: You proactively manage Marc’s schedule and email traffic, setting priorities and ensuring his time is optimized for high-leverage strategic topics.
Meeting Preparation: You prepare briefing documents for important meetings, draft agendas, and ensure the diligent follow-up of action items.
Special Projects & Strategic Initiatives
Taking full ownership of mission-critical ad-hoc projects, ranging from deep-dives into emerging tech trends to the preparation of Board-level materials.
Evaluating and facilitating strategic technical partnerships to ensure our ecosystem remains at the forefront of the industry.
Education & Experience
Degree (Bachelor or Master) in Business Administration, Communications, Computer Science, or a related field.
Initial practical experience (internships or working student roles) in a fast-paced environment such as a startup, management consulting, or PR/Social Media management.
A strong interest in technology and the ability to translate complex technical concepts (AI, Robotics) into compelling narratives.
Soft Skills
Builder’s Mindset: You take high levels of ownership and enjoy building processes from scratch.
Hustle & Execution: You are pragmatic and move fast without losing sight of quality—a ""get shit done"" mentality is essential.
Communication: Excellent written and verbal communication skills in both English and German.
Organizational Talent: You stay calm under pressure and work in a highly structured and precise manner.
Our interview plan:
Application
Cultural fit interview (40 min): A conversation about how you work, what motivates you, and what you're looking for. Expect CV highlights, your ""why,"" and time for your questions.
Interview with our CTO, Marc Tuscher (30 min): A deep dive into the technological vision and how you will collaborate in the CTO office.
On‑site visit: Meet the team at our Stuttgart office and collaborate on a real-world challenge similar to the work you’d do here.
What We Offer:
Direct exposure to Founders, Board, and international Tier 1 investors
A genuine zero-to-one mandate in one of Europe’s most innovative AI-robotics companies.
Wellpass (gym membership)
Flexible working hours
A motivated team and an open corporate culture
Competitive compensation and excellent opportunities for development
Find
Jobs in Germany
on Arbeitnow",,,,not_started,
a1aac521f271426f1c3d,nyc_jobs,"Executive Director of Human Resources, Bureau of Human Resources and Labor Relations",1,"Under the guidance and direction of the Assistant Commissioner of Human Resources and Labor Relations, the selected candidate will assume responsibility for the following duties and responsibilities: • Oversee daily operations and executive administration of the Bureau of Human Resources and Labor Relations. • Support the Bureau's short- and long-term personnel goals by conducting research, providing analysis and recommendations, and aligning HR objectives with agency priorities. • Develop, update, and enforce agency-wide policies, procedures, and guidelines related to personnel management. Align internal programs and HR strategies, implement best practices, and restructure HR functions as needed. • Provide leadership and guidance to Senior Directors and HR staff, maximizing their potential through motivation, development, and career advancement opportunities. • Advise the Assistant Commissioner of Human Resources on personnel issues, lead special projects, and resolve complex HR challenges by identifying priorities, coordinating requirements, and adjusting strategies as needed • Advise and provide accountabilities and goals for talent acquisition, staffing, compliance, contracts, compensation, benefits, training, records management, succession planning, employee relations, EEO compliance, and labor relations. • Collaborate with NYC oversight entities (City Administrative Services, Mayor’s Office of Labor Relations, Office of Management and Budget) and union leadership to strengthen relationships. • Monitor HR operations by tracking trends, se ting performance metrics, and evaluating recruitment, training, and disciplinary processes to improve staff performance and productivity. • Provide HR support to executive leadership, including Assistant Commissioners, Deputy Commissioners, and the Commissioner of Health. Develop customer service strategies to foster collaboration across Agency divisions • Oversee key functions such as Leaves and Benefits, Personnel Actions, and Hiring/Civil Service, ensuring continuity during public health emergencies and emergency activations. • Participate in executive search committees to recruit senior leadership and implement agency-wide initiatives as directed by the Assistant Commissioner • Demonstrated proficiency and subject matter expertise providing leadership oversight of Leaves and Benefits Administration including FMLA, ADA, health, life, disability, retirement, parental, medical, workers’ compensation, reasonable accommodations, and military leave state/local leave laws, and compliance requirements; Full-cycle leave administration, from initial request to return-to-work.","Executive Director of Human Resources, Bureau of Human Resources and Labor Relations

All are invited to apply to the position of Executive Director of Human Resources. Please note, many City government positions are part of the Civil Service system, and although at this time permanency is not required for the civil service title of Health Service Manager, in 2028 a civil service exam may be scheduled. If scheduled, applicants are responsible for applying and for taking it during the official filing period. Eligibility for permanent appointment is subject to Civil Service rules and placement on an eligible list, as applicable. To find out more about the civil service exam schedule please use the following link: https://www.nyc.gov/site/dcas/employment/how-can-you-find-upcoming-exams.page The New York City Department of Health and Mental Hygiene (DOHMH) is a world-renowned agency with a long tradition of protecting and promoting health in the nation’s most culturally and linguistically diverse city. Our 7,000-plus team members bring an extraordinary array of languages, cultures, and experiences to bear on the work of public health. The Division of Administration facilitates the work of the entire Agency. Reporting to the Assistant Commissioner, the Bureau of Human Resources and Labor Relations (HR/LR) is seeking an exceptional, highly motivated, and experienced professional with extensive knowledge of personnel administration to serve as Executive Director. The successful candidate should have excellent communication skills, sound judgement and be comfortable working in a fast-paced environment. DUTIES WILL INCLUDE BUT NOT BE LIMITED TO: Under the guidance and direction of the Assistant Commissioner of Human Resources and Labor Relations, the selected candidate will assume responsibility for the following duties and responsibilities: • Oversee daily operations and executive administration of the Bureau of Human Resources and Labor Relations. • Support the Bureau's short- and long-term personnel goals by conducting research, providing analysis and recommendations, and aligning HR objectives with agency priorities. • Develop, update, and enforce agency-wide policies, procedures, and guidelines related to personnel management. Align internal programs and HR strategies, implement best practices, and restructure HR functions as needed. • Provide leadership and guidance to Senior Directors and HR staff, maximizing their potential through motivation, development, and career advancement opportunities. • Advise the Assistant Commissioner of Human Resources on personnel issues, lead special projects, and resolve complex HR challenges by identifying priorities, coordinating requirements, and adjusting strategies as needed • Advise and provide accountabilities and goals for talent acquisition, staffing, compliance, contracts, compensation, benefits, training, records management, succession planning, employee relations, EEO compliance, and labor relations. • Collaborate with NYC oversight entities (City Administrative Services, Mayor’s Office of Labor Relations, Office of Management and Budget) and union leadership to strengthen relationships. • Monitor HR operations by tracking trends, se ting performance metrics, and evaluating recruitment, training, and disciplinary processes to improve staff performance and productivity. • Provide HR support to executive leadership, including Assistant Commissioners, Deputy Commissioners, and the Commissioner of Health. Develop customer service strategies to foster collaboration across Agency divisions • Oversee key functions such as Leaves and Benefits, Personnel Actions, and Hiring/Civil Service, ensuring continuity during public health emergencies and emergency activations. • Participate in executive search committees to recruit senior leadership and implement agency-wide initiatives as directed by the Assistant Commissioner • Demonstrated proficiency and subject matter expertise providing leadership oversight of Leaves and Benefits Administration including FMLA, ADA, health, life, disability, retirement, parental, medical, workers’ compensation, reasonable accommodations, and military leave state/local leave laws, and compliance requirements; Full-cycle leave administration, from initial request to return-to-work. Why you should work for us: - Loan Forgiveness: As a prospective employee of the City of New York, you may be eligible for federal/state loan forgiveness and repayment assistance programs that lessen your payments or even fully forgive your full balance. For more information, please visit the U.S. Department of Education’s website (https://studentaid.gov/pslf/) - Benefits: City employees are entitled to unmatched benefits such as: o a premium-free health insurance plan that saves employees over $10K annually, per a 2024 assessment. o additional health, fitness, and financial benefits may be available based on the position’s associated union/benefit fund. o a public sector defined benefit pension plan with steady monthly payments in retirement. o a tax-deferred savings program and o a robust Worksite Wellness Program that offers resources and opportunities to keep you healthy while serving New Yorkers. Work From Home Policy: Depending on your position, you may be able to work up to two days during the week from home. - Job Security - you could enjoy more job security compared to private sector employment and be able to contribute to making NYC a healthy place to live and work. Established in 1805, the New York City Department of Health and Mental Hygiene (NYC Health Department) is the oldest and largest health department in the U.S., dedicated to protecting and improving the health of NYC. Our mission is to safeguard the health of every resident and cultivate a city where everyone, regardless of age, background, or location, can achieve their optimal health. We provide a wide array of programs and services focused on food and nutrition, anti-tobacco support, chronic disease prevention, HIV/AIDS treatment, family and child health, environmental health, mental health, and social justice initiatives. As the primary population health strategist and policy authority for NYC, with a rich history of public health initiatives and scientific advancements, from addressing the 1822 yellow fever outbreak to the COVID-19 pandemic, we serve as a global leader in public health innovation and expertise. Come join us and help to continue our efforts in making a difference in the lives of all New Yorkers! The NYC Health Department is an inclusive equal opportunity employer committed to providing access and reasonable accommodation to all individuals. To request reasonable accommodation to participate in the job application or interview process, contact Sye-Eun Ahn, Director of the Office of Equal Employment Opportunity, at sahn1@health.nyc.gov or 347-396-6549.

1. A master’s degree from an accredited college in hospital administration, public health, community health, health administration, emergency preparedness planning/management, emergency medical services, fire safety, law enforcement, homeland security, project management, public administration, business administration, management, or administration and three years of full-time satisfactory experience in a health services setting such as a laboratory, hospital, or other patient care facility, or in a public health, community health, environmental health, school health, social services, or mental hygiene program, of which at least 18 months of experience must have been in a managerial or administrative capacity requiring independent decision-making concerning program management, planning, evaluation for quality improvement and assurance, allocation of resources, and the scheduling and assignment of work; or 2. A baccalaureate degree from an accredited college and five years of full-time satisfactory experience as described in “1” above; or 3. An associate’s degree from an accredited college and seven years of full-time satisfactory experience as described in “1” above; or 4. A four-year high school diploma or its educational equivalent plus nine years of full-time satisfactory experience as described in “1” above; or 5. Education and/or experience equivalent to ""1"" above. Education may be substituted for experience on the basis that each 30 graduate semester credits from an accredited college in hospital administration, public health, community health, health administration, emergency preparedness planning/management, emergency medical services, fire safety, law enforcement, homeland security, project management, public administration, business administration, management, or administration, or a related specialized area can be substituted for one year of non-managerial experience up to a maximum of 60 semester credits for two years. Furthermore, undergraduate education may be substituted for experience on the basis that each 30 semester undergraduate credits from an accredited college may be substituted for one year of non-managerial experience, up to a maximum of four years. However, all candidates must have a high school diploma or its educational equivalent and 18 months of managerial experience as described in ""1"" above.",,,,not_started,
f25af77c04bb7b98c3f6,arbeitnow,People & Talent (Intern),1,"As a People & Talent Intern, you'll work directly with our Growth & Operations Manager to help build the team that builds Lyceum. This isn't a passive support role. From day one, you'll own real parts of our recruiting pipeline - sourcing candidates, managing communications, and helping make sure we hire the right people at the right time.
We're growing fast across engineering, commercial, and operations. You'll be at the center of that growth.

Build and manage candidate pipelines across active roles - LinkedIn, referrals, communities, and outbound sourcing
Own candidate communication end-to-end: outreach, follow-ups, scheduling, and keeping things moving
Support interview coordination across the team and ensure a smooth candidate experience
Help maintain and improve our ATS and recruiting workflows
Conduct initial screening calls and summarise candidate profiles for the hiring team
Contribute to employer branding initiatives and help Lyceum show up well to top talent
Support onboarding logistics for new hires as the team scales","People & Talent (Intern)

Your mission
As a People & Talent Intern, you'll work directly with our Growth & Operations Manager to help build the team that builds Lyceum. This isn't a passive support role. From day one, you'll own real parts of our recruiting pipeline - sourcing candidates, managing communications, and helping make sure we hire the right people at the right time.
We're growing fast across engineering, commercial, and operations. You'll be at the center of that growth.
What You'll Do
Build and manage candidate pipelines across active roles - LinkedIn, referrals, communities, and outbound sourcing
Own candidate communication end-to-end: outreach, follow-ups, scheduling, and keeping things moving
Support interview coordination across the team and ensure a smooth candidate experience
Help maintain and improve our ATS and recruiting workflows
Conduct initial screening calls and summarise candidate profiles for the hiring team
Contribute to employer branding initiatives and help Lyceum show up well to top talent
Support onboarding logistics for new hires as the team scales
Your profile
Currently pursuing or recently completed a degree in Business, Psychology, HR, Communications, or a related field
Genuine interest in people, talent, and what makes a great hire
Strong communication skills - you write clearly, follow up reliably, and represent Lyceum well to candidates
Organised and detail-oriented: you don't drop balls and you don't need reminding
Bias toward action - you find a way rather than waiting for instructions
Comfortable with ambiguity and excited to build processes from scratch
Prior experience in recruiting, HR, or a startup environment is a plus
Why us?
Outstanding team: Work with some of the best engineers in the world, coming from hedge funds, big tech, AI startups and top universities
Once in a lifetime opportunity: Early-stage company in the fastest-growing market in the world
Ownership: Shape how European AI companies access GPU compute
European mission: Build sovereign, GDPR-compliant AI infrastructure for the next generation of deep-tech
Find more
English Speaking Jobs in Germany
on Arbeitnow",,,,not_started,
b496efdb5d4ba53caff6,nyc_jobs,Prosecution College Aide,1,"The Prosecution Division is responsible for the prosecution of all summonses issued by the TLC. The Division includes the Court Unit, which investigates and prosecutes over 100,000 summonses annually, and the Consumer Complaint Unit, which initiates and prosecutes complaints filed by consumers, including but not limited to passengers and licensees. TLC’s mission is to promote the highest standards of safety and consumer protection within the industries we regulate. The Prosecution Division is seeking a qualified and motivated individual to join the Unit and contribute to the continued success of its operations by supporting the effective administration of prosecution-related functions. Step into the world of regulatory enforcement and gain firsthand experience supporting a team dedicated to protecting the riding public and ensuring compliance within New York City’s taxi industry. As a Prosecution Unit Intern, you’ll work alongside experienced professionals, contribute to active investigations, and develop valuable administrative, analytical, and customer service skills in a fast-paced environment. Retrieve and review For-Hire Vehicle (FHV) trip data to support case investigations. Prepare affirmations and other case-related documentation. Review and verify compliance documentation submitted by licensed bases. Respond to inquiries from base representatives, providing accurate information in a professional and courteous manner. Communicate with complainants and witnesses throughout the investigative process, utilizing strong customer service and communication skills. Coordinate with translation services to ensure effective communication. Perform a variety of administrative and operational support tasks assigned to assist the Prosecution Unit.","Prosecution College Aide

The New York City Taxi and Limousine Commission (TLC) is the City agency responsible for regulating for-hire transportation in New York City, including taxis, street hail liveries, high-volume for-hire services such as Uber and Lyft, black cars, luxury limousines, livery vehicles, commuter vans, and paratransit vehicles. The TLC oversees a transportation ecosystem that moves nearly 1 million riders every single day the equivalent of the entire Boston transit system. TLC is the agency responsible for regulating New York City's taxicab and for-hire vehicle industry. With approximately 180,000 licensed drivers, 1,000 businesses, 115,000 vehicles including and the iconic yellow taxi at the heart of our city’s identity, TLC is entering a new era of dignity, accountability, and collaboration across the for hire vehicle sector. TLC continues to be on the front lines of a rapidly changing mobility landscape and our innovative efforts--whether requiring minimum pay for app drivers, ensuring wheelchair accessible service, making our licensed fleet more environmentally sustainable, working to eliminate traffic fatalities, or preventing discriminatory service--often serve as a model for other cities. Job Description: The Prosecution Division is responsible for the prosecution of all summonses issued by the TLC. The Division includes the Court Unit, which investigates and prosecutes over 100,000 summonses annually, and the Consumer Complaint Unit, which initiates and prosecutes complaints filed by consumers, including but not limited to passengers and licensees. TLC’s mission is to promote the highest standards of safety and consumer protection within the industries we regulate. The Prosecution Division is seeking a qualified and motivated individual to join the Unit and contribute to the continued success of its operations by supporting the effective administration of prosecution-related functions. Step into the world of regulatory enforcement and gain firsthand experience supporting a team dedicated to protecting the riding public and ensuring compliance within New York City’s taxi industry. As a Prosecution Unit Intern, you’ll work alongside experienced professionals, contribute to active investigations, and develop valuable administrative, analytical, and customer service skills in a fast-paced environment. Retrieve and review For-Hire Vehicle (FHV) trip data to support case investigations. Prepare affirmations and other case-related documentation. Review and verify compliance documentation submitted by licensed bases. Respond to inquiries from base representatives, providing accurate information in a professional and courteous manner. Communicate with complainants and witnesses throughout the investigative process, utilizing strong customer service and communication skills. Coordinate with translation services to ensure effective communication. Perform a variety of administrative and operational support tasks assigned to assist the Prosecution Unit. To Apply: Please go to nyc.gov/jobs and search for Job ID# 787857 or click the ""Apply"" button below. SUBMISSION OF A RESUME IS NOT A GUARANTEE THAT YOU WILL RECEIVE AN INTERVIEW. APPOINTMENTS ARE SUBJECT TO OVERSIGHT APPROVAL. Work Location: Long Island City, NY

For Assignment Level I: Matriculation at an accredited college or graduate school. Employment is conditioned upon continuance as a student in a college or graduate school. For Assignment Level II (Information Technology): Matriculation at an accredited college or graduate school. Employment is conditioned upon continuance as a student in a college or graduate school with a specific course of study in information technology, computer science, management information systems, data processing, or closely related field, including or supplemented by 9 semester credits in an acceptable course of study. For Assignment Level III (Information Technology Fellow): Matriculation at an accredited college or graduate school. Employment is conditioned upon continuance as a student in a college or graduate school with a specific course of study in information technology, computer science, management information systems, data processing, or other area relevant to the information technology project(s) assigned, including or supplemented by 9 semester credits in an acceptable course of study. Appointments to this Assignment Level will be made by the Technology Steering Committee through the Department of Information Technology and Telecommunications. SPECIAL NOTE Maximum tenure for all Assignment Levels in the title of College Aide is 6 years. No student shall be employed more than half-time in any week in which classes in which the student is enrolled are in session. Students may be employed full-time during their vacation periods.

The selected candidate should be able to relate well with others, be flexible in responding to supervisor’s requests for priority tasks, have good communication skills and customer service experience, be attentive to details, take pride in his/her work, and have an overall courteous and customer focused approach. Ability to adapt to a fluid work environment and changing needs and priorities.",,,,not_started,
da3b2951a4e9f5857f38,arbeitnow,Ausbildung zum Fachinformatiker für Systemintegration (m/f/d),1,"You will learn how to support and advise colleagues on IT and application-related issues as part of first-level support.
You will analyze hardware and software problems and contribute to resolving them, demonstrating your problem-solving skills.
You will learn how to plan system and network infrastructures and implement them as part of a team.
You will assist in coordinating external service providers in dealing with hardware and software issues as part of second- and third-level support.
You will contribute to various projects involving the design and implementation of IT systems.
As you gain experience, you will contribute to creating training materials and guides for your colleagues.","Ausbildung zum Fachinformatiker für Systemintegration (m/f/d)

Your role and responsibilities
You will learn how to support and advise colleagues on IT and application-related issues as part of first-level support.
You will analyze hardware and software problems and contribute to resolving them, demonstrating your problem-solving skills.
You will learn how to plan system and network infrastructures and implement them as part of a team.
You will assist in coordinating external service providers in dealing with hardware and software issues as part of second- and third-level support.
You will contribute to various projects involving the design and implementation of IT systems.
As you gain experience, you will contribute to creating training materials and guides for your colleagues.
Your profile
You have a good intermediate school-leaving qualification; a university of applied sciences entrance qualification or university entrance qualification is an advantage.
You have a strong technical understanding and are enthusiastic about IT topics and modern technologies.
You enjoy handling and solving all kinds of user-related issues and value personal interaction.
You demonstrate strong communication skills, initiative, and analytical thinking and are willing to learn new things.
You have a valid driving licence or are willing to obtain one during your apprenticeship (for occasional trips between our two locations using a pool vehicle).
Your Apprenticeship at a Glance

3-year dual apprenticeship starting in summer 2027, including block-based classroom instruction at Werner-von-Siemens-Schule in Frankfurt.
Practical experience in various areas of our IT department, with a focus on Workplace IT Services and IT Infrastructure Services.
Dedicated contacts and trainers who will support and guide you throughout your entire apprenticeship.
Why us?
Attractive apprenticeship salary:
1st year: €1,100 per month /2nd year: €1,200 per month /3rd year: €1,300 per month
Training & Development:
We give our employees individual training opportunities to develop their skills. In addition, we offer an e-learning platform where you can access various modules from different subject areas at any time.
Jobticket / JobBike:
You will receive a Jobticket from us. We also get our employees on bikes – select a JobBike and start cycling.
Health care:
Your health is important to us. That's why you benefit from our regular check-ups and our health week with various workshops.
Gym:
With us you can stay fit in our in-house gym, whether before work, during your lunch break or after work.
Childcare:
We support you in getting a place in the in-house kindergarten in St. Martin Tower (depending on availability).
Other benefits:
We want our employees to feel comfortable. That's why we also offer other benefits, such as employee events, corporate benefits or the restaurant in the St. Martin Tower.
Diversity is an important part of our global corporate culture. Therefore we are pleased to receive applications from severely disabled people, who are given preference if they have the same qualifications.
Your contact person
Derya Tanriverdi
Find more
English Speaking Jobs in Germany
on Arbeitnow",,,,not_started,
45ec14d7fc4b48a6858a,arbeitnow,Team Lead - Visual Localization,1,"You will hire and develop engineers, own the localization roadmap, set priorities and deliver a system that works on real sensors, within onboard compute limits and in difficult field conditions.
You will remain closely involved in architecture, core algorithms and debugging, with roughly 20–40% of your time spent coding. Work with senior individual contributors to set technical direction and with robotics software, embedded, hardware and field teams to turn it into a reliable deployed system.

Build the Team:
Hire excellent localization engineers, assess their technical work and help them develop. Give clear feedback, establish ownership and build a team that can solve difficult problems together.
Roadmap and Delivery:
Own the roadmap and delivery of VIO, SLAM, sensor fusion, calibration, mapping and relocalization. Turn mission requirements and observed failures into specific engineering priorities.
Technical Direction:
Guide architecture and core algorithm decisions with the team. Make the tradeoffs between accuracy, robustness, latency, memory and power explicit and test them against real data.
Evaluation and Replay:
Build the evaluation and replay loop so the team can make most improvements from recorded data. Set measurable criteria for accuracy, robustness and runtime, and maintain regression tests that catch failures before deployment.
Hands-On Engineering:
Stay involved in critical algorithms, production code and difficult debugging. Help resolve failures caused by timing, calibration, vibration, motion blur, poor lighting and degraded sensors.
Integration:
Coordinate sensor and compute requirements, interfaces and integration with adjacent teams. Ensure localization outputs and uncertainty estimates work for planning, control and downstream autonomy.
Field Deployment:
Take the system through live sensor testing and field deployment. Use mission logs and observed failures to decide what the team builds next.","Team Lead - Visual Localization

Join SE3 Labs as Team Lead - Visual Localization
Build and lead the team that makes our autonomous systems know where they are.
About SE3
SE3 Labs builds spatial intelligence and autonomy software for unmanned systems. We combine 3D computer vision, state estimation and AI to help autonomous platforms perceive their surroundings, know where they are and operate when GPS and other sensors become unreliable. Defence is a core application of our work today.
We are growing to a team of 100+ people. Join at a stage where you can shape our localization technology, help build the team and grow your responsibilities as the company expands.
Our founding team’s research has received more than 90,000 citations. You will work closely with technical founders and engineers with deep experience in computer vision and autonomous systems, turning that research depth into systems that work in the field.
About the Role
You will hire and develop engineers, own the localization roadmap, set priorities and deliver a system that works on real sensors, within onboard compute limits and in difficult field conditions.
You will remain closely involved in architecture, core algorithms and debugging, with roughly 20–40% of your time spent coding. Work with senior individual contributors to set technical direction and with robotics software, embedded, hardware and field teams to turn it into a reliable deployed system.
What You’ll Work On
Build the Team:
Hire excellent localization engineers, assess their technical work and help them develop. Give clear feedback, establish ownership and build a team that can solve difficult problems together.
Roadmap and Delivery:
Own the roadmap and delivery of VIO, SLAM, sensor fusion, calibration, mapping and relocalization. Turn mission requirements and observed failures into specific engineering priorities.
Technical Direction:
Guide architecture and core algorithm decisions with the team. Make the tradeoffs between accuracy, robustness, latency, memory and power explicit and test them against real data.
Evaluation and Replay:
Build the evaluation and replay loop so the team can make most improvements from recorded data. Set measurable criteria for accuracy, robustness and runtime, and maintain regression tests that catch failures before deployment.
Hands-On Engineering:
Stay involved in critical algorithms, production code and difficult debugging. Help resolve failures caused by timing, calibration, vibration, motion blur, poor lighting and degraded sensors.
Integration:
Coordinate sensor and compute requirements, interfaces and integration with adjacent teams. Ensure localization outputs and uncertainty estimates work for planning, control and downstream autonomy.
Field Deployment:
Take the system through live sensor testing and field deployment. Use mission logs and observed failures to decide what the team builds next.
Your Profile
You have personally built VIO or SLAM systems and taken substantial parts through deployment. You can explain your implementation, its limitations and measured improvements in accuracy, robustness or runtime.
You have led engineers through difficult technical work. You can point to systems your team delivered, people you helped develop and the decisions you were responsible for. This may be your first formal management role if you can demonstrate that experience.
You can assess an engineer’s technical work, give useful feedback and help them improve. You take an active role in recruiting and selecting the people who join your team.
You have strong foundations in 3D geometry, estimation, optimization and sensor fusion, and enough depth to examine algorithm and architecture decisions in detail.
You write production C++ and use Python for analysis, evaluation and tooling. You are comfortable working with Linux, real sensors, calibration, synchronization and constrained onboard compute. Rust experience is a plus.
You have used replay, evaluation datasets and automated tests to guide development. You can explain how your team measured progress, reproduced failures and decided when a system was ready to deploy.
You have a master’s degree, PhD or equivalent practical experience in a relevant technical field.
You speak fluent English; German is a plus. Given the nature of SE3’s work in the defence sector, candidates must be eligible to work on defence-related projects and, where required, obtain the relevant security clearance.
Especially Valued Bonus Skills
Experience deploying perception systems on Nvidia Jetson, embedded CPUs/GPUs, writing CUDA kernels, optimizing deep neural networks for edge deployment.
Experience with LWIR thermal cameras (for navigation), rolling shutter effects, visual-inertial calibration, multi-camera rigs, fisheye/wide-angle lenses or monocular depth.
Experience with GNSS-denied navigation in UAV context, terrain-relative navigation, map-based localization and re-localization.
Experience building evaluation datasets, replay systems, perception observability, log tooling, and automated regression pipelines.
Publications or open-source contributions in SLAM, VIO, 3D computer vision, state estimation, or robotics are welcome, but not required.

Perks & Benefits
Real Ownership:
Participate in SE3’s growth through our employee participation programme
Work Environment to Excel at:
Find a high-quality and modern toolset, flat hierarchy and a skilled, driven team which will push the limits together with you
AI-boosted workplace:
We empower every employee with best-in-class AI tools and agents, giving you unlimited access to the latest advancements and a true productivity edge
31 Paid Days Off:
30 vacation days plus your birthday off
Well-being Access:
Free membership to gyms, yoga, and wellness through EGYM Wellpass
Team Offsites:
We go on 2 company retreats per year, our last ones were in Italy and Greece
Mentorship:
Work closely with experienced engineers and get paired with a professional mentor to support your growth

Our Process
Intro Call (15 min):
Let’s get to know each other
Coding / Algorithm Interview: (90 min)
: We work through a practical perception, estimation, or robotics software problem together
Technical Interview (1 hr):
We dive into the systems you have delivered, your technical decisions, and how you hire, develop engineers and lead delivery
Team Dinner / Lunch
: Meet the team and see whether it is a strong fit on both sides.
Find
Jobs in Germany
on Arbeitnow",,,,not_started,
549e8d159a9b700b28af,nyc_jobs,"Early Intervention Official Designee, Bureau of Early Intervention",1,"Facilitate IFSP meetings with families, interventionists and service coordinators in a manner consistent with SDOH regulations and NYC EIP policies and procedures, within mandated timelines, using Microsoft Outlook and NYEIS (New York Early Intervention System, the NYS EI IT system) for data entry, case processing and other activities. Ensure the accurate completion of other procedures as delineated in the NYC Policy and Procedure Manual and NYS Regulations Ensure the completion of all necessary documentation relating to the evaluation and IFSP process, including service and billing paperwork to ensure continued services for EI children. Respond to, prepare for and attend/participate in mediations/fair hearings as assigned. Attend regularly scheduled meetings inside and outside of the Regional Office as directed. Communicate with EI providers, families, service coordinators and other colleagues in a professional manner. Report concerns and submit requests for technical assistance to supervisor and other units within the Bureau as appropriate.","Early Intervention Official Designee, Bureau of Early Intervention

The Early Intervention Program(EIP) is a comprehensive interagency program that supports infants and children with developmental delays in their efforts to realize their full potential. It reduces the likelihood of delays among at-risk children, assists and empowers families to meet their child's and their own needs, and entitles children, regardless of race, ethnicity or income to services through the program. The EIP is legally mandated under Title II-A, §2552, of Article 25 of the NYS PHL to ensure that eligible children receive therapeutic services as soon as possible, and it has been recognized as an essential service during COVID-19 by NYS. The process of getting children to services includes processing referrals to the EIP, scheduling evaluations and Individualized Family Service Plan (IFSP) meetings, convening IFSP meetings, and authorizing services. Children continue to receive IFSP meetings every six (6) months for as long as they are in the Program. The Bureau of Early Intervention oversees provision of therapeutic services to 30,000 children ages birth to 3 years each year. At the borough level, contracted service agencies are monitored by the Regional Office. DUTIES WILLINCLUDEBUTNOTBELIMITED TO: Facilitate IFSP meetings with families, interventionists and service coordinators in a manner consistent with SDOH regulations and NYC EIP policies and procedures, within mandated timelines, using Microsoft Outlook and NYEIS (New York Early Intervention System, the NYS EI IT system) for data entry, case processing and other activities. Ensure the accurate completion of other procedures as delineated in the NYC Policy and Procedure Manual and NYS Regulations Ensure the completion of all necessary documentation relating to the evaluation and IFSP process, including service and billing paperwork to ensure continued services for EI children. Respond to, prepare for and attend/participate in mediations/fair hearings as assigned. Attend regularly scheduled meetings inside and outside of the Regional Office as directed. Communicate with EI providers, families, service coordinators and other colleagues in a professional manner. Report concerns and submit requests for technical assistance to supervisor and other units within the Bureau as appropriate. PREFERRED SKILLS: · Understanding of early childhood development, delays and disabilities · Knowledge of NYC services for young children · Good communication and organizational skills · Ability to work well under pressure and meet deadlines · Knowledge of EI regulations is an asset Why you should work for us: - Loan Forgiveness: As a prospective employee of the City of New York, you may be eligible for federal/state loan forgiveness and repayment assistance programs that lessen your payments or even fully forgive your full balance. For more information, please visit the U.S. Department of Education’s website (https://studentaid.gov/pslf/) - Benefits: City employees are entitled to unmatched benefits such as: o a premium-free health insurance plan that saves employees over $10K annually, per a 2024 assessment. o additional health, fitness, and financial benefits may be available based on the position’s associated union/benefit fund. o a public sector defined benefit pension plan with steady monthly payments in retirement. o a tax-deferred savings program and o a robust Worksite Wellness Program that offers resources and opportunities to keep you healthy while serving New Yorkers. - Work From Home Policy: Depending on your position, you may be able to work up to two days during the week from home. - Job Security - you could enjoy more job security compared to private sector employment and be able to contribute to making NYC a healthy place to live and work. Established in 1805, the New York City Department of Health and Mental Hygiene (NYC Health Department) is the oldest and largest health department in the U.S., dedicated to protecting and improving the health of NYC. Our mission is to safeguard the health of every resident and cultivate a city where everyone, regardless of age, background, or location, can achieve their optimal health. We provide a wide array of programs and services focused on food and nutrition, anti-tobacco support, chronic disease prevention, HIV/AIDS treatment, family and child health, environmental health, mental health, and social justice initiatives. As the primary population health strategist and policy authority for NYC, with a rich history of public health initiatives and scientific advancements, from addressing the 1822 yellow fever outbreak to the COVID-19 pandemic, we serve as a global leader in public health innovation and expertise. Come join us and help to continue our efforts in making a difference in the lives of all New Yorkers! The NYC Health Department is an inclusive equal opportunity employer committed to providing access and reasonable accommodation to all individuals. To request reasonable accommodation to participate in the job application or interview process, contact Sye-Eun Ahn, Director of the Office of Equal Employment Opportunity, at sahn1@health.nyc.gov or 347-396-6549.

Qualification Requirements 1. A Baccalaureate Degree from an accredited college or university in Business Administration, Engineering, or Social Sciences, Health Care Specialization, Physical Sciences or related programs; and A minimum of four years of progressive, responsible, experience related to Health Care Program Planning, Research, Design, Operation, Evaluation and Analysis; or 2. A Master's Degree from an accredited college or university in Public Health, Public or Hospital Administration, Health Care Specialization, Business Administration or related disciplines; and A minimum of three years progressive, responsible, experience directly related to health care program planning, research, design, operation, evaluation and analysis; or 3. A satisfactory equivalent combination or training, education and experience; and 4. Demonstrated skills in written and oral communication.",,,,not_started,
8158c179ee705f36b7ca,arbeitnow,Product Designer (UI/UX),1,"We are looking for a
Product Designer
to shape intuitive, high-quality product experiences across BJAK's financial products.
This role is for someone who enjoys solving product problems through thoughtful interface design. You'll work closely with product managers and engineers to simplify complex financial workflows into experiences that feel fast, intuitive and trustworthy.

Design end-to-end product experiences from concept to production.
Transform product requirements into user flows, wireframes, prototypes and polished interfaces.
Design intuitive experiences across insurance, payments, claims, investments and other financial products.
Build and maintain scalable design systems and reusable UI components.
Collaborate closely with engineers to ensure designs are implemented accurately.
Improve usability through rapid iteration using product data and user feedback.
Maintain consistency across mobile and web experiences.
Continuously refine interactions, accessibility and overall product quality.","Product Designer (UI/UX)

About BJAK
The original mission of BJAK is we believe people deserve smarter ways to plan, save and grow their money. This is the origin of our name.
Started in 2019, we built the first mobile-first, insurance platform, enabling insurance to be accessible online by millions in the region. Today, its the leading insurance platform in Southeast Asia.
Today, we are expanding ways to help people in the region — this includes spending, saving, investing, exchanging, travelling, and more. Our mission is help people get more from their money every day.
We have teams working around the world, with over 20 nationalities from our offices and remotely, who truly enjoys their work. We are looking for the most talented and driven people we can find. We are looking for people who work for their passion, not counting hours. Who loves building great next-generation products, not status quo. Who cares about redefining how everyone around us can get the best financial applications, not for an exclusive few.
If you're this person, we'd love to talk to you.
The Role
We are looking for a
Product Designer
to shape intuitive, high-quality product experiences across BJAK's financial products.
This role is for someone who enjoys solving product problems through thoughtful interface design. You'll work closely with product managers and engineers to simplify complex financial workflows into experiences that feel fast, intuitive and trustworthy.
What You'll Own
Design end-to-end product experiences from concept to production.
Transform product requirements into user flows, wireframes, prototypes and polished interfaces.
Design intuitive experiences across insurance, payments, claims, investments and other financial products.
Build and maintain scalable design systems and reusable UI components.
Collaborate closely with engineers to ensure designs are implemented accurately.
Improve usability through rapid iteration using product data and user feedback.
Maintain consistency across mobile and web experiences.
Continuously refine interactions, accessibility and overall product quality.
What We're Looking For
3+ years of experience designing digital products.
Strong portfolio demonstrating product thinking and excellent visual design.
Advanced proficiency in Figma and interactive prototyping.
Strong understanding of design systems, component libraries and responsive design.
Strong understanding of information architecture and user flows.
Excellent visual design skills including typography, spacing, layout and interaction design.
Ability to simplify complex workflows into intuitive experiences.
Portfolio is required.
Design Stack
Figma
FigJam
Design Systems
Interactive Prototyping
Auto Layout
Component Libraries
The Kind of Builder We Want
Thinks about solving customer problems, not just designing screens.
Balances business goals with user experience.
Obsesses over clarity, simplicity and consistency.
Works collaboratively with engineers and product teams.
Takes ownership from idea through launch.
Continuously improves products using real user insights.
This Role Is Not For
Designers who only focus on visuals without considering usability.
People who require fully detailed specifications before contributing.
Designers who struggle to explain design decisions.
Individuals who don't enjoy fast-moving startup environments.
Candidates who exaggerate ownership or cannot explain what they personally designed.
Location
This role is remote, but candidates must be based in
Germany
. We are hiring specifically for this market, so applicants should already be based in
Germany
.
Language
English is our primary working language across global teams. Strong English communication is required.
Interview Process
Portfolio Review
Practical Design Task (if applicable)
Role-specific Interview
CEO / Final Interview
For strong candidates, we aim to complete the process and make an offer within one week.
Find more
English Speaking Jobs in Germany
on Arbeitnow",,,,not_started,
07ef093d7aa6614f0a82,nyc_jobs,Human Resources College Aide,1,(no responsibilities heading detected by rules - read full_posting_text),"Human Resources College Aide

The Department of Probation is recruiting 2 College Aides to work within Human Resources to support departmental operations. Under the direction of HR Leadership, the duties and responsibilities of the HR College Aide will include, but are not limited to, the following: - Assisting with the planning and coordination of DOP's attendance at city-wide career fairs and hiring events. - Attend career fairs and hiring events as a representative of the Department. Hand out flyers and capture photos. - Assist with the onboarding processes for DOP hires including full-time staff, Summer Interns and the Summer Youth Employment Program (SYEP). - Assist in the preparation of interview materials, new hire folders, communication materials, etc. - Provide general administrative support, including document organization, filing, and data entry. - Assist with special projects as needed. *Maximum salary is not guaranteed.

For Assignment Level I: Matriculation at an accredited college or graduate school. Employment is conditioned upon continuance as a student in a college or graduate school. For Assignment Level II (Information Technology): Matriculation at an accredited college or graduate school. Employment is conditioned upon continuance as a student in a college or graduate school with a specific course of study in information technology, computer science, management information systems, data processing, or closely related field, including or supplemented by 9 semester credits in an acceptable course of study. For Assignment Level III (Information Technology Fellow): Matriculation at an accredited college or graduate school. Employment is conditioned upon continuance as a student in a college or graduate school with a specific course of study in information technology, computer science, management information systems, data processing, or other area relevant to the information technology project(s) assigned, including or supplemented by 9 semester credits in an acceptable course of study. Appointments to this Assignment Level will be made by the Technology Steering Committee through the Department of Information Technology and Telecommunications. SPECIAL NOTE Maximum tenure for all Assignment Levels in the title of College Aide is 6 years. No student shall be employed more than half-time in any week in which classes in which the student is enrolled are in session. Students may be employed full-time during their vacation periods.",,,,not_started,
464d3d3312512fd7f8d0,nyc_jobs,ASSISTANT RESIDENT BUILDING SUPT,1,(no responsibilities heading detected by rules - read full_posting_text),"ASSISTANT RESIDENT BUILDING SUPT

1. Oversee daily maintenance operations at development. 2. Supervise the repair of structures and equipment, maintenance of roof tanks, standpipe systems, sprinkler systems and auxiliary equipment. Supervise the care of buildings and ground through labor and material resources. 3. Monitor inventory supply and arrange for replenishment as needed. 4. Conduct building inspections and follow-up on repairs for PHAS preparations. 5. Monitor work orders in Maximo and deployment of staff to address repairs. 6. Oversee the repair work done by Maintenance Workers in residents' apartments and public spaces. 7. Supervise the preparation of move-outs. Additional Information 1. For NYCHA employees: this position is open as a promotional opportunity and on a direct transfer (lateral) basis. 2. NYCHA employees applying for transfer, promotional, title or level change opportunities must have served a period of one year at current location and in current title and level (if applicable). 3. NYCHA residents are encouraged to apply. NYCHA provides benefits that include a choice of medical coverage plans, deferred compensation plans and a defined pension benefit plan as a member of the New York City Employees' Retirement System (NYCERS). NOTE: IF THIS APPOINTMENT IS MADE ON A PROVISIONAL BASIS PURSUANT TO §65 OF THE NYS CIVIL SERVICE LAW, NO TENURE OR PERMANENCE ACCRUES TO AN INCUMBENT IN THIS POSITION BY VIRTUE OF SUCH APPOINTMENT. NOTE: This position is open to qualified persons with a disability who are eligible for the 55-a Program. Please indicate in your cover letter that you would like to be considered for the position under the 55-a Program. For detailed information regarding the 55-a Program, please click on the link below: https://bit.ly/55aProgram Please read this posting carefully to make certain you meet the minimum qualification requirements before applying to this position.

1. One year of permanent service in the title of Supervisor of Housing Caretakers, Heating Plant Technician (Housing Authority), Maintenance Worker or Supervising Housing Groundskeeper; or 2. A four year high school diploma or its educational equivalent, plus four years of experience in the operation, repair and maintenance of large tenanted buildings, two years of which must have been in a supervisory capacity over at least two employees. Higher education may be substituted for up to two years of this experience on the basis of 30 semester credits from an accredited college for each year of experience. However, all candidates must have at least two years of experience supervising at least two maintenance employees.",,,,not_started,
3613b2486df0c4c5d71a,arbeitnow,System Integration Senior Engineer (Functional Focus),1,"In your capacity a System Integration Senior Engineer, your role will continuously evolve, but initially your day-to-day duties will include:
Ensure the definition and implementation of the Nyx Earth system integration and verification activities, which meets technical and programmatic requirements and considers the adequacy of model philosophy, facilities availability, planning and costing.
Define plans and specifications with clear Success Criteria and support the generation of test procedures with the functional team.
Drive the technical discussions, preparation, organization and execution of the system verification campaigns, to ensure the closure of all system verification aspects, including nominal and off nominal spacecraft behaviors.
Organise the different reviews for incremental progress and ultimate closure of verification events.
Generate reports and drive the closure of the Items for Verification and Validation covered by the campaign.
Collaborate with all Functional Chain responsible and engineering disciplines to prepare and perform the system activities.
Process the anomalies occurring during the verification campaign in coordination with the Product Assurance Team and the rest of the Engineering Team.
What we would love to see from you
In the role of System Integration Senior Engineer ideally, you will have the following:
Master’s degree in Aerospace Engineering, or another related field.
5 to 10 years of experience in systems design, analysis, and testing of aerospace or space-related systems, with a focus on integration of complex spacecraft and/or testing activities.
Hands-on hardware experience.
Practical experience / contact with functional test platforms, such as software in the loop, hardware in the loop, and bench testing.
Experience in the development and verification of space hardware.
Spacecraft systems knowledge.
Skills and Behaviours
Strong oral and written communication skills
Strong analysis and problem-solving skills
Strong organizing and prioritization of tasks
Positive and flexible attitude to get the job done
Ability to communicate at all levels of the business
Demonstrates behaviors consistent with The Exploration Company’s core values of Mission, Vision, Integrity, Excellence and Teamwork
Space enthusiast: ready to change the European space industry
Ability to thrive in a high paced development environment
Why you should join us!
What makes us special here at The Exploration Company and why we think you will enjoy working here is:
We’re Agile - we make decisions fast whilst keeping our goals and systems in mind
We’re Open and Collaborative - we are transparent about risks and obstacles, so that we can cooperate to overcome them
We have a lot of Fun - we refuel our energy knowing we are democratising space. It’s a wonderful and rare opportunity, are YOU up for the challenge?
We'd love to hear from you if you wish to be a part of our journey. Please submit your CV now for immediate consideration and we will be in touch shortly.

The Exploration Company is an equal opportunity employer and values diversity. We do not discriminate based on race, religion, colour, national origin, gender, sexual orientation, age, marital status or disability status. Relocation assistance is provided for those willing to relocate including visa sponsorship where applicable.
All offers are contingent upon the successful completion of a background check, which will be subject to the country, role, and project you applied for. By submitting your application, you acknowledge and agree that any offer of employment may be conditional upon successful condition of this check. The Exploration Company partners with Zinc Work Limited located in the UK (Zinc), a third-party provider, to ensure this process as efficient and transparent as possible.
If applicable, you will receive an email from Zinc upon acceptance of your offer with a link to a secure portal where you can provide the required information to Zinc.
Find more
English Speaking Jobs in Germany
on Arbeitnow","System Integration Senior Engineer (Functional Focus)

Here at The Exploration Company, we are building innovative aerospace technologies that advance the future of space transportation.
We want you as a talented System Integration Senior Engineer to help us lead the system end‑to‑end integration and verification of functional and environmental elements within the Nyx spacecraft, ensuring full compliance with system‑level requirements and standards. In this role, you will coordinate the integration of mechanisms, structural assemblies, deployment systems, and mechanical‑to‑avionics interfaces, driving the verification logic from early functional modelling through environmental qualification and final acceptance. You will define and execute plans, manage requirement traceability, analyse results, and close verification evidence campaigns. Working closely with subsystem leads, AIT teams, and external partners, you will identify integration risks, resolve anomalies, and ensure that all mechanical functions perform safely and reliably throughout the mission profile. This position requires a rigorous systems mindset, strong understanding of mechanical behaviour in the space environment, and the ability to lead multidisciplinary verification activities to successful closure.
Key Responsibilities
In your capacity a System Integration Senior Engineer, your role will continuously evolve, but initially your day-to-day duties will include:
Ensure the definition and implementation of the Nyx Earth system integration and verification activities, which meets technical and programmatic requirements and considers the adequacy of model philosophy, facilities availability, planning and costing.
Define plans and specifications with clear Success Criteria and support the generation of test procedures with the functional team.
Drive the technical discussions, preparation, organization and execution of the system verification campaigns, to ensure the closure of all system verification aspects, including nominal and off nominal spacecraft behaviors.
Organise the different reviews for incremental progress and ultimate closure of verification events.
Generate reports and drive the closure of the Items for Verification and Validation covered by the campaign.
Collaborate with all Functional Chain responsible and engineering disciplines to prepare and perform the system activities.
Process the anomalies occurring during the verification campaign in coordination with the Product Assurance Team and the rest of the Engineering Team.
What we would love to see from you
In the role of System Integration Senior Engineer ideally, you will have the following:
Master’s degree in Aerospace Engineering, or another related field.
5 to 10 years of experience in systems design, analysis, and testing of aerospace or space-related systems, with a focus on integration of complex spacecraft and/or testing activities.
Hands-on hardware experience.
Practical experience / contact with functional test platforms, such as software in the loop, hardware in the loop, and bench testing.
Experience in the development and verification of space hardware.
Spacecraft systems knowledge.
Skills and Behaviours
Strong oral and written communication skills
Strong analysis and problem-solving skills
Strong organizing and prioritization of tasks
Positive and flexible attitude to get the job done
Ability to communicate at all levels of the business
Demonstrates behaviors consistent with The Exploration Company’s core values of Mission, Vision, Integrity, Excellence and Teamwork
Space enthusiast: ready to change the European space industry
Ability to thrive in a high paced development environment
Why you should join us!
What makes us special here at The Exploration Company and why we think you will enjoy working here is:
We’re Agile - we make decisions fast whilst keeping our goals and systems in mind
We’re Open and Collaborative - we are transparent about risks and obstacles, so that we can cooperate to overcome them
We have a lot of Fun - we refuel our energy knowing we are democratising space. It’s a wonderful and rare opportunity, are YOU up for the challenge?
We'd love to hear from you if you wish to be a part of our journey. Please submit your CV now for immediate consideration and we will be in touch shortly.

The Exploration Company is an equal opportunity employer and values diversity. We do not discriminate based on race, religion, colour, national origin, gender, sexual orientation, age, marital status or disability status. Relocation assistance is provided for those willing to relocate including visa sponsorship where applicable.
All offers are contingent upon the successful completion of a background check, which will be subject to the country, role, and project you applied for. By submitting your application, you acknowledge and agree that any offer of employment may be conditional upon successful condition of this check. The Exploration Company partners with Zinc Work Limited located in the UK (Zinc), a third-party provider, to ensure this process as efficient and transparent as possible.
If applicable, you will receive an email from Zinc upon acceptance of your offer with a link to a secure portal where you can provide the required information to Zinc.
Find more
English Speaking Jobs in Germany
on Arbeitnow",,,,not_started,
a9268008dd18f84aff54,arbeitnow,Associate Data Scientist (f/m/d),1,"As a Data Scientist at Predium, you will help develop and improve the data-driven models behind our platform. You will use statistics, machine learning, and numerical methods to solve well-defined problems related to buildings, energy performance, and real-estate decarbonization.

Working closely with our engineering and product team, you will turn real-world data into reliable analytical, simulation, and machine-learning models that identify optimization opportunities for more sustainable buildings and help customers make informed investment decisions.

Develop and improve analytical, machine-learning, and simulation models to address business problems in the real-estate and energy domain.

Build and improve data extraction pipelines for structured and unstructured sources, evaluating extraction accuracy and reliability

Continuously explore and evaluate new data sources to improve model accuracy.

Assess data quality, identify gaps and evaluate model performance by validating assumptions and results against real-world data and feedback of domain experts.

Collaborate with data scientists, engineers, product managers, and other stakeholders to translate business needs into data-driven solutions.","Associate Data Scientist (f/m/d)

Our Opportunity

Over the past three years, Predium has built the leading real estate intelligence platform for ESG and value management in the DACH region - with the strongest names in the industry as customers: asset managers, housing companies, banks. Our customer base, our data, our credibility - that's valuable capital for the next step. Investment, credit, and asset management decisions in real estate are still made in Excel, case by case. We're now building the AI analyst that takes this work off people's hands - working directly on the customer's own data, scalable without adding headcount. We're well-funded, and we're bringing AI into real estate.

Your Mission

As a Data Scientist at Predium, you will help develop and improve the data-driven models behind our platform. You will use statistics, machine learning, and numerical methods to solve well-defined problems related to buildings, energy performance, and real-estate decarbonization.

Working closely with our engineering and product team, you will turn real-world data into reliable analytical, simulation, and machine-learning models that identify optimization opportunities for more sustainable buildings and help customers make informed investment decisions.

What you'll own

Develop and improve analytical, machine-learning, and simulation models to address business problems in the real-estate and energy domain.

Build and improve data extraction pipelines for structured and unstructured sources, evaluating extraction accuracy and reliability

Continuously explore and evaluate new data sources to improve model accuracy.

Assess data quality, identify gaps and evaluate model performance by validating assumptions and results against real-world data and feedback of domain experts.

Collaborate with data scientists, engineers, product managers, and other stakeholders to translate business needs into data-driven solutions.

What success looks like

You take ownership of well-defined analytical and modeling problems and independently deliver robust solutions.

Your models and analyses are reproducible, well-documented, and supported by appropriate validation.

You translate technical results into clear implications for the product, our customers, and the business.

You collaborate effectively across Data, Engineering and Product teams.

You actively seek feedback and use it to improve both your technical work and your way of working.

What it takes

A degree in data science, computer science, mathematics or a related field.

1–2 years of relevant hands-on experience, with programming, ideally in Python, through projects in areas such as physics-based modeling, machine learning, or data pipelines. TypeScript experience for product prototyping is a plus.

A structured, independent approach to problem-solving.

Curiosity about business needs and the ability to explain findings clearly to technical and non-technical stakeholders.

Confident communication in English; German is a plus.

Bonus:

Initial experience with optimization methods, LLM-based data extraction, or uncertainty and sensitivity analysis.

Familiarity with real estate, building physics, or energy systems.

Experience with tools for physical simulation or energy modeling.

Why Predium?

Stage:
~40 people, well-funded, on the way to defining the category. Early enough that a lot still needs to be built. Yes, it's messy sometimes - that's the whole point. If you're looking for a job with a finished playbook, this isn't the right fit.

Impact:
You're not cog #100 in some company. The models you build feed straight into our product and get used by real customers. Your contribution shows up directly, in revenue and in the product.

Ownership:
We don't manage your time, we measure your results. You get responsibility and freedom - and the expectation that you'll use both.

Compensation:
Competitive salary, bonus, and equity. We want you to share in the success you help create.

Team:
Office-first in Munich's Werksviertel, 4 days/week.

30 vacation days (including company vacation) · Wellpass · Deutschland-Ticket · Jobrad · team events

Find more
English Speaking Jobs in Germany
on Arbeitnow",,,,not_started,
1742269a66920b58cfba,nyc_jobs,Deputy Assistant Director Sandy Grant Management,1,"The duties of the position include the following: • Project Administration o Develop and maintain knowledge of active Sandy projects, across a variety of work types being implemented by numerous City agencies. o Obtain working knowledge of applicable Federal, State, and City rules and regulations. Interpret, monitor, and communicate changes to staff and partner agencies and task forces. o Collect and review documentation. o Identify and recommend solutions for various programmatic issues. o Contribute to and participate in training seminars on FEMA requirements to City agencies. o Take an active role in identifying opportunities to increase funding awards. o Ensure that claiming/reimbursement requests are proceeding in a timely manner. o Report on status of projects to upper management, DHSES, and FEMA including identifying risks to completion. o Represent OMB/NYC in meetings with external partners like New York State and FEMA. o Work with FEMA Task Force colleagues, other OMB Task Forces, and agencies to ensure projects are adequately progressing, properly budgeted and expenditures tracked, and all relevant FEMA policy and guidance is being followed. • Team Supervision o Oversee a team of OMB staff that is tasked with day-to-day tracking of projects. o Work with other task force members to develop and provide trainings so staff are supported and have opportunity for professional development within the team. o Analyze the efficiency and effectiveness of task force procedures and develop recommendations for change.","Deputy Assistant Director Sandy Grant Management

TASK FORCE: FEMA Disaster Recovery UNIT: Sandy Grant Management JOB TITLE: One (1) Deputy Assistant Director CONTROL CODE: BAW-27-03 SUMMARY: The Mayor's Office of Management and Budget (OMB) is the New York City government's chief financial agency. OMB's staff of analysts and experts assembles and oversees the Mayor's expense and capital budgets, which fund the services and activities of approximately 90 City agencies and entities. The FEMA Disaster Recovery Task Force, within the OMB-Managed Grants subdivision, works with City, State, and Federal agencies to help New York City recover from the lasting impacts of Hurricane Sandy, COVID-19, Tropical Storm Isaias, Tropical Storm Ida, and Tropical Storm Ophelia, as well as other federally declared disaster events. The team coordinates policy, monitors the budgets, and ensures compliance with applicable requirements for projects funded through the FEMA Public Assistance program. Additionally, the team works with various agencies to build the City’s capacity to prepare for and respond to future disasters. This new position will be responsible for day-to-day programmatic oversight, in conjunction with the Assistant Director and existing team staff, of the FEMA Hurricane Sandy recovery grant. This includes project management, reimbursement claiming, compliance, and grant closeout. Please note that this is a grant-funded position. Your term of employment is dependent upon the availability of grant funding, but it is expected to be at least three years. JOB DESCRIPTION: The duties of the position include the following: • Project Administration o Develop and maintain knowledge of active Sandy projects, across a variety of work types being implemented by numerous City agencies. o Obtain working knowledge of applicable Federal, State, and City rules and regulations. Interpret, monitor, and communicate changes to staff and partner agencies and task forces. o Collect and review documentation. o Identify and recommend solutions for various programmatic issues. o Contribute to and participate in training seminars on FEMA requirements to City agencies. o Take an active role in identifying opportunities to increase funding awards. o Ensure that claiming/reimbursement requests are proceeding in a timely manner. o Report on status of projects to upper management, DHSES, and FEMA including identifying risks to completion. o Represent OMB/NYC in meetings with external partners like New York State and FEMA. o Work with FEMA Task Force colleagues, other OMB Task Forces, and agencies to ensure projects are adequately progressing, properly budgeted and expenditures tracked, and all relevant FEMA policy and guidance is being followed. • Team Supervision o Oversee a team of OMB staff that is tasked with day-to-day tracking of projects. o Work with other task force members to develop and provide trainings so staff are supported and have opportunity for professional development within the team. o Analyze the efficiency and effectiveness of task force procedures and develop recommendations for change. QUALIFICATIONS: • Experience with the FEMA Public Assistance Program and Grants Manager (Grants Portal) required. • Experience working with and managing complex projects. • Strong analytical, organizational, and problem-solving skills with an emphasis on attention to detail. • Strong interpersonal skills, and the ability to maintain working relationships. • Strong written and spoken communications skills. • Basic understanding of budgeting and accounting principles • Ability to work independently as a self-motivator and to motivate others. • Ability to work calmly and proficiently under pressure and to adhere to deadlines. • Must possess strong technical skills including proficiency in Microsoft Office software (Excel, Word, PowerPoint) and the ability to learn new technology quickly. REQUIREMENTS: Deputy Assistant Director ($145,807): Bachelor’s degree, preferably in public administration, business, finance, economics, data science, accounting or a related subject, and a minimum of four (4) years’ experience in budgetary planning/management, financial analysis, public policy analysis, grants management, or a related field or a Master’s degree, preferably in accounting, finance, public administration, public policy, or a related field, and a minimum of two (2) years of experience state grant management, financial analysis, budget planning/management; state budget analysis, or a related field.

1. A baccalaureate degree from an accredited college.",,,,not_started,
ab2db63d3df2cbb9d730,nyc_jobs,"Graduate Intern, Youth Financial Empowerment",1,"• Assisting the Senior Program Officer with research on youth financial education and/or youth financial empowerment programs to inform the design and implementation of financial empowerment services focusing on youth and their families – including developing metrics, assessment tools, touchpoints for service integration, and operational strategy; • Supporting the Senior Program Officer in liaising with the DCWP External Affairs & Communications Division, NYC Public Schools, and MWBE vendors to coordinate and monitor the design and develop age-appropriate, engaging workshop curriculum materials on financial literacy topics (e.g., budgeting, savings, banking, credit, paying for college education, and consumer protection) and ensure that workshop content is culturally-relevant, inclusive, and accessible to diverse student populations. • Liaising and coordinating with the DCWP External Affairs and Communications Division and Division of Technology and Strategic Solutions, as well as MWBE vendors, to recommend instructional design models to guide the creation of digital and in-person learning experiences. • Under the supervision of the Senior Program Officer, and in coordination with the Policy and Research team, developing formative and summative assessment tools (e.g., pre/post surveys, quizzes, reflective prompts) to measure knowledge gains and shifts in attitudes or behaviors. • Working with OFE's Policy and Research team to understand and document the success of programs and assist with data analysis to inform iterative improvements to content and delivery methods and provide timely updates to OFE and DCWP leadership; • Maintaining clear documentation of curriculum frameworks, learning objectives, digital tools used, and impact metrics. • Providing general administrative assistance, including drafting, proofreading, and/or editing a range of materials, including but not limited to reports, program documents, and presentations. Support and contribute to broader team projects as needed as a Financial Counseling and Coaching team member.","Graduate Intern, Youth Financial Empowerment

The NYC Department of Consumer and Worker Protection (DCWP) protects and enhances the daily economic lives of New Yorkers to create thriving communities. DCWP licenses nearly 45,000 businesses in more than 40 industries and enforces key consumer protection and workplace laws that apply to countless more. By supporting businesses through equitable enforcement and access to resources, DCWP protects the marketplace from predatory practices and strives to create a culture of compliance. DCWP empowers consumers and working families by providing the tools and resources they need to achieve financial health and work-life balance. DCWP also conducts research and advocates for public policy that furthers its work to support New York City’s communities. For more information about DCWP and its work, call 311 or visit DCWP at NYC Department of Consumer and Worker Protection (DCWP), sign up for its newsletter, or follow on its social media sites, X, Facebook, Instagram, and YouTube. Within DCWP, the Office of Financial Empowerment (OFE) focuses on initiatives that support New Yorkers and communities with low incomes in building wealth and improving their financial health. OFE is the first local government initiative in the country with the mission to educate, empower, and protect New Yorkers and neighborhoods with low incomes so they can build assets and make the most of their financial resources. OFE uses data and research, policy, partnerships, and convenings to advance its mission. Using this model, OFE is able to develop, offer, and advocate for innovative programs and products for all New Yorkers. To further its mission, OFE launched in January 2026, the Financial Literacy for Youth Initiative with the mission to connect NYC Public School students and their families to financial and consumer education programming to help them learn how to spend and save money so that they have a head start on being financially empowered adults. The City has committed funding to this initiative which will be overseen by DCWP, in collaboration with NYC Public Schools, to offer every student access to quality financial and consumer education by 2030. OFE designed the Financial Literacy for Youth Initiative with the goal to cultivate financially savvy youth by collaborating with educators, banking experts, and community partners to provide hands-on financial empowerment and consumer protection programming and services to youth and their families, while providing real-life professional development opportunities in school. This initiative launched in January 2026 with Financial Educators in 15 districts to lead the charge and deliver core programming, including 2Gen financial and consumer education workshops for both students and their families; on-site financial counseling; build school districts and schools capacity to integrate financial literacy inside and outside classrooms, and promotion of the Financial Education Resource Hub. OFE is seeking a Graduate Intern to join the Financial Counseling and Coaching team, with the primary responsibility of supporting the implementation of this new youth financial empowerment initiative. The Graduate Intern is, ideally, a graduate student studying instructional design and learning technology, and will work closely with the Senior Program Officer and Program Officer responsible for leading the implementation of the initiative, supporting the creation of the 2Gen financial education workshops for students and parents/caregivers and their alignment with NYS Education’s 2026 change to require personal finance education in all grade levels. The Graduate Intern will collaborate with other stakeholders, such as the DCWP External Affairs & Communications Division, NYC Public Schools, and OFE’s contracted providers, through the implementation of a youth initiative with the mission to cultivate financially savvy youth by providing hands-on financial empowerment and consumer protection services and real-life professional development opportunities in school. The Graduate Intern is an organized project manager with a strong commitment to supporting New Yorkers and communities with low incomes in building wealth and improving their financial health and a passion for financial education. The Graduate Intern will report to the Senior Program Officer for Financial Counseling and Coaching Programs. Responsibilities include, but are not limited to: • Assisting the Senior Program Officer with research on youth financial education and/or youth financial empowerment programs to inform the design and implementation of financial empowerment services focusing on youth and their families – including developing metrics, assessment tools, touchpoints for service integration, and operational strategy; • Supporting the Senior Program Officer in liaising with the DCWP External Affairs & Communications Division, NYC Public Schools, and MWBE vendors to coordinate and monitor the design and develop age-appropriate, engaging workshop curriculum materials on financial literacy topics (e.g., budgeting, savings, banking, credit, paying for college education, and consumer protection) and ensure that workshop content is culturally-relevant, inclusive, and accessible to diverse student populations. • Liaising and coordinating with the DCWP External Affairs and Communications Division and Division of Technology and Strategic Solutions, as well as MWBE vendors, to recommend instructional design models to guide the creation of digital and in-person learning experiences. • Under the supervision of the Senior Program Officer, and in coordination with the Policy and Research team, developing formative and summative assessment tools (e.g., pre/post surveys, quizzes, reflective prompts) to measure knowledge gains and shifts in attitudes or behaviors. • Working with OFE's Policy and Research team to understand and document the success of programs and assist with data analysis to inform iterative improvements to content and delivery methods and provide timely updates to OFE and DCWP leadership; • Maintaining clear documentation of curriculum frameworks, learning objectives, digital tools used, and impact metrics. • Providing general administrative assistance, including drafting, proofreading, and/or editing a range of materials, including but not limited to reports, program documents, and presentations. Support and contribute to broader team projects as needed as a Financial Counseling and Coaching team member.

For Assignment Level I: Matriculation at an accredited college or graduate school. Employment is conditioned upon continuance as a student in a college or graduate school. For Assignment Level II (Information Technology): Matriculation at an accredited college or graduate school. Employment is conditioned upon continuance as a student in a college or graduate school with a specific course of study in information technology, computer science, management information systems, data processing, or closely related field, including or supplemented by 9 semester credits in an acceptable course of study. For Assignment Level III (Information Technology Fellow): Matriculation at an accredited college or graduate school. Employment is conditioned upon continuance as a student in a college or graduate school with a specific course of study in information technology, computer science, management information systems, data processing, or other area relevant to the information technology project(s) assigned, including or supplemented by 9 semester credits in an acceptable course of study. Appointments to this Assignment Level will be made by the Technology Steering Committee through the Department of Information Technology and Telecommunications. SPECIAL NOTE Maximum tenure for all Assignment Levels in the title of College Aide is 6 years. No student shall be employed more than half-time in any week in which classes in which the student is enrolled are in session. Students may be employed full-time during their vacation periods.

• Experience in instructional design and curriculum development for K–12 or youth programs; • Experience in financial capability, asset building, financial services, human/social services, after school programing, youth workforce development, and a passion for supporting youth with low or moderate incomes to build greater self-sufficiency. Prior experience with financial counseling or coaching programs is a plus; • Familiarity with financial literacy content and concepts appropriate for youth audiences; • Strong service design thinking and user-centered design approach for educational programs; • Ability to apply culturally responsive and age-appropriate approaches to designing content for diverse youth audiences; • Skills in developing and reviewing assessments, surveys, or other feedback mechanisms to evaluate learning outcomes and program impact; • Comfort with observational and field-based methods, observing instruction and gathering qualitative insights to inform design decisions; • Proficiency with learning management systems (LMS), multimedia tools, and content authoring platforms: • Attention to detail and ability to work with a sense of urgency while still ensuring a high-quality work product, and thoughtful and thorough follow-through; • Excellent organizational, communication (written and oral), and presentation skills; • Proficiency in Microsoft Word, PowerPoint and Excel.",,,,not_started,
514d14a0cdbffddf9491,arbeitnow,(Sr.) Key Account Manager Retail - French Market,1,"New business development:
You will drive acquisition, and successfully onboard new strategic partners in line with our growth strategy across France.

Account Ownership:
You will take full commercial ownership of selected French accounts, ensuring the achievement of sales and margin targets.

Customer Strategy:
You will develop and execute tailored, holistic joint business plans fully aligned with our overall company objectives and growth ambitions.

Account Management:
You will build and nurture long-term partnerships with our key partners, driving high customer satisfaction and sustainable growth.

Market Insight:
You will analyze market, sales, and customer data to identify opportunities, define clear action plans, and accelerate performance.

Cross-functional Collaboration:
You will partner closely with internal teams (Sales Coordinator, Trade Marketing, Supply Chain, Logistics) to deliver seamless execution.

Teamwork:
You will work alongside a high-performing team, share best practices, and strive for collective success.

This is you

You bring proven experience in Key Account Management within the FMCG/CPG industry, ideally with full ownership of national grocery retail accounts.

You feel confident leading annual negotiations and pricing discussions and know the basic structures, and dynamics of the French grocery retail landscape.

You combine strong negotiation and communication skills with a clear commercial mindset and a consistent track record of delivering against sales and margin targets.

You act hands-on and as a team player, proactively driving initiatives across functions.

You are fluent in English and French (written and spoken); additional European languages are a plus.

You have a valid driver’s license (B) and are willing to travel regularly.

The benefits listed below are intended for full-time employees. For other employment types, including working students and minijobbers, benefits may differ based on the terms of their contract and applicable regulations.

But what’s in for you?

🏖 30 days of vacation

🏷 discount on our products

💰 employer-funded pension & location related insurances (may vary per country)

🏡 purpose built office in MUC

📈 personal development

🎉 regular team events

🏁 start-up spirit

🌍 workation options (availability may differ by role)

air up® have developed an innovative and world-first drinking system. Through scent alone, the air up® bottle brings flavour to simple tap water and can be enjoyed without any single-use plastic bottles, sugar, or additives. air up is a young, fast-growing company filled with ambitious and creative minds from various backgrounds.

air up® is an equal opportunity employer and is committed to maintaining an equal opportunity environment for all persons free of discriminatory behaviour. We will not discriminate and will take affirmative action measures to ensure against discrimination in employment, recruitment, advertisements for employment, compensation, termination, upgrading, promotions, and other conditions of employment against any employee or job applicant on the bases of race, color, gender, national origin, age, religion, creed, disability, veteran's status, sexual orientation, gender identity or gender expression.

Find more
English Speaking Jobs in Germany
on Arbeitnow","(Sr.) Key Account Manager Retail - French Market

Probably the least boring job you’ll ever have.

At air up, we don’t just make bottles. We unbore water with flavor by scent. It makes no sense until you try it, and once you do, there’s no going back.
Behind it all are teams pushing boundaries every day. Product bends taste and design in new directions. Marketing turns ideas into moments people talk about. Operations makes sure those moments reach hands everywhere.
Working here feels like stepping on stage: professionalism meets passion, curiosity meets courage. You’ll experiment, fail fast, learn faster, and actually see your ideas come to life.
It's refreshingly low politics and low ego. Just smart, driven people who lift each other up and make things happen. And whatever happens, it sure won't be boring.

Welcome to air up.

Our offline retail channel is one of our key growth drivers, and we are accelerating. To strengthen our existing partnerships and further expand our footprint across France, we are looking for a (Senior) Key Account Manager who is ready to take ownership, drive impact, and shape our next phase of growth.

As part of our sales team, you will play a pivotal role in expanding our presence with our existing partners while unlocking new business opportunities. You will strategically develop and manage key accounts, strengthen sustainable long-term partnerships, and drive the acquisition of new partners. We are looking for someone with a growth mindset who thrives in an international environment and enjoys working alongside driven colleagues.

Location:
Germany e.g. Munich

In this role, we follow a hybrid working model, and being based in Germany is a requirement. If you're relocating — for example from France — we'll support you with an attractive relocation package. The role requires a balance between in-person presence for team connection at our Munich headquarters, on-site customer meetings in France, and remote days for focused, independent work.

Your responsibilities

New business development:
You will drive acquisition, and successfully onboard new strategic partners in line with our growth strategy across France.

Account Ownership:
You will take full commercial ownership of selected French accounts, ensuring the achievement of sales and margin targets.

Customer Strategy:
You will develop and execute tailored, holistic joint business plans fully aligned with our overall company objectives and growth ambitions.

Account Management:
You will build and nurture long-term partnerships with our key partners, driving high customer satisfaction and sustainable growth.

Market Insight:
You will analyze market, sales, and customer data to identify opportunities, define clear action plans, and accelerate performance.

Cross-functional Collaboration:
You will partner closely with internal teams (Sales Coordinator, Trade Marketing, Supply Chain, Logistics) to deliver seamless execution.

Teamwork:
You will work alongside a high-performing team, share best practices, and strive for collective success.

This is you

You bring proven experience in Key Account Management within the FMCG/CPG industry, ideally with full ownership of national grocery retail accounts.

You feel confident leading annual negotiations and pricing discussions and know the basic structures, and dynamics of the French grocery retail landscape.

You combine strong negotiation and communication skills with a clear commercial mindset and a consistent track record of delivering against sales and margin targets.

You act hands-on and as a team player, proactively driving initiatives across functions.

You are fluent in English and French (written and spoken); additional European languages are a plus.

You have a valid driver’s license (B) and are willing to travel regularly.

The benefits listed below are intended for full-time employees. For other employment types, including working students and minijobbers, benefits may differ based on the terms of their contract and applicable regulations.

But what’s in for you?

🏖 30 days of vacation

🏷 discount on our products

💰 employer-funded pension & location related insurances (may vary per country)

🏡 purpose built office in MUC

📈 personal development

🎉 regular team events

🏁 start-up spirit

🌍 workation options (availability may differ by role)

air up® have developed an innovative and world-first drinking system. Through scent alone, the air up® bottle brings flavour to simple tap water and can be enjoyed without any single-use plastic bottles, sugar, or additives. air up is a young, fast-growing company filled with ambitious and creative minds from various backgrounds.

air up® is an equal opportunity employer and is committed to maintaining an equal opportunity environment for all persons free of discriminatory behaviour. We will not discriminate and will take affirmative action measures to ensure against discrimination in employment, recruitment, advertisements for employment, compensation, termination, upgrading, promotions, and other conditions of employment against any employee or job applicant on the bases of race, color, gender, national origin, age, religion, creed, disability, veteran's status, sexual orientation, gender identity or gender expression.

Find more
English Speaking Jobs in Germany
on Arbeitnow",,,,not_started,
a5cc492b8fcc77fb1848,nyc_jobs,Executive Director of Environmental Health Legal,1,"• Guide EH rulemaking, including by interpreting newly enacted legislation and analyzing operational implications; collaborate with OGC on drafting and finalizing proposed amendments to the New York City Health Code and agency regulations. • Initiate data-driven, policy assessment of administrative hearing outcomes, efficacy of enforcement, and citation strategies • Evaluate impact of regulatory change, legislative initiatives on Divisional programs. • Act as primary liaison with OATH for operational, data access and legal issues, and provide oversight for EH hearing appearances. • Manage EH administrative hearings appeals process, including review of affirmative appeals, answering respondent appeals, and strategic use of appeals process to support specific program initiatives. • Supervise 2 EH lawyers and the Division Hearing and Regulatory Coordinator, providing legal and project direction and oversight. • Manage tracking system for prioritization and efficient completion of EH Legal projects. • Assisting with legal emergency preparedness and response work.","Executive Director of Environmental Health Legal

The Bureau of Environmental Surveillance and Policy (BESP) in EH works to ground Health Department programs and policy in science and law to support a healthy and equitable natural, built, and occupational environment for all New Yorkers. We promote environmental health through legal and data-driven program support, using innovative methods to track environmental determinants of health with a focus on New Yorkers disproportionately impacted by environmental risk. We share data and research findings to encourage evidence-based decision-making, and partner with communities in community science and outreach to address stakeholder concerns and empower residents. The Bureau of Environmental Science and Policy (BESP) seeks to hire a lawyer to serve as Executive Director of the Environmental Health Legal team (EH Legal). BESP's mission is to ground Health Department programs and policy in science and law to support a healthy and equitable natural, and occupational environment for all New Yorkers. We promote environmental health through legal and data-driven program support, using innovative methods to track environmental determinants of health with a focus on New Yorkers disproportionately impacted by environmental risk. EH Legal supports the diverse legal needs of the Division's regulatory, enforcement and policy initiatives, collaborating with division leadership and the agency's Office of General Counsel (OGC). Reporting to the Assistant Commissioner, the Executive Director will assume oversight responsibility for multiple legal and policy projects and team supervision, while operating with a wide degree of independence and autonomy. The team supports the work of the Division by developing regulations; analyzing legislative proposals; advising inspectional programs regarding enforcement actions; prosecuting civil summonses at administrative hearings at the Office of Administrative Hearings and Tribunals (OATH); and advising programs on new initiatives. We seek a lawyer dedicated to creative use of the law to protect and promote the health of all New Yorkers, a leader who inspires innovative policy ideas, and a manager who equally values their team and the work. DUTIES WILL INCLUDE BUT NOT BE LIMITED TO: • Guide EH rulemaking, including by interpreting newly enacted legislation and analyzing operational implications; collaborate with OGC on drafting and finalizing proposed amendments to the New York City Health Code and agency regulations. • Initiate data-driven, policy assessment of administrative hearing outcomes, efficacy of enforcement, and citation strategies • Evaluate impact of regulatory change, legislative initiatives on Divisional programs. • Act as primary liaison with OATH for operational, data access and legal issues, and provide oversight for EH hearing appearances. • Manage EH administrative hearings appeals process, including review of affirmative appeals, answering respondent appeals, and strategic use of appeals process to support specific program initiatives. • Supervise 2 EH lawyers and the Division Hearing and Regulatory Coordinator, providing legal and project direction and oversight. • Manage tracking system for prioritization and efficient completion of EH Legal projects. • Assisting with legal emergency preparedness and response work. PREFERRED SKILLS: • Motivated legal thinker with demonstrated sound judgment, attention to detail, and analytic skills who thrives in a fast-paced environment. • Excellent written and oral communication skills for both legal and lay audiences, e.g., comfortable writing legal memos, guidance documents for a regulated community, and fact sheets for the general public. • Strong organizational abilities with demonstrated project management skills with multiple simultaneous initiatives. • Previous supervision of legal staff. • Experience in environmental health and public health, as well as administrative hearing, code enforcement and regulatory experience in a public, non-profit or academic setting. • Experience with OATH rules and systems and administrative court procedures. • Demonstrated ability to work in a team environment and collaborate with both legal partners and program or other collaborators not versed in legal procedures and language. Why you should work for us: • Benefits: City employees are entitled to unmatched benefits such as: o a premium-free health insurance plan that saves employees over $10K annually, per a 2024 assessment. o additional health, fitness, and financial benefits may be available based on the position’s associated union/benefit fund. o a public sector defined benefit pension plan with steady monthly payments in retirement. o a tax-deferred savings program and o a robust Worksite Wellness Program that offers resources and opportunities to keep you healthy while serving New Yorkers. Work From Home Policy: Depending on your position, you may be able to work up to two days during the week from home. • Job Security - you could enjoy more job security compared to private sector employment and be able to contribute to making NYC a healthy place to live and work. Established in 1805, the New York City Department of Health and Mental Hygiene (NYC Health Department) is the oldest and largest health department in the U.S., dedicated to protecting and improving the health of NYC. Our mission is to safeguard the health of every resident and cultivate a city where everyone, regardless of age, background, or location, can achieve their optimal health. We provide a wide array of programs and services focused on food and nutrition, anti-tobacco support, chronic disease prevention, HIV/AIDS treatment, family and child health, environmental health, mental health, and social justice initiatives. As the primary population health strategist and policy authority for NYC, with a rich history of public health initiatives and scientific advancements, from addressing the 1822 yellow fever outbreak to the COVID-19 pandemic, we serve as a global leader in public health innovation and expertise. Come join us and help to continue our efforts in making a difference in the lives of all New Yorkers! The NYC Health Department is an inclusive equal opportunity employer committed to providing access and reasonable accommodation to all individuals. To request reasonable accommodation to participate in the job application or interview process, contact Sye-Eun Ahn, Director of the Office of Equal Employment Opportunity, at sahn1@health.nyc.gov or 347-396-6549.

Admission to the New York State Bar; and four years of recent full-time responsible, relevant, satisfactory legal experience subsequent to admission to any bar, eighteen months of which must have been in the supervision of other attorneys, in an administrative, managerial or executive capacity, or performing highly complex and significant legal work. Incumbents must remain Members of the New York State Bar in good standing for the duration of this employment.",,,,not_started,
14d07b37d97f6b76cebb,arbeitnow,Office Assistant (Part Time) - UK,1,(no responsibilities heading detected by rules - read full_posting_text),"Office Assistant (Part Time) - UK

As the
Office Assistant
for Marqeta's London branch, your role will be pivotal in managing the office's requirements. You will be a proactive professional, trusted and respected for handling sensitive information and crucial relationships.
This is a part time role and performed in the office (Tuesday + Thursday) from our London office. We’d love for you to join us!
The Impact You'll have
Order supplies and manage office stock within a budget - drinks, snacks, stationary and equipment as needed.
Ensure the office is tidy and presentable.
Coordinate meeting room bookings.
Collect deliveries.
Support organisation of a variety of events (team meetings, offsites, meals, parties, etc.) within a set budget.
Working with vendors to organise and coordinate office wellness initiatives - Tuesday lunches, office massages.
Promote events within our office building.
Liaise with the building team regarding any issues that might arise.
Provide general support to visitors and manage tracking.
Address employees queries regarding office management issues (e.g. stationery, hardware, travel arrangements).
Provide general office management support and handle various projects as they arise, even unexpectedly.
Manage swag orders and distribution.
Support the organisation of charity initiatives.
Distribute new hire kits and manage stock.
Send communications to the team regarding office updates, events, birthdays, training etc.

Who You Are
Self-motivation, excellent organisation, strong work ethic and a proactive approach.
Flexibility and comfort in a fast-paced, high-intensity, yet informal startup environment.
Proven experience as an Office Manager, Front Office Manager or Administrative Assistant.
Knowledge of office administrator responsibilities, systems, and procedures.
Experience with office management software like MS Office and Google Suite.
Excellent time management skills and ability to multi-task and prioritize work.
Attention to detail and problem-solving skills.
Strong organisational and planning skills in a fast-paced environment.
A creative mind with an ability to suggest improvements.
Fluency in English.

Your Recruiter
Lou Devlin - Linkedin Profile
(no agencies please!)

Typical Process
Application Submission
Recruiter video call
Hiring manager video call
Virtual “Onsite” consisting of 3 x 30 min calls
Offer!

Compensation and Benefits (for Full Time Roles)
Premium Private Medical and Dental coverage
Generous time off program with additional “Floating Holiday days”
Retirement savings program with company contribution
Equity in a publicly-traded company and an Employee Stock Purchase Program
Monthly stipend to support our remote work model
Annual development stipend to support our people's growth and development
Family-forming benefits and up to 20 weeks of Parental Leave
Wellbeing programs i.e. Modern Health, HealthKick and much more…
About Marqeta
Marqeta is on a mission to change the way money moves. We’re one of the earliest enablers of embedded finance, a market opportunity sized up in the trillions. Our card issuing platform provides unprecedented flexibility and control for companies to issue cards, authorize transactions, and manage payment operations in real time. Marqeta is powering the most well known brands in the new economy (Block, Cash App, Affirm, Instacart, Doordash, Uber, Walmart, etc). You don’t need to be a Payments expert to join the Marqeta Team, let us help you with that. This is the opportunity of a lifetime to work with innovators around the world and unlock equitable financial access for all.
Marqeta’s Values
– Solve for the Customer:
With a deep understanding of our customers' business and empathy for their needs, we deliver products and services that drive their success. Earning and keeping their trust guides everything we do.
– Do What's Right:
Knowing businesses and livelihoods depend on us, we pursue solutions that disrupt responsibly and deliver high-quality results that our customers count on. We own our work from start to finish.
– Simplify and Innovate:
We approach challenges with curiosity and take smart risks. Innovation comes from finding better, simpler ways to achieve extraordinary outcomes.
– Win as a Team:
We succeed together by embracing diverse perspectives and pushing each other to raise the bar. We lead with humility and set aside hierarchy to work as a team.
– Make it Count:
We drive forward with focus and agility. With a sense of urgency and purpose, we get the job done, and done right.
Equal Employment Opportunity, Accommodations and Privacy
Marqeta is an equal opportunity employer committed to an inclusive workplace that fosters belonging. We do not discriminate based on race, color, religion, sex (including pregnancy, lactation, childbirth, or related medical conditions), veteran status or uniformed service member status, age, national origin or ancestry, citizenship or immigration status, physical or mental disability, gender identity, gender expression, sexual orientation, genetic information (including testing or characteristics) or any other characteristic protected by applicable law. We also consider qualified applicants with criminal histories, consistent with legal requirements.
Marqeta endeavors to make reasonable accommodations for applicants with disabilities. If you are an individual with a disability and require a reasonable accommodation to submit this application, complete any pre-employment testing, or otherwise participate in the employee selection process, please submit
this form
with your specific accommodation request.
Marqeta cares about your privacy. Personal data that is provided as part of the application and recruitment process is processed in accordance with the
Applicant Privacy Notice
. Additional information for California residents can be found
here
.
To keep our interview process fair and consistent, we ask that all candidates join video interviews with their camera on.
Notice on Use of AI in Recruitment
We may use artificial intelligence (AI) tools in our recruitment processing consistent with the requirements of applicable laws. For more information, review our AI notice
here
.
Find more
English Speaking Jobs in United Kingdom
on Arbeitnow",,,,not_started,
0b2d4a40fa501be8086c,arbeitnow,Customer Success Application Engineer (EMEA),1,"The Application Engineer is a key technical role within the Litmus Customer Success team and is responsible for ensuring successful configuration, deployment, and value realization of Litmus products for customers across EMEA.
The Application Engineer will work with prospective and existing customers during proof-of-concept projects and production implementations, validating requirements, developing best-practice configurations, and delivering technical outcomes that demonstrate measurable business value.
The Application Engineer will also partner closely with Sales Engineers, Account Managers, Product Management, Development, and the Litmus Support Desk to support pre-sales transitions, customer expansion, product feedback, and Level 2 technical support. This role reports to the Director of Technical Delivery.

Validate customer requirements for proof-of-concept and production implementations of Litmus products.
Configure Litmus products during proof-of-concepts, customer pilots, and production deployments.
Lead assigned technical implementation activities and ensure contracted technical responsibilities are delivered successfully.
Develop innovative solution approaches that help customers maximize value from Litmus products.
Maintain and contribute to internal solution libraries, deployment best practices, reusable configurations, and technical documentation.
Provide Level 2 technical support to the Litmus Service Desk, including troubleshooting, root-cause analysis, and customer issue resolution.
Support Sales Engineers and Account Managers with technical architecture reviews, proposal inputs, RFI/RFP responses, demonstrations, and smooth pre-sales-to-implementation handovers.
Provide field feedback to Product Management and Development on customer requirements, market gaps, bugs, and product enhancement opportunities.
Support webinars, customer meetings, partner enablement, value-added reseller discussions, and customer user group activities as required.","Customer Success Application Engineer (EMEA)

Who is Litmus
Litmus is building the data foundation that powers industrial AI.
AI doesn’t work without real-world, contextualized data - Litmus makes that data usable. As AI adoption accelerates, most industrial environments still can’t access or use their operational data. We solve that gap.
We’re a growth-stage software company helping manufacturers access, structure, and use real-time data from machines, systems, and sensors at the edge. Our platform sits at the intersection of edge computing, AI, and industrial operations, enabling some of the world’s largest companies to run operations in real time, reduce downtime, and optimize production.
Backed by leading investors and trusted by global manufacturers and partners like Google, Microsoft, Dell, Oracle, and Mitsubishi, Litmus is powering the shift toward software-defined manufacturing.
Why join Litmus
Build the infrastructure that makes industrial AI possible
AI is moving beyond the cloud and into the physical world. At Litmus, you’ll build the infrastructure that enables real-time data to power AI and machine learning systems in production environments.
Work on problems where software meets the real world
Most AI systems fail without access to real-world data. You’ll build the layer that makes them viable in production. We solve challenges at the intersection of distributed systems, real-time data, and industrial constraints — where reliability, scale, and performance are non-negotiable.
Have real impact, fast
You’ll work on systems used by real customers in production, with direct impact on product and company trajectory. As a scaling company, we move quickly. You’ll have ownership, visibility, and the ability to shape both product and company as we scale.
Join a high-performance team
We’re building a team that holds a high bar and pushes each other to improve. You’ll work alongside experienced operators, engineers, and leaders who have done this before and are building again at scale. We hire people who take ownership, move quickly, and care about outcomes. No passengers.
Our culture
At Litmus, the team is collaborative, curious, and low ego. People are scrappy, take ownership, and look for ways to make an impact. We value empathy just as much as execution, whether that’s in how we build, how we communicate, or how we support each other.
We’re a growing company, so things move quickly and not everything is perfectly defined. If you enjoy figuring things out, working closely with others, and making steady progress, you’ll do well here.
About the Role
The Application Engineer is a key technical role within the Litmus Customer Success team and is responsible for ensuring successful configuration, deployment, and value realization of Litmus products for customers across EMEA.
The Application Engineer will work with prospective and existing customers during proof-of-concept projects and production implementations, validating requirements, developing best-practice configurations, and delivering technical outcomes that demonstrate measurable business value.
The Application Engineer will also partner closely with Sales Engineers, Account Managers, Product Management, Development, and the Litmus Support Desk to support pre-sales transitions, customer expansion, product feedback, and Level 2 technical support. This role reports to the Director of Technical Delivery.
What You’ll Do
Validate customer requirements for proof-of-concept and production implementations of Litmus products.
Configure Litmus products during proof-of-concepts, customer pilots, and production deployments.
Lead assigned technical implementation activities and ensure contracted technical responsibilities are delivered successfully.
Develop innovative solution approaches that help customers maximize value from Litmus products.
Maintain and contribute to internal solution libraries, deployment best practices, reusable configurations, and technical documentation.
Provide Level 2 technical support to the Litmus Service Desk, including troubleshooting, root-cause analysis, and customer issue resolution.
Support Sales Engineers and Account Managers with technical architecture reviews, proposal inputs, RFI/RFP responses, demonstrations, and smooth pre-sales-to-implementation handovers.
Provide field feedback to Product Management and Development on customer requirements, market gaps, bugs, and product enhancement opportunities.
Support webinars, customer meetings, partner enablement, value-added reseller discussions, and customer user group activities as required.
What You’ll Bring
Must Have
Professional experience working in a manufacturing or industrial environment, ideally in an Application Engineering, Manufacturing Engineering, Automation, Controls, Industrial IT/OT, or related technical role.
Hands-on experience implementing or supporting software, infrastructure, automation, IIoT, analytics, or shop-floor solutions in a manufacturing environment.
Strong technical understanding of network protocols, system architecture, Linux-based systems, databases, and customer deployment environments.
Experience with product configuration, technical troubleshooting, and customer-facing implementation or technical support activities.
Working knowledge of scripting or coding using Python, JavaScript, or similar languages.
Understanding of containerized and cloud/hybrid infrastructure technologies such as Docker, Kubernetes, Azure, AWS, or GCP.
Excellent communication skills, with the ability to work directly with customers, internal technical teams, sales teams, and partners.
Self-starter with the ability to work independently as well as collaboratively in a fast-paced, changing environment.
Fluency in German & English
Nice to Have
Experience with Litmus products, industrial data platforms, OPC/UA, PLC/SCADA systems, or edge connectivity use cases.
Exposure to pre-sales support, solution demonstrations, technical proposal review, RFI/RFP participation, or customer expansion activities.
Experience supporting partners, value-added resellers, webinars, customer focus groups, or user-group events.
Ability to translate field observations into clear product feedback, enhancement requests, and best-practice documentation.
Experience working with industrial protocols, connectivity standards, or OT/IT environments.
Enjoys solving complex technical problems, learning new technologies, and helping customers realize measurable business value.
Find
Jobs in Germany
on Arbeitnow",,,,not_started,
55f5a8caeb1de0a5ef8c,nyc_jobs,Community Affairs Organizer,1,(no responsibilities heading detected by rules - read full_posting_text),"Community Affairs Organizer

The Brooklyn Borough President’s Office is seeking a highly motivated and outgoing Community Affairs Organizer. The Community Affairs Organizer reports to the Director of Community Affairs, whose primary role is to identify community needs and develop a strategy for outreach and engagement throughout the borough of Brooklyn to advance the office’s goals and mission. An integral part of this position is the ability to establish, build and maintain relationships with key community-based organizations, government agencies, community boards, non-profit organizations, schools, and faith-based organizations, among others. The candidate must be able to maintain a flexible schedule to work nights and weekends and will perform a wide range of tasks including, but not limited to: • Maintain a proactive approach to community projects. • Research and identify appropriate partners to strengthen community relationships. • Increase the Borough President’s office visibility at community and outreach events. • Conduct meaningful and intentional outreach for activities, including but not limited to parades, holiday events, block parties, marches, tabling, schools, faith-based organizations, and any other organization assigned by the Director. • Report information about community issues, preferences, and needs to Director, key internal stakeholders, and leaders, and develop recommendations to address them. • Build and maintain a database of community partners, organizations, and community leaders. • Implement and maintain document management protocols, including reports and confidential information. • Work on special projects as needed. • Collaborate with other teams within the office on community-related items.

1. A baccalaureate degree from an accredited college and two years of experience in community work or community centered activities in an area related to the duties described above; or 2. High school graduation or equivalent and six years of experience in community work or community centered activities in an area related to the duties as described above; or 3. Education and/or experience which is equivalent to ""1"" or ""2"" above. However, all candidates must have at least one year of experience as described in ""1"" above.

• Strong interpersonal written, verbal, and communication skills with the ability to establish and maintain excellent relationships with others. • Excellent public speaking skills with the capacity to serve as a spokesperson at events on behalf of the Brooklyn Borough President. • Demonstrated ability to work and communicate effectively with people of diverse ethnic, economic, racial, and cultural backgrounds. • Must have the ability to work independently and collaboratively. • Excellent organizational and effective time management skills. • Organized, detail-oriented, and able to multi-task and prioritize duties. • Proficiency in using various Microsoft Office applications such as Word, Excel, PowerPoint, and Outlook; and familiarity with virtual platforms (e.g., WebEx, Zoom, and Microsoft Team). • In addition to English, fluency in a foreign language including Spanish, Mandarin Chinese, Cantonese, Russian, Korean, Haitian Creole, Arabic, Bengali, Hindi, Urdu, Yiddish, or Hebrew is a plus to communicate with members of the community. • Highly motivated and self-directed; capable of seeing projects through from beginning to end. • A strong commitment to the values and vision articulated by the Brooklyn Borough President.",,,,not_started,
563e6c42e3b5851e81d8,nyc_jobs,"Child Care Inspection Supervisor, Bureau of Childcare",1,(no responsibilities heading detected by rules - read full_posting_text),"Child Care Inspection Supervisor, Bureau of Childcare

Open to candidates who filed for PROMOTION TO ASSOCIATE PUBLIC HEALTH SANITARIAN Exam No. 6513 or the Open-Competitive Exam No. 6122 within the filing period From: March 4, 2026 To: March 24, 2026. Multiple-choice testing is expected to begin on Wednesday, May 20, 2026. The Bureau of Child Care ensures that child care services in New York City operate in compliance with the New York City Health Code and New York State Social Service regulations and are licensed or permitted as required by law. The Bureau routinely monitors child care programs to protect the health and safety of children while in the child care environment and actively works to improve and expand access to high quality programs which support early childhood development and learning. The Bureau seeks to hire a Child Care Inspection Supervisor to ensure that child care services throughout New York City operate within regulatory compliance DUTIES WILL INCLUDE BUT NOT BE LIMITED TO: • Assign, supervise and evaluate the work of Child Care Inspectors • Ensure adherence to and enforcement of appropriate regulations, protocols and procedures for the proper conduct of field inspections and monitoring visits • Conduct monitoring (follow-up) visits and accompany staff to programs to evaluate performance as per quarterly supervisory requirements and additionally when needed • Conduct inspections of a special or difficult nature, issue notices of violation, and make recommendations for issuance or denial of child care permits and/or closure of programs having imminent health hazards • Review child care databases and case files for timely, accurate and complete entries • Respond to verbal and written inquiries from the public and other city and state agencies • Train and coach new staff and provide reinforcement training to current staff in Bureau protocols, procedures and regulations PREFERRED SKILLS: • Demonstrated leadership and supervisory abilities • Excellent written and verbal communication skills • Candidate must have a background in environmental health - child care or related field Why you should work for us: - Loan Forgiveness: As a prospective employee of the City of New York, you may be eligible for federal/state loan forgiveness and repayment assistance programs that lessen your payments or even fully forgive your full balance. For more information, please visit the U.S. Department of Education’s website (https://studentaid.gov/pslf/) - Benefits: City employees are entitled to unmatched benefits such as: o a premium-free health insurance plan that saves employees over $10K annually, per a 2024 assessment. o additional health, fitness, and financial benefits may be available based on the position’s associated union/benefit fund. o a public sector defined benefit pension plan with steady monthly payments in retirement. o a tax-deferred savings program and o a robust Worksite Wellness Program that offers resources and opportunities to keep you healthy while serving New Yorkers. - Work From Home Policy: Depending on your position, you may be able to work up to two days during the week from home. - Job Security - you could enjoy more job security compared to private sector employment and be able to contribute to making NYC a healthy place to live and work. Established in 1805, the New York City Department of Health and Mental Hygiene (NYC Health Department) is the oldest and largest health department in the U.S., dedicated to protecting and improving the health of NYC. Our mission is to safeguard the health of every resident and cultivate a city where everyone, regardless of age, background, or location, can achieve their optimal health. We provide a wide array of programs and services focused on food and nutrition, anti-tobacco support, chronic disease prevention, HIV/AIDS treatment, family and child health, environmental health, mental health, and social justice initiatives. As the primary population health strategist and policy authority for NYC, with a rich history of public health initiatives and scientific advancements, from addressing the 1822 yellow fever outbreak to the COVID-19 pandemic, we serve as a global leader in public health innovation and expertise. Come join us and help to continue our efforts in making a difference in the lives of all New Yorkers! Commitment to Equity: The City of New York is an inclusive equal opportunity employer committed to recruiting and retaining a diverse workforce and providing a work environment that is free from discrimination and harassment based upon any legally protected status or protected characteristic, including but not limited to an individual's sex, race, color, ethnicity, national origin, age, religion, disability, sexual orientation, veteran status, gender identity, or pregnancy. The NYC Health Department is an inclusive equal opportunity employer committed to providing access and reasonable accommodation to all individuals. To request reasonable accommodation to participate in the job application or interview process, contact Sye-Eun Ahn, Director of the Office of Equal Employment Opportunity, at sahn1@health.nyc.gov or 347-396-6549.

1. A baccalaureate degree from an accredited college, including or supplemented by 30 semester credits in the physical and/or biological sciences, i.e., biology, botany, chemistry, geology, physics, physiology, and zoology; of which not more than 12 credit hours may be in the applied sciences, i.e., environmental technology, sanitation technology, medical technology, public health, infection control or food service; and at least two years of satisfactory full-time experience performing inspections to assure compliance with pertinent laws, rules and regulations governing the areas of food, drugs and general environmental conditions; or 2. An associate degree from an accredited college, with 15 semester credits in the physical and/or biological sciences, of which not more than 6 credit hours may be in the applied sciences, and 4 years of satisfactory full-time experience as described in ""1"" above; or 3. Education and/or experience equivalent to ""1"" or ""2"" above. However, all candidates must have at least 60 semester credits from an accredited college, including at least 15 semester credits in the physical and and/or biological sciences. Furthermore, to assure compliance with Section 11.112 of the Compilation of the Rules and Regulations of the State of New York (NYCRR) – Title 10 (Health), all candidates must have at least 2 years of experience as a public health sanitarian as described in ""1"" above. 4. A baccalaureate degree from an accredited college, including or supplemented by 30 semester credits in the physical and/or biological sciences, i.e., biology, botany, chemistry, geology, physics, physiology, and zoology; of which not more than 12 credit hours may be in the applied sciences, i.e., environmental technology, sanitation technology, medical technology, public health, infection control or food service; and at least two years of satisfactory full-time experience performing inspections to assure compliance with pertinent laws, rules and regulations governing the areas of food, drugs and general environmental conditions; or 5. An associate degree from an accredited college, with 15 semester credits in the physical and/or biological sciences, of which not more than 6 credit hours may be in the applied sciences, and 4 years of satisfactory full-time experience as described in ""1"" above; or 6. Education and/or experience equivalent to ""1"" or ""2"" above. However, all candidates must have at least 60 semester credits from an accredited college, including at least 15 semester credits in the physical and and/or biological sciences. Furthermore, to assure compliance with Section 11.112 of the Compilation of the Rules and Regulations of the State of New York (NYCRR) – Title 10 (Health), all candidates must have at least 2 years of experience as a public health sanitarian as described in ""1"" above. 7. In order to be eligible for promotion to a supervisory level, candidates must have 2 years of experience as a public health sanitarian, pursuant to Section 11.112 of the Compilation of the Rules and Regulations of the State of New York (NYCRR) – Title 10 (Health). 8. A baccalaureate degree from an accredited college, including or supplemented by 30 semester credits in the physical and/or biological sciences, i.e., biology, botany, chemistry, geology, physics, physiology, and zoology; of which not more than 12 credit hours may be in the applied sciences, i.e., environmental technology, sanitation technology, medical technology, public health, infection control or food service; and at least two years of satisfactory full-time experience performing inspections to assure compliance with pertinent laws, rules and regulations governing the areas of food, drugs and general environmental conditions; or 9. An associate degree from an accredited college, with 15 semester credits in the physical and/or biological sciences, of which not more than 6 credit hours may be in the applied sciences, and 4 years of satisfactory full-time experience as described in ""1"" above; or 10. Education and/or experience equivalent to ""1"" or ""2"" above. However, all candidates must have at least 60 semester credits from an accredited college, including at least 15 semester credits in the physical and and/or biological sciences. Furthermore, to assure compliance with Section 11.112 of the Compilation of the Rules and Regulations of the State of New York (NYCRR) – Title 10 (Health), all candidates must have at least 2 years of experience as a public health sanitarian as described in ""1"" above. 11. In order to be eligible for promotion to a supervisory level, candidates must have 2 years of experience as a public health sanitarian, pursuant to Section 11.112 of the Compilation of the Rules and Regulations of the State of New York (NYCRR) – Title 10 (Health).",,,,not_started,
4104f785e0ac83dab8a3,arbeitnow,Working Student - Operations (f/m/d),1,(no responsibilities heading detected by rules - read full_posting_text),"Working Student - Operations (f/m/d)

At
TYTAN
, we aim to set a global standard in autonomous air defense with AI-driven, cost-efficient systems that counter unmanned aerial threats at scale. We protect people. We protect critical infrastructure. We protect Europe’s sovereignty.
We're looking for a proactive Working Student to support our Operations team in a dynamic, growing environment. You'll help coordinate projects, improve processes, and ensure teams stay aligned while gaining practical experience across production, procurement, and testing activities.
Your Roadmap to make an Impac
t
Support cross-functional projects by gathering, consolidating, and maintaining project data, ensuring clear visibility of progress, open tasks, and potential risks.
Coordinate with production, procurement, and program teams to follow up on open topics, resolve bottlenecks, and ensure smooth communication between stakeholders.
Assist in improving operational processes by identifying inefficiencies, contributing ideas, and supporting the implementation of scalable solutions.
Provide hands-on support in the preparation, coordination, and execution of test campaigns.
Contribute to strategic operations projects, including the development of scalable test planning and verification frameworks and continuous improvement initiatives across the Operations team.
Help maintain project documentation, track action items, and support reporting to ensure timely project delivery.

Currently enrolled in a Bachelor's or Master's degree in Engineering, Business, Operations Management, Supply Chain, or a related field.
Strong organizational skills with the ability to manage multiple tasks and priorities in a fast-paced environment.
Structured and analytical mindset with strong attention to detail.
Excellent communication skills and confidence working with cross-functional teams.
Proactive, hands-on attitude with a willingness to take ownership and follow up on open topics.
Genuine Interest in operations, manufacturing, testing, and continuous process improvement.
Fluent in English; German is a plus.
Why TYTAN?
Build technology with real operational impact:
Develop autonomous defence systems designed to protect lives and strengthen Europe’s security
Shape scalable defence capabilities:
Work on solutions built for mass deployment, cost efficiency, resilience, and reliable production at scale
Contribute to networked air defence:
Help integrate our systems into multi-layered defence architectures alongside sensors, command systems, and effectors
Develop for real-world operations:
Build capabilities together with end users and improve them continuously based on direct operational feedback
Move fast and take ownership:
Work in a focused, high-performance team where decisions are made quickly and individual contributions have immediate impact
Define a new generation of defence technology:
Join early and help shape the products, engineering standards, culture, and direction of a fast-growing deep-tech company
Work with an international mission-driven team:
Collaborate with experienced specialists united by the goal of creating sovereign and effective security capabilities for Europe
Our Benefits
Monthly allowances:
€68/month in flexible benefits including lunch discounts and EGYM Wellpass or shopping credit
Regular health care events:
Health check-ups, skin screenings, mental health workshops, and an annual vitamin infusion on us
Referral bonus:
Earn a reward when someone you refer joins the team
Regular team events:
On- and off-site activities to connect and celebrate together
Corporate discounts:
Exclusive employee discounts across a wide range of partner brands
Flexibility
: Flexible working hours and hybrid work model, plus a modern Munich office built for focus and collaboration
About us
At TYTAN, it is more than just a job; it is about embracing autonomy, personal growth, and purpose. Make a lasting impact in the new era of defense! Join us to create a safer world for all.
WE are an equal-opportunity employer committed to fairness and inclusivity. We do not prioritize any specific religion, gender, nationality, or background. Due to security clearance requirements, affiliations with countries listed under § 13 para. 1 no. 17 SÜG may affect the application process.
Please note that we currently do not offer visa sponsorship, so we’re only able to consider candidates who already have a valid work permit. All qualified applicants are hereby encouraged to apply.
Find more
English Speaking Jobs in Germany
on Arbeitnow",,,,not_started,
68daba4b975c991f0b36,nyc_jobs,Budget Intern,1,• Assist the Budget unit in monitoring capital and expense budgets; • Assist the Lease Enforcement unit in monitoring delinquent tenant accounts; •Monitor inventory usage and consumption for RES.,"Budget Intern

DCAS's mission is to make city government work for all New Yorkers. From managing New York City's most iconic courthouses and municipal buildings, to purchasing over $1 billion annually in goods and services for more than 80 City agencies. What we do ensures that all agencies can deliver on their mission. Our reach touches every facet of City government and is instrumental to the successful day-to-day operations of the City of New York. Our commitment to equity, effectiveness, and sustainability guides our work providing City agencies with the critical resources and support needed to succeed, including: • Recruiting, hiring, and training City employees. • Managing 56 public buildings. • Acquiring, selling, and leasing City property. • Purchasing over $1 billion in goods and services for City agencies. • Overseeing the greenest municipal vehicle fleet in the country. • Leading the City's efforts to reduce carbon emissions from government operations. When you work at DCAS, you're not just working for one agency, but in service to all of them. It's an opportunity to provide meaningful support, quality customer service, and help protect the future of New York City for generations to come. Visit our website at NYC.GOV/DCAS to learn more about the work we do. DCAS Real Estate Services is the real estate arm of the City of New York. They are responsible for the acquisition, disposition and reallocation of the City's real property. DCAS oversees the City's commercial rental and surplus real estate portfolio, and in addition, negotiates and administers City leases of private property for City agency use. This includes overseeing the design and build-out of leased office space, as well as the strategic management of the City's office portfolio, which includes both leased and owned offices. Job Duties: • Assist the Budget unit in monitoring capital and expense budgets; • Assist the Lease Enforcement unit in monitoring delinquent tenant accounts; •Monitor inventory usage and consumption for RES.

For Assignment Level I: Matriculation at an accredited college or graduate school. Employment is conditioned upon continuance as a student in a college or graduate school. For Assignment Level II (Information Technology): Matriculation at an accredited college or graduate school. Employment is conditioned upon continuance as a student in a college or graduate school with a specific course of study in information technology, computer science, management information systems, data processing, or closely related field, including or supplemented by 9 semester credits in an acceptable course of study. For Assignment Level III (Information Technology Fellow): Matriculation at an accredited college or graduate school. Employment is conditioned upon continuance as a student in a college or graduate school with a specific course of study in information technology, computer science, management information systems, data processing, or other area relevant to the information technology project(s) assigned, including or supplemented by 9 semester credits in an acceptable course of study. Appointments to this Assignment Level will be made by the Technology Steering Committee through the Department of Information Technology and Telecommunications. SPECIAL NOTE Maximum tenure for all Assignment Levels in the title of College Aide is 6 years. No student shall be employed more than half-time in any week in which classes in which the student is enrolled are in session. Students may be employed full-time during their vacation periods.

• Pursuing a degree in Accounting or Finance. • Knowledgeable of the New York City real estate market. • Ability to communicate clearly in oral and written form. • Possess strong analytical and problem-solving skills. • Successful candidate should be detail oriented and self-motivated with strong organizational skills. • Proficient computer skills, including advanced Microsoft Office. • Must be flexible; adaptable to shifting priorities and supporting multiple business units. • Must be able to work independently, work well under pressure and manage tight timeframes. • The candidate should possess excellent academic credentials.",,,,not_started,
be1b0255a559ee527bc9,arbeitnow,Founders Associate - CEO Office (m/f/d) - AI health-tech,1,(no responsibilities heading detected by rules - read full_posting_text),"Founders Associate - CEO Office (m/f/d) - AI health-tech

🎤 Founders Associate - a letter from the person you'd work with
Most job ads are written by no one, for everyone. I want to do this differently.
I'm
Marius
, Chief of Staff at voize. This role reports to me, and whoever takes it will work more closely with me than anyone else in the company. So instead of a template, here's what this job is, how I work, and how you can decide whether you'd want to work with me.
💡 What this job actually is
voize is growing fast, and fast-growing companies produce a specific kind of work: topics that matter but belong to no one. A new market needs operational groundwork. An org-wide process needs to be built. A decision needs a sharp analysis behind it. We're building a CEO Office to own exactly this work. You'd be its first hire.
I’ll be honest about the range. One week you’re working on a question that I and the rest of the management team will decide the company’s direction on. The next you're doing operational groundwork nobody will ever applaud. Both matter equally, it's the nature of building an early-stage company. If you need every task to feel glamorous, stop reading here. If ""done"" is your favorite word, keep going.
To make it concrete, your first months could look like this: you own the operational groundwork for one of our new markets end-to-end - research, vendor and partner setup, local operations - until things simply run. And you build one company-wide process from scratch, for example how cross-functional projects get scoped, prioritized, and tracked, and roll it out across the org. Different altitude, same job: you drive it to done.
🚀 How I work
I give trust and autonomy by default. The way I see my job as a manager: set goals you can actually reach, give you the resources to get there, unblock you when you're stuck, teach you what I know - and then get out of the way. I care about outcomes, not hours.
The flip side: you'll get a lot of freedom and little oversight. That's a gift if you work autonomously, and a problem if you don't. Autonomy doesn't mean silence, though. I expect you to ask for help early, not after something has quietly derailed.
I'm very opinionated and direct. You'll always know where you stand with me, and I expect the same back - including telling me when you think I'm wrong.
🎯 What I look for
Your background matters less than your pattern. You might come from consulting, VC, a startup, or something you built yourself. What I care about is this: you take ownership before anyone assigns it. You can be dropped into a topic you know nothing about and produce clarity within days. You hold a high bar for your own work without anyone checking. You ask a sharp question early instead of defending a wrong assumption late. And pace gives you energy instead of draining it.
If you read that and felt recognized rather than impressed - good sign.
🌱 Why voize
The care crisis is one of the most existential problems we face: fewer and fewer people caring for more and more of us. We build something that genuinely helps - over 200,000 caregivers use voize to win back time for people instead of paperwork. Purpose usually comes at the price of ambition. Not here. We combine real impact with high ambition and high speed, and that combination is rare. We raised a $50m Series A from leading investors like Balderton and HV end of last year and there is a lot ahead of us.
🤝 The deal
This job will be intense, and it will be fun. You'll get more exposure in your first year than most roles offer in five - to the CEO, me, the rest of the management team, and every part of the company. I'll invest in your growth personally. And the role isn't fixed: you'll shape it into what you want it to become.
If you read this and think this is for you, please apply no matter who you are or what background you have! I want to meet you 🫶
Marius
Find more
English Speaking Jobs in Germany
on Arbeitnow",,,,not_started,
1df980408a2da22c4082,nyc_jobs,Senior Rackets Investigator,1,"- Conduct thorough and professional investigations in a discreet manner as assigned. - Execute search warrants and effect arrests. - Participate in court-ordered electronic eavesdropping. - Mentor and assist junior investigators when appropriate. - Continuing case management and review. - Provide on-going status updates to the D/C and Chief Detective Investigator. - Ability to access and utilize various computer databases. - Ability to liaison with other law enforcement agencies and government and financial institutions. - Assist investigators and Assistant District Attorneys in preparation for court proceedings. - Testify before grand or petit juries regarding investigations. - Conduct complex and highly confidential investigations and relevant research. - Assist and mentor investigators in the use of electronic and technical equipment (e.g., Audio equipment, plate reader, LoJack tracking device, mobile digital terminals, and surveillance photographic equipment). - Prepare reports and maintains records of activities and investigations. - Participate in protective details and locate, transport, and protect witnesses. - Assist and mentor Rackets Investigators, suggest work methods; monitor progress and prepare and review reports Participate in extraditions and related travel.","Senior Rackets Investigator

The Office of the District Attorney, Bronx County (“BXDA”) is charged with the twin goals of ensuring public safety and striving for equal justice for the over 1.4 million members of the Bronx County community. By “Pursuing Justice with Integrity,” the BXDA places a focus on assistance for crime victims while simultaneously ensuring fairness to defendants. Moreover, the BXDA aims to balance the need to seek appropriate punishment for certain crimes while recognizing when punitive measures do not adequately advance justice. By recognizing these significant distinctions and acting accordingly, BXDA has established a standard of excellence in the representation of the Bronx community at large, which continues to grow stronger every day. In furtherance of this mission, the BXDA seeks experienced and enthusiastic Senior Rackets Investigator. The Senior Investigator is responsible for conducting a wide variety of investigations. Job Responsibilities: - Conduct thorough and professional investigations in a discreet manner as assigned. - Execute search warrants and effect arrests. - Participate in court-ordered electronic eavesdropping. - Mentor and assist junior investigators when appropriate. - Continuing case management and review. - Provide on-going status updates to the D/C and Chief Detective Investigator. - Ability to access and utilize various computer databases. - Ability to liaison with other law enforcement agencies and government and financial institutions. - Assist investigators and Assistant District Attorneys in preparation for court proceedings. - Testify before grand or petit juries regarding investigations. - Conduct complex and highly confidential investigations and relevant research. - Assist and mentor investigators in the use of electronic and technical equipment (e.g., Audio equipment, plate reader, LoJack tracking device, mobile digital terminals, and surveillance photographic equipment). - Prepare reports and maintains records of activities and investigations. - Participate in protective details and locate, transport, and protect witnesses. - Assist and mentor Rackets Investigators, suggest work methods; monitor progress and prepare and review reports Participate in extraditions and related travel. Requirements: - The ideal candidate must have a valid certificate of completion from a New York State Basic Course for Police Officers academy or must be eligible to attend and complete a Police Officer Refresher course. - All applicants must possess a valid NY State driver’s license and be able to work evenings, weekends, and holidays as necessary. - Must pass a psychological and physical exam and a background check. - Must be qualified to Carry a Firearm. - Prior experience working within the New York City criminal justice system and/or experience as a police officer within the State of New York is a plus. - Extensive knowledge and investigative experience in one or more of the following areas is preferred: homicides, robberies, grand larceny, financial crimes, fraud, and identity theft. - As per NY Public Officers Law 2, §3-B, U.S. citizenship required. Please Note: This is a sworn police officer position which requires an experienced candidate. The candidate must meet all qualifications to be certified, as a police officer, in the NYS DCJS Police registry. This position requires the successful completion of police academy training in New York State and requires applicants to pass a mandatory background check to carry a firearm.

1. Graduation from high school or its equivalent and three years of full-time, paid experience in police enforcement or investigative work, one year of which must have been in rackets or police investigative work. 2. Education and/or experience which is equivalent to ""1"". However, all candidates are required to have one year of full-time, paid experience in rackets or police investigative work.",,,,not_started,
56c9cb0250807bd7024b,nyc_jobs,Special Officer,1,(no responsibilities heading detected by rules - read full_posting_text),"Special Officer

The New York County District Attorney's Office (DANY) has an opening for a Special Officer in its Investigation Bureau. In this position, under supervision the Special Officer is responsible for providing physical security, safety, and maintenance of order in the office. This position is similar to that of a peace officer which requires you to pass a mandatory background check to carry a firearm and possess a valid New York State Peace Officer certification. Please note: Only candidates who are permanent in title or reachable on the Open-Competitive list may apply Responsibilities include but are not limited to: • Patrols designated areas of assigned locations. Maintain the safety, security, and control of the building at all times. • Screens employees and visitors. Prevent unauthorized access/trespassers into the building. • Provide routine information to visitors and directs them to proper locations throughout the DANY campus. • Control access to the building and verify identification. • Complete accurate reports by recording observations, information, and occurrences as required. • Alert management of anything suspicious and notify emergency services, if necessary. • Preserve the peace and safeguard life and property against fire, vandalism, theft etc. • Operates, and monitor security equipment. Reports equipment maintenance or repair needs. • Discourage and ejects loiterers and disorderly persons. When appropriate, arrests and issue summonses to law violators on premises. • In the temporary absence of the supervisor, perform the supervisor’s duties. • Working on special projects and tasks as assigned. • Must be willing to work flexible hours. In addition to the Minimum Qualification Requirements, candidates must possess the following: • Must possess a minimum of four (4) years of relevant experience. • Must possess a valid New York State Peace Officer certification, which must be maintained for the duration of employment. • Firearms qualification required. • Must pass a medical exam, drug test, psychological screening, and an intensive background check. • As per NY Public Officers Law 2, §3-B, U.S. citizenship required. Preferred Requirements/Skills: • Prior security, law enforcement or criminal justice experience. • Excellent interpersonal, organizational, and communication skills required. • Familiarity in Microsoft Word, Excel, and Access. • Ability to work with frequent interruptions and adapt to changes in workflow. • Ability to work independently and manage multiple short-term projects. • Ability to follow directions and apply proper policies, procedures, and guidelines. • Strong attention to detail and high concern for data accuracy. • Dependable team player who works collaboratively and cooperatively with staff in a team-oriented environment. • Must be able to perform under pressure in a fast-paced environment, detail oriented, self-motivated, and able to multi-task. • Ability to interact with all levels of staff and other law enforcement agencies. How To Apply: • Apply with a Cover Letter & Resume. Candidates must be available to work one of the following shifts: • 8:00 AM – 4:00 PM • 10:00 AM – 6:00 PM • 4:00 PM – 12:00 AM • 6:00 PM – 2:00 AM Flexibility is essential. Weekend availability may be required based on business needs. License Requirement for Certain Positions • A motor vehicle driver license valid in the State of New York is required for appointment to positions in certain agencies. If required, this license must be maintained for the duration of employment.

1. A four-year high school diploma or its educational equivalent approved by a state's department of education or a recognized accrediting organization; and 2. Individuals serving in this title are designated as Peace Officers by the New York State Criminal Procedure Law. Therefore, all candidates must be qualified to serve as Peace Officers. Incumbents must satisfy the training requirements established by the State of New York for Peace Officers and obtain certification. Once obtained, this certification must be maintained for the duration of employment.",,,,not_started,
9adaeee050c4ec5d83dd,arbeitnow,Working Student Recruiting (m/f/d),1,"As a Working Student in talent acquisition at OKAPI:Orbits, you play an
active role in finding the right talent
for our team, which builds SaaS solutions covering the entire satellite lifecycle. You support our Operations team in day-to-day operations, help keep the application process running smoothly, and make sure new colleagues get the best possible start with us. This includes maintaining an overview of all open positions, ensuring a smooth handover of candidates between stages and coordinating interview slots with different departments.

Supporting the
execution of 1st interviews to assess company culture fit
Monitoring and coordinating
the interview process to keep deadlines on track and all stakeholders informed
Preparing onboarding documentation for new hires
Processing and evaluating
application questionnaires
with support of Claude as part of the recruiting process
Supporting the
preparation of 2nd interview commercial/technical challenges
for candidates
Coordinating scheduling
between candidates and hiring teams with Microsoft Bookings
Ensuring timely
processing of candidates in our HR software Personio
Supporting the recruiting team with general administrative tasks","Working Student Recruiting (m/f/d)

Your mission
As a Working Student in talent acquisition at OKAPI:Orbits, you play an
active role in finding the right talent
for our team, which builds SaaS solutions covering the entire satellite lifecycle. You support our Operations team in day-to-day operations, help keep the application process running smoothly, and make sure new colleagues get the best possible start with us. This includes maintaining an overview of all open positions, ensuring a smooth handover of candidates between stages and coordinating interview slots with different departments.
Your tasks and responsibilities
Supporting the
execution of 1st interviews to assess company culture fit
Monitoring and coordinating
the interview process to keep deadlines on track and all stakeholders informed
Preparing onboarding documentation for new hires
Processing and evaluating
application questionnaires
with support of Claude as part of the recruiting process
Supporting the
preparation of 2nd interview commercial/technical challenges
for candidates
Coordinating scheduling
between candidates and hiring teams with Microsoft Bookings
Ensuring timely
processing of candidates in our HR software Personio
Supporting the recruiting team with general administrative tasks
Your profile
Must-haves:
Completed Bachelor's degree (HR, Psychology, Legal, Business or related), or at least 2 years of experience as a working student
Available onsite in Braunschweig, ideally 20 hours per week, starting immediately
Structured, reliable and detail-oriented way of working with sensible information
Excellent communication skills in German and English
Confident use of MS Office (Sharepoint, Bookings)
Excellent communication skills
Nice-to-haves:
Initial experience in HR
, recruiting or people operations
Recruiting experience in
high-pace companies with deep-tech products

Experience with German (and Spanish) labour law
Why us?
Real impact:
Your decision influence the developement of OKAPI:Orbits directly.
Learning culture:
You work with experienced engineers and product experts who support your growth and give you space to explore.
Flexible working model:
Working student contract with flexible hours that fit your studies
Exciting domain:
Be part of a European
NewSpace startup
working on SSA, STM and collision avoidance.
30 vacation days
per year
Regular
after-work activities
and
Team Events
, such as ""Flavors of.."", Summer & Christmas Events
Subsidized
Hansefit membership
Free German course

Find more
English Speaking Jobs in Germany
on Arbeitnow",,,,not_started,
3b6214df01e1277e6efd,arbeitnow,"Engineering Manager, Rapid Response Assignment (UK)",1,"We’re looking for an Engineering Manager to lead our Rapid Response organization - regionally-based teams in the US, UK, and APAC that keep our customers unblocked around the clock. You’ll manage engineering teams of senior ICs directly, set the technical and operational bar for the group, and make sure work is prioritised correctly across a demanding mix of urgent and long-term needs.

This team sits at the intersection of Engineering, Customer Success, and Sales. Your teams handle urgent pre-sales requests, urgent customer issues, and other customer-driven feature requests, alongside the backend maintenance and integration work that keeps the platform stable. You’ll need to be equally comfortable setting engineering standards, coaching engineers, and triaging competing priorities across time zones.
This is a 100% remote role, with preference for candidates located in Cheltenham, UK

Manage and grow engineering teams based in the US, UK, and APAC, providing hands-on people leadership, coaching, and career development

Set priorities across urgent pre-sales requests, urgent customer issues, customer feature requests, and backend maintenance/integration work, balancing reactive and proactive work

Ensure continuous, follow-the-sun coverage for urgent customer and pre-sales needs across time zones

Partner closely with Customer Success and Sales leadership to understand customer and deal-critical needs and translate them into engineering plans

Partner with Product and other Engineering teams to ensure customer-driven work is integrated into the broader platform roadmap

Own the team's engineering quality bar, including code quality, root-cause practices, and long-term fixes over one-off patches

Drive hiring, onboarding, and performance management across all three regional teams

Establish and refine on-call, escalation, and incident response processes for the team

Report on team health, throughput, and customer outcomes to engineering and company leadership

Remove blockers for your teams and stay close enough to the technical work to make credible calls under pressure","Engineering Manager, Rapid Response Assignment (UK)

Engineering Manager, Rapid Response Assignment - UK

Location: Remote (Cheltenham, UK)

Team: Product & Engineering

Employment Type: Full-Time

About VulnCheck

Exploitation prevention is only as strong as the intelligence driving those efforts, and most of the industry is still running on intelligence that lacks exploit context. VulnCheck, The Exploit Intelligence Company, delivers structured exploit intelligence on what is actively weaponized in the wild, purpose-built for the data lakes, ETL pipelines, automation, and AI and LLM workflows your infrastructure already runs on, raising the capability of everything it powers.

About the Role

We’re looking for an Engineering Manager to lead our Rapid Response organization - regionally-based teams in the US, UK, and APAC that keep our customers unblocked around the clock. You’ll manage engineering teams of senior ICs directly, set the technical and operational bar for the group, and make sure work is prioritised correctly across a demanding mix of urgent and long-term needs.

This team sits at the intersection of Engineering, Customer Success, and Sales. Your teams handle urgent pre-sales requests, urgent customer issues, and other customer-driven feature requests, alongside the backend maintenance and integration work that keeps the platform stable. You’ll need to be equally comfortable setting engineering standards, coaching engineers, and triaging competing priorities across time zones.
This is a 100% remote role, with preference for candidates located in Cheltenham, UK

What You’ll Do

Manage and grow engineering teams based in the US, UK, and APAC, providing hands-on people leadership, coaching, and career development

Set priorities across urgent pre-sales requests, urgent customer issues, customer feature requests, and backend maintenance/integration work, balancing reactive and proactive work

Ensure continuous, follow-the-sun coverage for urgent customer and pre-sales needs across time zones

Partner closely with Customer Success and Sales leadership to understand customer and deal-critical needs and translate them into engineering plans

Partner with Product and other Engineering teams to ensure customer-driven work is integrated into the broader platform roadmap

Own the team's engineering quality bar, including code quality, root-cause practices, and long-term fixes over one-off patches

Drive hiring, onboarding, and performance management across all three regional teams

Establish and refine on-call, escalation, and incident response processes for the team

Report on team health, throughput, and customer outcomes to engineering and company leadership

Remove blockers for your teams and stay close enough to the technical work to make credible calls under pressure

What You’ll Bring

5+ years of experience managing software engineers, ideally across distributed or multi-region teams

Experience in cybersecurity, vulnerability management, or threat intelligence

Prior experience as a senior or staff software engineer, with credibility to engage in technical discussions and unblock your team

Experience managing customer-facing, support, sustaining, or reliability engineering teams

Proven ability to prioritize and sequence competing demands—urgent customer issues, pre-sales asks, and longer-term maintenance work

Experience managing teams across multiple time zones and regions, with strong async communication habits

Solid understanding of backend systems, APIs, distributed systems, and cloud infrastructure (AWS preferred)

A customer-obsessed mindset and a track record of turning technical challenges into strong customer outcomes

Excellent communication skills, with the ability to work effectively with customers, Sales, Customer Success, and other Engineering teams

Experience working with data pipelines, ETL systems, or high-volume data processing is a plus

Preferred Qualifications

Prior experience managing a customer reliability, sustaining, support, or escalation engineering function

Familiarity with CVE, NVD, KEV, or exploit intelligence datasets

Experience supporting pre-sales or deal-critical technical requests

Background in high-growth or startup environments

What We Offer

We believe people do their best work when they feel supported, trusted, and valued. VulnCheck offers benefits designed to meet a wide range of needs and lifestyles, tailored to your country of employment:

Generous, flexible time off

Retirement/pension plan contributions (e.g., 401k with match in the US; local pension schemes elsewhere)

Comprehensive healthcare coverage

Generous paid parental leave

Remote-friendly environment with flexibility

Support for home office costs (phone & internet)

Ongoing professional development, coaching, and learning resources

Opportunities for career advancement within a fast-growing team

Specific benefit details vary by country and are confirmed during the offer process.

Why Join Us

Built on over two decades of cybersecurity experience, our team of experts understands the intricacies of vulnerabilities, their exploitation in the wild, and how to leverage this data to build more effective cybersecurity products that produce better outcomes for organizations.

VulnCheck gives organizations a tactical advantage by providing best-in-class exploit & vulnerability intelligence information. We have a sense of duty to protect the critical infrastructure we rely on including medical devices, power grids and telecommunication networks. We were founded in 2021 in Lexington, Massachusetts.

VulnCheck has a transparent, collaborative, and supportive culture - we are looking for people who have a growth mindset, are curious and innovative. Our team is smart, but humble, hardworking, and supportive.

VulnCheck is proud to be an Equal Employer Opportunity employer. We do not discriminate based upon race, religion, color, national origin, gender (including pregnancy, childbirth, or related medical conditions), sexual orientation, gender identity, gender expression, age, status as a protected veteran, status as an individual with a disability, or other applicable legally protected characteristics. VulnCheck is committed to working with and providing reasonable accommodations to applicants with physical and mental disabilities. *Even if your experience doesn’t perfectly align with the job description, we encourage you to apply—we value potential just as much as a perfect resume.

Find more
English Speaking Jobs in United Kingdom
on Arbeitnow",,,,not_started,
10c829e5b8226b55a98f,nyc_jobs,Hearing Representative – Division of Adjudications,1,"Under the Deputy Director and Director’s supervision, the selected candidate’s responsibilities will include representing HPD at informal hearings/reviews held at HPD’s Appeals unit.

• Handling appeals from receipt to completion, including working with appellants and the various agency units, appellants and representatives to request and review all relevant documents. Taking timely steps to pre-resolve appeals or assign appeals independently as needed. • Reviewing casefiles and determining potential procedural and mailing issues, proper standing and timeliness of cases. Alerting supervisors of lateness for untimely cases or requesting supporting documentation, making income and other calculations as needed. • Independently reviewing case files for relevant evidence pertaining to HPD's actions and creating a timeline of events to clearly demonstrate the facts and events leading to HPD's decision, assessing the decision and its compliance with rules, policies and HPD’s Administrative Plan. • Ensuring timely preparation of cases for hearing/review and presenting exhibits and arguing in support of the agency's decision or action at the informal hearings/reviews and explaining those steps and documents in a clear fashion at informal hearings/reviews. • Working with Unit staff to ensure cases are calendared, scheduled and entered correctly in the Appeal Tracking Database. Working with staff to ensure correct and timely mailing of correspondence and decisions. • Responding to inquiries from participants/applicants and their representatives, agency staff and the general public via phone and written corresponndence. Reviewing, entering and/or updating information related to the appeallants’ cases in the Appeals Tracking Database and other programs and databases such as Elite, Outlook and Expertly. • Presenting cases to the Appeals Unit as needed for internal discussions and to HAS for review and discussion. • Sending pre-resolve or reinstatement e-mails to senior staff within HAS for cases that may be able to be resolved without a hearing or review • Responding to inquiries that are received via mail, fax, or e-mail from staff within HAS as well as external parties such as attorneys, POA, case workers, etc. • Serving as a liasion between the Program, the Appeals Unit and other relevant internal or external parties on hearing logistics and relevant issues. • Independently managing own caseload and assignment of cases to other team members as needed. Assisting with training and mock hearings/second seating of current and incoming Appeals staff if needed or due to staff shortages. • Making recommendations to supervisors and leadership on ways to improve Appeals unit functions and case management. • Working on special projects, as needed, which may working on initiatives that result from Agency or Division priorities and strategic plans. Preferred Skills The ideal candidate has a proven interest in affordable housing and will be an inquisitive problem-solver who is eager to grow into new responsibilities, can understand multiple affordable housing domains, and quickly gain a broad understanding of relevant HPD Divisions, with the following skills: • Strong communication and interpersonal skills; ability to convey data analysis or other complex concepts to colleagues with a variety of skillsets, strengths, and perspectives • Ability to multi-task with high volume workload • Data enthusiast with a passion for using data to improve government processes and services • Collaborative team player with the ability to also drive things forward independently • Exceptional project management, organizational, analytical, quantitative and qualitative skills • Strong attention to detail Please submit a cover letter as part of your application. Additional Information The City of New York is an inclusive equal opportunity employer committed to recruiting and retaining a diverse workforce and providing a work environment that is free from discrimination and harassment based upon any legally protected status or protected characteristic, including but not limited to an individual's sex, race, color, ethnicity, national origin, age, religion, disability, sexual orientation, veteran status, gender identity, or pregnancy.","Hearing Representative – Division of Adjudications

About the Agency: The Department of Housing Preservation and Development (HPD) oversees housing standards across all 3.7 million homes in New York City. As the nation’s largest municipal housing agency, HPD is responsible for building and preserving affordable housing, protecting tenants from harassment and displacement, and holding landlords accountable across the five boroughs. Under Commissioner Dina Levy and the Mamdani Administration, HPD is pursuing an ambitious housing agenda focused on the needs of New York’s tenants. With a broad set of tools including standards enforcement, tenant resources, and the creation of new affordable housing, HPD is committed to making New York City a more affordable place for renters and homeowners alike. Your Team The Community Coordinator, in the capacity of serving as Hearing Representative, will be a key member of the Division of Adjudications (Division), within the newly centralized Office of Compliance & Risk Management (CRM). The Division consists of the Appeals and the Mitchell-Lama Hearings Units. The Office of Housing Access and Stability (“HAS”) consists of the divisions of Housing Opportunity, Tenant and Owner Resources, Housing Stability, Budget and Program Operations, and Program Policy and Innovation. The mission of the office is to ensure fair, efficient, and transparent access to affordable housing. The Office provides subsidies, placement services, and tools that connect New Yorkers to affordable housing and ensures vulnerable households in subsidized housing have the support they need to be safely housed. Housing Access is committed to expanding housing choices, affirmatively furthering fair housing, and stabilizing the financial health of buildings. The Division of Tenant and Owner Resources (DTOR), within HAS, is responsible for the administration of rental subsidy programs that serves over 45,000 households and 9,000 landlords in all five boroughs. These programs include the Housing Choice Voucher (HCV), Project Based Voucher (PBV), Moderate Rehab Section 8, Moderate Rehab Single Room Occupancy (SRO), and Continuum of Care (CoC)/Shelter Plus Care (SPC), NYC 15/15, Housing Access Voucher Program (HAVP), City HAP and HOME Tenant-Based Rental Assistance (HOME TBRA). The largest program administered is the federal Section 8 or HCV program, which provides funding to eligible low-income families for rental assistance toward decent, safe, and affordable housing in a neighborhood of their choice. Families pay approximately 30% of their income toward rent, and the NYC Department of Housing Preservation and Development (HPD) pays the difference, directly to the owner. The unit must have a rent that is determined reasonable and affordable by HPD and must meet federal Housing Quality Standards (HQS) to be approved. The Section 8 rent subsidy program funded and monitored by the Department of Housing and Urban Development (HUD) is the primary rental subsidy program administered by HPD. The Appeals Unit conducts federally mandated informal hearings and reviews, which are the mechanisms through which Section 8 and other HPD administrated rental subsidy program participants and applicants may appeal decisions made by HAS in relation to their participation or application for assistance in the respective rental subsidy program. The Mitchell-Lama Hearings Unit tries and settles cases arising from matters lodged by managing agents of housing complexes governed by Mitchell-Lama rules and regulations and helps ensure that building owners and managing agents uphold their obligations under the program. The Division of Housing Supervision, within HPD’s Office of Asset & Property Management (APM), oversees the Mitchell-Lama program, which includes approximately 45,000 units that provide affordable rental and cooperative homeownership opportunities to families with moderate and middle incomes. Your Impact As a Hearing Representative for the Division, you will bolster effective workflow and communications for the Appeals Unit, prepare documents and exhibits to be presented at informal hearings and informal reviews concerning terminations and denials of assistance, requests for reasonable accommodations, and other petitions arising from the various rent subsidy programs administered by HPD. As a Hearing Representative, you will be part of a talented team of other hearing representatives, attorneys and administrative support staff who provide critical legal services to the Agency as it executes the agency’s affordable housing responsibilities. Your Role: Under the Deputy Director and Director’s supervision, the selected candidate’s responsibilities will include representing HPD at informal hearings/reviews held at HPD’s Appeals unit. Your Responsibilities: • Handling appeals from receipt to completion, including working with appellants and the various agency units, appellants and representatives to request and review all relevant documents. Taking timely steps to pre-resolve appeals or assign appeals independently as needed. • Reviewing casefiles and determining potential procedural and mailing issues, proper standing and timeliness of cases. Alerting supervisors of lateness for untimely cases or requesting supporting documentation, making income and other calculations as needed. • Independently reviewing case files for relevant evidence pertaining to HPD's actions and creating a timeline of events to clearly demonstrate the facts and events leading to HPD's decision, assessing the decision and its compliance with rules, policies and HPD’s Administrative Plan. • Ensuring timely preparation of cases for hearing/review and presenting exhibits and arguing in support of the agency's decision or action at the informal hearings/reviews and explaining those steps and documents in a clear fashion at informal hearings/reviews. • Working with Unit staff to ensure cases are calendared, scheduled and entered correctly in the Appeal Tracking Database. Working with staff to ensure correct and timely mailing of correspondence and decisions. • Responding to inquiries from participants/applicants and their representatives, agency staff and the general public via phone and written corresponndence. Reviewing, entering and/or updating information related to the appeallants’ cases in the Appeals Tracking Database and other programs and databases such as Elite, Outlook and Expertly. • Presenting cases to the Appeals Unit as needed for internal discussions and to HAS for review and discussion. • Sending pre-resolve or reinstatement e-mails to senior staff within HAS for cases that may be able to be resolved without a hearing or review • Responding to inquiries that are received via mail, fax, or e-mail from staff within HAS as well as external parties such as attorneys, POA, case workers, etc. • Serving as a liasion between the Program, the Appeals Unit and other relevant internal or external parties on hearing logistics and relevant issues. • Independently managing own caseload and assignment of cases to other team members as needed. Assisting with training and mock hearings/second seating of current and incoming Appeals staff if needed or due to staff shortages. • Making recommendations to supervisors and leadership on ways to improve Appeals unit functions and case management. • Working on special projects, as needed, which may working on initiatives that result from Agency or Division priorities and strategic plans. Preferred Skills The ideal candidate has a proven interest in affordable housing and will be an inquisitive problem-solver who is eager to grow into new responsibilities, can understand multiple affordable housing domains, and quickly gain a broad understanding of relevant HPD Divisions, with the following skills: • Strong communication and interpersonal skills; ability to convey data analysis or other complex concepts to colleagues with a variety of skillsets, strengths, and perspectives • Ability to multi-task with high volume workload • Data enthusiast with a passion for using data to improve government processes and services • Collaborative team player with the ability to also drive things forward independently • Exceptional project management, organizational, analytical, quantitative and qualitative skills • Strong attention to detail Please submit a cover letter as part of your application. Additional Information The City of New York is an inclusive equal opportunity employer committed to recruiting and retaining a diverse workforce and providing a work environment that is free from discrimination and harassment based upon any legally protected status or protected characteristic, including but not limited to an individual's sex, race, color, ethnicity, national origin, age, religion, disability, sexual orientation, veteran status, gender identity, or pregnancy. Note: This position is eligible for remote work up to two days per week, pursuant to the Remote Work Pilot Program agreed to between the City and DC37.

1. A baccalaureate degree from an accredited college and two years of experience in community work or community centered activities in an area related to the duties described above; or 2. High school graduation or equivalent and six years of experience in community work or community centered activities in an area related to the duties as described above; or 3. Education and/or experience which is equivalent to ""1"" or ""2"" above. However, all candidates must have at least one year of experience as described in ""1"" above.",,,,not_started,
013cb5431128103bc44c,nyc_jobs,Deputy Borough Director,1,(no responsibilities heading detected by rules - read full_posting_text),"Deputy Borough Director

The Agency You’ll Join: The New York City Mayor’s Office is responsible for overseeing city services throughout the five boroughs, coordinating public agencies and departments, and managing public property. The administration is leading the fight in making the city more affordable, reducing inequality, improving public safety, ensuring delivery of efficient and effective services, and working to make New York City’s economy stronger. We value leadership, transparency, fairness, and efficiency as we actively seek diverse talents from various sectors to join our team. For current job opportunities, visit our careers page. The Team You’ll Work With: The Mayor’s Office of Mass Engagement (OME) is responsible for strategizing, coordinating, and executing on engagement that reaches the masses of everyday New Yorkers. We engage New Yorkers in shaping policy outcomes, demystifying government, and ensuring that the government remains accountable to serving the people of this great City. Our work is designed as a long-term project – we are building the power of everyday New Yorkers, and we are building a City that works for all of us. The Problems You’ll Solve: The Deputy Borough Director will: • Maintain key relationships and track high-level issues in the borough. • Work with other staff to help identify and maintain organizing opportunities in the borough. • Manage a team of people who are building layers of engagement throughout the borough. • Attend relevant civic, community board, and community meetings. • When relevant, ensure there is follow-up on constituent cases. • In emergency situations, Borough Deputy Directors might be asked to be on the scene to represent the Mayor’s Office. Emergency situations include, but are not limited to, blackouts, tragic deaths, high-profile crimes, fires where people are impacted, and water main breaks or street collapses where people are evacuated from their homes. • Coordinate with citywide liaisons to move Office of Mass Engagement initiatives forward with the borough team of organizers and specialists. • Providing additional support as necessary. About You: • You are a committed organizer, passionate about ensuring that the public is able to meaningfully engage in the development and implementation of government policies and processes. • You are a motivated self-starter. • You are passionate and knowledgeable about the Bronx. • You are a kind and effective manager. • You are an enthusiastic collaborator.

• Bachelor’s Degree required. • 3+ years of experience.

• You can build and maintain a wide array of working relationships. • You have excellent management skills. • You can stay calm under pressure, including at public events, in case of emergencies. • You have an excellent eye for identifying and developing leadership.",,,,not_started,
5e3441edc7e25b376050,arbeitnow,Enterprise AI adoption lead (UK),1,"WRITER is looking for a customer success professional who will own deployment and activation success across a customer portfolio. You'll embed deeply into your customers' organizations, understand their business objectives, and build the programs, communities, and frameworks that turn AI investment into measurable outcomes. You'll partner closely with a Transformation lead to identify the right WRITER capabilities for each use case, then design and execute the strategies that drive meaningful adoption: building champion networks, running customized workshops, and advising customers on how to scale their AI programs over time.
The ideal candidate brings a builder's mindset to customer success: you're not waiting for customers to engage, you're creating the conditions for it.
This is a hybrid role based in our London hub.

Own activation and platform success
Deeply understand each customer's specific use cases, business objectives, and success metrics
Build and co-develop custom AI solutions with customers, translating their specific use cases into workflows that drive measurable business impact
Design and execute activation strategies that drive measurable platform adoption and business outcomes
Implement champion programs, office hours, usage dashboards, customized trainings, and workshops
Build champion communities
Create advocate networks and champion communities within customer organizations
Establish power user communities that drive peer-to-peer learning
Train internal customer trainers to scale enablement
Design innovative customer experiences that deepen engagement
Lead educational workshops & live events
Facilitate dynamic live and virtual training sessions tailored to diverse audiences
Partner with curriculum team while owning customization and delivery for your customers
Create memorable learning experiences that inspire action and drive adoption
Continuously improve & collaborate
Refine materials based on customer feedback and adoption data
Work cross-functionally to understand evolving customer needs
Identify gaps and champion new training opportunities
Build deep relationships with customer stakeholders and executive sponsors
⭐️ What you need
Customer success & activation expertise
At least 5 years of proven track record owning activation success and driving measurable adoption outcomes
Deep experience understanding customer use cases: you discover, map, and leverage specific workflows and business objectives
Experience implementing activation strategies: champion programs, office hours, dashboards, and workshops
Success building advocate networks and power user communities
Ability to connect platform usage to business outcomes and articulate ROI
AI & technical proficiency
Ability to scope, design, and deliver custom solutions and demos tailored to customer use cases, working hands-on alongside business stakeholders
Comfortable understanding technical concepts and communicating them effectively to varied audiences
Ability to demonstrate use cases and articulate business value
Facilitation & education skills
Expertise delivering virtual and live instructor-led workshops
Skilled at tailoring content and delivery to diverse audiences based on their use cases
Ability to partner effectively with curriculum teams while owning customization and delivery
Collaboration & growth
Excellence building relationships with stakeholders at all levels
Strong program management skills and natural advisor mindset
Thrive in fast-paced environments; comfortable with experimentation
Self-aware, feedback-driven, and committed to continuous growth","Enterprise AI adoption lead (UK)

🚀 About WRITER
WRITER is where the world's leading enterprises orchestrate AI-powered work. Our vision is to expand human capacity through superintelligence. And we're proving it's possible – through powerful, trustworthy AI that unites IT and business teams together to unlock enterprise-wide transformation. With WRITER's end-to-end platform, hundreds of companies like Mars, Marriott, Uber, and Vanguard are building and deploying AI agents that are grounded in their company's data and fueled by WRITER's enterprise-grade LLMs. Valued at $1.9B and backed by industry-leading investors including Premji Invest, Radical Ventures, and ICONIQ Growth, WRITER is rapidly cementing its position as the leader in enterprise generative AI.
Founded in 2020 with office hubs in San Francisco, New York City, Seattle, Austin, Chicago, and London, our team thinks big and moves fast, and we're looking for smart, hardworking builders and scalers to join us on our journey to create a better future of work with AI.
📐 About the role
WRITER is looking for a customer success professional who will own deployment and activation success across a customer portfolio. You'll embed deeply into your customers' organizations, understand their business objectives, and build the programs, communities, and frameworks that turn AI investment into measurable outcomes. You'll partner closely with a Transformation lead to identify the right WRITER capabilities for each use case, then design and execute the strategies that drive meaningful adoption: building champion networks, running customized workshops, and advising customers on how to scale their AI programs over time.
The ideal candidate brings a builder's mindset to customer success: you're not waiting for customers to engage, you're creating the conditions for it.
This is a hybrid role based in our London hub.
🦸🏻‍♀️ What you'll do
Own activation and platform success
Deeply understand each customer's specific use cases, business objectives, and success metrics
Build and co-develop custom AI solutions with customers, translating their specific use cases into workflows that drive measurable business impact
Design and execute activation strategies that drive measurable platform adoption and business outcomes
Implement champion programs, office hours, usage dashboards, customized trainings, and workshops
Build champion communities
Create advocate networks and champion communities within customer organizations
Establish power user communities that drive peer-to-peer learning
Train internal customer trainers to scale enablement
Design innovative customer experiences that deepen engagement
Lead educational workshops & live events
Facilitate dynamic live and virtual training sessions tailored to diverse audiences
Partner with curriculum team while owning customization and delivery for your customers
Create memorable learning experiences that inspire action and drive adoption
Continuously improve & collaborate
Refine materials based on customer feedback and adoption data
Work cross-functionally to understand evolving customer needs
Identify gaps and champion new training opportunities
Build deep relationships with customer stakeholders and executive sponsors
⭐️ What you need
Customer success & activation expertise
At least 5 years of proven track record owning activation success and driving measurable adoption outcomes
Deep experience understanding customer use cases: you discover, map, and leverage specific workflows and business objectives
Experience implementing activation strategies: champion programs, office hours, dashboards, and workshops
Success building advocate networks and power user communities
Ability to connect platform usage to business outcomes and articulate ROI
AI & technical proficiency
Ability to scope, design, and deliver custom solutions and demos tailored to customer use cases, working hands-on alongside business stakeholders
Comfortable understanding technical concepts and communicating them effectively to varied audiences
Ability to demonstrate use cases and articulate business value
Facilitation & education skills
Expertise delivering virtual and live instructor-led workshops
Skilled at tailoring content and delivery to diverse audiences based on their use cases
Ability to partner effectively with curriculum teams while owning customization and delivery
Collaboration & growth
Excellence building relationships with stakeholders at all levels
Strong program management skills and natural advisor mindset
Thrive in fast-paced environments; comfortable with experimentation
Self-aware, feedback-driven, and committed to continuous growth
Note
Travel Requirements: 25% domestic and international travel may be required.
🍩 Benefits & perks (UK full-time employees):
Generous PTO, plus company holidays
Comprehensive medical and dental insurance
Paid parental leave for all parents (16 weeks)
Fertility and family planning support
Early-detection cancer testing
through Galleri
Competitive pension scheme and company contribution
Annual work-life stipends for:
Wellness stipend for gym, massage/chiropractor, personal training, etc.
Learning and development stipend
Company-wide off-sites and team off-sites
Competitive compensation and company stock options
Find
Jobs in United Kingdom
on Arbeitnow",,,,not_started,
097687274962463b41a1,nyc_jobs,"Vector-borne Disease Epidemiologist, Bureau of Communicable Diseases",1,"This position is in the Zoonotic and Vector-Borne Disease Unit (ZVDU) within the Bureau of Communicable Disease (BCD). ZVDU is responsible for overseeing the surveillance for reportable, new, high profile, and emerging vector-borne diseases that are reportable in New York City. Vectorborne diseases include, but are not limited to Lyme disease, babesiosis, anaplasmosis, alpha-gal syndrome and certain high-profile diseases such as legionellosis and cyclosporiasis. ZVDU is recruiting an experienced epidemiologist and data analyst to work under the Research Scientist to perform and enhance Lyme disease surveillance as well as contribute to similar efforts for other vectorborne diseases. The person will have experience in epidemiology, data management, and analysis, outreach and education for the public and human and animal health providers, as well as participate in a wide range of activities, with an emphasis on vectorborne diseases, and direct oversight of Lyme disease surveillance. They will be a collaborative partner working closely with the Division of Environmental Health, the Public Health Laboratory, and local, state, and federal partners.

• Assist the Research Scientist II in the development and enhancement of surveillance practices, updating (and developing when needed) disease case investigation protocols and standardized investigation case forms used for tick-borne diseases, • Conduct case investigations and other activities required for routine surveillance of Lyme disease, • Participate in the collection, management and analysis of quality data for research and surveillance purposes, • Conduct quality assurance of data, • Maintain, summarize and report on tick-borne disease data from the BCD surveillance system • Conduct literature reviews of recent and relevant research as it relates to our understanding our diseases of interest, • Work collaboratively with colleagues in Environmental Health and other agencies and organizations, • Participate in ZVDU fieldwork which may include tick dragging as well as other fieldwork opportunities, • Participate in large BCD outbreak investigations as needed, • Supervise seasonal college interns, • Conduct outreach to the medical and veterinary communities, • Participate in agency-wide response activations as needed Preferred Skills: • Experience with disease surveillance, infectious diseases, and database management • Ability to work independently and in teams to collect and analyze data, including leading outbreak and cluster investigations • Excellent written and verbal communication skills with the ability to interpret data and convey concepts clearly and concisely • Proficiency with SAS (programming and analysis) or other analytic software, Adobe Acrobat, and MS Office software; ability to learn new data systems quickly, document in the data systems, and comply with data integrity and security to safeguard all personal identifiable information • Flexibility and adaptability are key attributes for this position; candidates should be highly organized with the ability to manage multiple simultaneous projects Why you should work for us: - Loan Forgiveness: As a prospective employee of the City of New York, you may be eligible for federal/state loan forgiveness and repayment assistance programs that lessen your payments or even fully forgive your full balance. For more information, please visit the U.S. Department of Education’s website (https://studentaid.gov/pslf/) - Benefits: City employees are entitled to unmatched benefits such as: o a premium-free health insurance plan that saves employees over $10K annually, per a 2024 assessment. o additional health, fitness, and financial benefits may be available based on the position’s associated union/benefit fund. o a public sector defined benefit pension plan with steady monthly payments in retirement. o a tax-deferred savings program and o a robust Worksite Wellness Program that offers resources and opportunities to keep you healthy while serving New Yorkers. - Work From Home Policy: Depending on your position, you may be able to work up to two days during the week from home. - Job Security - you could enjoy more job security compared to private sector employment and be able to contribute to making NYC a healthy place to live and work. Established in 1805, the New York City Department of Health and Mental Hygiene (NYC Health Department) is the oldest and largest health department in the U.S., dedicated to protecting and improving the health of NYC. Our mission is to safeguard the health of every resident and cultivate a city where everyone, regardless of age, background, or location, can achieve their optimal health. We provide a wide array of programs and services focused on food and nutrition, anti-tobacco support, chronic disease prevention, HIV/AIDS treatment, family and child health, environmental health, mental health, and social justice initiatives. As the primary population health strategist and policy authority for NYC, with a rich history of public health initiatives and scientific advancements, from addressing the 1822 yellow fever outbreak to the COVID-19 pandemic, we serve as a global leader in public health innovation and expertise. Come join us and help to continue our efforts in making a difference in the lives of all New Yorkers! Commitment to Equity: The City of New York is an inclusive equal opportunity employer committed to recruiting and retaining a diverse workforce and providing a work environment that is free from discrimination and harassment based upon any legally protected status or protected characteristic, including but not limited to an individual's sex, race, color, ethnicity, national origin, age, religion, disability, sexual orientation, veteran status, gender identity, or pregnancy. The NYC Health Department is an inclusive equal opportunity employer committed to providing access and reasonable accommodation to all individuals. To request reasonable accommodation to participate in the job application or interview process, contact Sye-Eun Ahn, Director of the Office of Equal Employment Opportunity, at sahn1@health.nyc.gov or 347-396-6549.","Vector-borne Disease Epidemiologist, Bureau of Communicable Diseases

The Division of Disease Control’s mission is to safeguard the health of New Yorkers through identification, surveillance, treatment, control, and prevention of infectious diseases, which is achieved through varied and interrelated endeavors of its seven Bureaus. The Bureau of Communicable Disease (BCD), part of the Division of Disease Control, is responsible for the surveillance, prevention, and control of over 70 infectious diseases including foodborne, enteric, waterborne, respiratory (including COVID-19), zoonotic, and vector-borne diseases. Position Summary: This position is in the Zoonotic and Vector-Borne Disease Unit (ZVDU) within the Bureau of Communicable Disease (BCD). ZVDU is responsible for overseeing the surveillance for reportable, new, high profile, and emerging vector-borne diseases that are reportable in New York City. Vectorborne diseases include, but are not limited to Lyme disease, babesiosis, anaplasmosis, alpha-gal syndrome and certain high-profile diseases such as legionellosis and cyclosporiasis. ZVDU is recruiting an experienced epidemiologist and data analyst to work under the Research Scientist to perform and enhance Lyme disease surveillance as well as contribute to similar efforts for other vectorborne diseases. The person will have experience in epidemiology, data management, and analysis, outreach and education for the public and human and animal health providers, as well as participate in a wide range of activities, with an emphasis on vectorborne diseases, and direct oversight of Lyme disease surveillance. They will be a collaborative partner working closely with the Division of Environmental Health, the Public Health Laboratory, and local, state, and federal partners. Job Duties and Responsibilities: • Assist the Research Scientist II in the development and enhancement of surveillance practices, updating (and developing when needed) disease case investigation protocols and standardized investigation case forms used for tick-borne diseases, • Conduct case investigations and other activities required for routine surveillance of Lyme disease, • Participate in the collection, management and analysis of quality data for research and surveillance purposes, • Conduct quality assurance of data, • Maintain, summarize and report on tick-borne disease data from the BCD surveillance system • Conduct literature reviews of recent and relevant research as it relates to our understanding our diseases of interest, • Work collaboratively with colleagues in Environmental Health and other agencies and organizations, • Participate in ZVDU fieldwork which may include tick dragging as well as other fieldwork opportunities, • Participate in large BCD outbreak investigations as needed, • Supervise seasonal college interns, • Conduct outreach to the medical and veterinary communities, • Participate in agency-wide response activations as needed Preferred Skills: • Experience with disease surveillance, infectious diseases, and database management • Ability to work independently and in teams to collect and analyze data, including leading outbreak and cluster investigations • Excellent written and verbal communication skills with the ability to interpret data and convey concepts clearly and concisely • Proficiency with SAS (programming and analysis) or other analytic software, Adobe Acrobat, and MS Office software; ability to learn new data systems quickly, document in the data systems, and comply with data integrity and security to safeguard all personal identifiable information • Flexibility and adaptability are key attributes for this position; candidates should be highly organized with the ability to manage multiple simultaneous projects Why you should work for us: - Loan Forgiveness: As a prospective employee of the City of New York, you may be eligible for federal/state loan forgiveness and repayment assistance programs that lessen your payments or even fully forgive your full balance. For more information, please visit the U.S. Department of Education’s website (https://studentaid.gov/pslf/) - Benefits: City employees are entitled to unmatched benefits such as: o a premium-free health insurance plan that saves employees over $10K annually, per a 2024 assessment. o additional health, fitness, and financial benefits may be available based on the position’s associated union/benefit fund. o a public sector defined benefit pension plan with steady monthly payments in retirement. o a tax-deferred savings program and o a robust Worksite Wellness Program that offers resources and opportunities to keep you healthy while serving New Yorkers. - Work From Home Policy: Depending on your position, you may be able to work up to two days during the week from home. - Job Security - you could enjoy more job security compared to private sector employment and be able to contribute to making NYC a healthy place to live and work. Established in 1805, the New York City Department of Health and Mental Hygiene (NYC Health Department) is the oldest and largest health department in the U.S., dedicated to protecting and improving the health of NYC. Our mission is to safeguard the health of every resident and cultivate a city where everyone, regardless of age, background, or location, can achieve their optimal health. We provide a wide array of programs and services focused on food and nutrition, anti-tobacco support, chronic disease prevention, HIV/AIDS treatment, family and child health, environmental health, mental health, and social justice initiatives. As the primary population health strategist and policy authority for NYC, with a rich history of public health initiatives and scientific advancements, from addressing the 1822 yellow fever outbreak to the COVID-19 pandemic, we serve as a global leader in public health innovation and expertise. Come join us and help to continue our efforts in making a difference in the lives of all New Yorkers! Commitment to Equity: The City of New York is an inclusive equal opportunity employer committed to recruiting and retaining a diverse workforce and providing a work environment that is free from discrimination and harassment based upon any legally protected status or protected characteristic, including but not limited to an individual's sex, race, color, ethnicity, national origin, age, religion, disability, sexual orientation, veteran status, gender identity, or pregnancy. The NYC Health Department is an inclusive equal opportunity employer committed to providing access and reasonable accommodation to all individuals. To request reasonable accommodation to participate in the job application or interview process, contact Sye-Eun Ahn, Director of the Office of Equal Employment Opportunity, at sahn1@health.nyc.gov or 347-396-6549.

1. For Assignment Level I (only physical, biological and environmental sciences and public health) A master's degree from an accredited college or university with a specialization in an appropriate field of physical, biological or environmental science or in public health. To be appointed to Assignment Level II and above, candidates must have: 1. A doctorate degree from an accredited college or university with specialization in an appropriate field of physical, biological, environmental or social science and one year of full-time experience in a responsible supervisory, administrative or research capacity in the appropriate field of specialization; or 2. A master's degree from an accredited college or university with specialization in an appropriate field of physical, biological, environmental or social science and three years of responsible full-time research experience in the appropriate field of specialization; or 3. Education and/or experience which is equivalent to ""1"" or ""2"" above. However, all candidates must have at least a master's degree in an appropriate field of specialization and at least two years of experience described in ""2"" above. Two years as a City Research Scientist Level I can be substituted for the experience required in ""1"" and ""2"" above. NOTE: Probationary Period Appointments to this position are subject to a minimum probationary period of one year.",,,,not_started,
dc4ffbc270be451c9891,arbeitnow,Founders Associate - Engagement Innovation (all genders),1,"Work directly with the founders as a thinking partner on what makes JustPlay exciting to play
Embed across product teams to find opportunities — not to run them
Maintain a constant flow of ideas, from single-line copy changes to entirely new mechanics
Tear down the world's most engaging consumer apps and translate what works there into what could work here
Turn ideas into things people can act on: a sharp one-pager, a mock, a test plan — whatever gets it moving fastest
Push ideas through to launch by making yourself useful to the teams shipping them
Measure what happens, tell the truth about it, and scale or kill accordingly
Build our collective instinct for engagement, so the whole company gets better at this over time
Job Requirements
Exceptional consumer instincts: you can tell why something is fun or addictive, not just that it is
Extremely high agency: you find the problem, propose the answer, and chase it until it's live, without being assigned it
A genuine obsession with engagement mechanics in top B2C products such as games, social, commerce, or education
Evidence that your ideas have shipped and moved a number, however small the idea was
Fluency with data: you can read an experiment result honestly, including when it kills your favourite idea
You write and speak clearly enough to sell an idea to a founder and an engineer in the same afternoon
Comfortable being the newest voice in a room of people who know the product better than you and disagreeing anyway
You communicate fluently in English, both written and spoken","Founders Associate - Engagement Innovation (all genders)

JustPlay is looking for an experienced and business-oriented
Founders Associate - Engagement Innovation
to help us make JustPlay app ecosystem dramatically more fun, exciting and engaging.
You'll work directly with our founders across every product team, constantly looking for ideas that make users want to click, play, win, explore and come back.
We're not looking for someone to manage roadmaps or introduce more product processes. We're looking for someone with exceptional consumer instincts, extremely high agency and an obsession with the mechanics behind the world's most engaging B2C products.
You should be the kind of person who opens an app like TikTok, Temu, MONOPOLY GO!, Duolingo or Whatnot and immediately starts dissecting why it works and how those ideas could be applied somewhere completely different.
Some of your ideas may become major features. Others might be a different CTA, a more exciting reward reveal, a new event, better framing of a prize, or an experiment we can ship next week.
We care much more about the impact of an idea than its complexity.
Job Responsibilities
Work directly with the founders as a thinking partner on what makes JustPlay exciting to play
Embed across product teams to find opportunities — not to run them
Maintain a constant flow of ideas, from single-line copy changes to entirely new mechanics
Tear down the world's most engaging consumer apps and translate what works there into what could work here
Turn ideas into things people can act on: a sharp one-pager, a mock, a test plan — whatever gets it moving fastest
Push ideas through to launch by making yourself useful to the teams shipping them
Measure what happens, tell the truth about it, and scale or kill accordingly
Build our collective instinct for engagement, so the whole company gets better at this over time
Job Requirements
Exceptional consumer instincts: you can tell why something is fun or addictive, not just that it is
Extremely high agency: you find the problem, propose the answer, and chase it until it's live, without being assigned it
A genuine obsession with engagement mechanics in top B2C products such as games, social, commerce, or education
Evidence that your ideas have shipped and moved a number, however small the idea was
Fluency with data: you can read an experiment result honestly, including when it kills your favourite idea
You write and speak clearly enough to sell an idea to a founder and an engineer in the same afternoon
Comfortable being the newest voice in a room of people who know the product better than you and disagreeing anyway
You communicate fluently in English, both written and spoken
Nice to Have
Casual, hyper-casual, or rewarded mobile gaming experience
Background in LiveOps: events, seasons, progression, economies, or meta design
Hands-on experimentation experience: you've designed and read A/B tests
Enough technical or design literacy to mock something up yourself rather than describe it
Familiarity with loyalty and rewards mechanics, or the mobile advertising landscape
Job benefits
Work-Life Balance and Flexibility
: Flexible working hours and options for digital nomads, occasional office visitors, or regular office-goers
Mental Health Support
: Free personal coaching through our partner

nilo.health
to support our team members to live fulfilled lives at home and at work
Training & Development
: A competitive personal development budget of up to 2000€/year for training, conferences, workshops, etc. and free language tutoring in German and English with
Preply
Germany-Based Benefits
: 25 vacation days, free

Wellhub
gold subscription, free monthly Deutschland-Ticket, and a monthly €50 tax-free internet contribution
State-of-the-Art Equipment
: Doesn’t matter if you are a MacBook or Windows user; we will provide you with the technical gear you need to succeed
A Relocation Package
: Includes visa support for those who need it
Berlin Office Perks
: Ergonomic setup, free daily lunch, and a dog-friendly environment.
Engaging and Diverse Work Environment:
Join a diverse team, with over 30 nationalities working from over 25 different locations
* Benefits may vary depending on location and contract type. Do not hesitate to ask us about more details on our benefits offer.
Find
Jobs in Germany
on Arbeitnow",,,,not_started,
